[cache-task] level=detail phase=begin cache=dc_cache op=lookup enter_time=21 ns request_type=DC_LOOKUP task_id=1 msg_type=DC_LOOKUP device_id=10 iova=0x10000
[cache-task] level=detail phase=begin cache=pc_cache op=lookup enter_time=21 ns request_type=PC_LOOKUP task_id=1 msg_type=PC_LOOKUP device_id=10 iova=0x10000
[cache-task] level=detail phase=end cache=dc_cache op=lookup enter_time=21 ns done_time=25 ns request_type=DC_LOOKUP task_id=1 msg_type=DC_LOOKUP device_id=10 iova=0x10000 hit=0 affected=0 exec_latency=4 ns total_latency=4 ns
[cache-task] level=detail phase=begin cache=dc_cache op=lookup enter_time=25 ns request_type=DC_LOOKUP task_id=2 msg_type=DC_LOOKUP device_id=10 iova=0x10200
[cache-task] level=detail phase=end cache=pc_cache op=lookup enter_time=21 ns done_time=25 ns request_type=PC_LOOKUP task_id=1 msg_type=PC_LOOKUP device_id=10 iova=0x10000 hit=0 affected=0 exec_latency=4 ns total_latency=4 ns
[cache-task] level=detail phase=begin cache=pc_cache op=lookup enter_time=25 ns request_type=PC_LOOKUP task_id=2 msg_type=PC_LOOKUP device_id=10 iova=0x10200
[cache-task] level=detail phase=end cache=dc_cache op=lookup enter_time=25 ns done_time=29 ns request_type=DC_LOOKUP task_id=2 msg_type=DC_LOOKUP device_id=10 iova=0x10200 hit=0 affected=0 exec_latency=4 ns total_latency=4 ns
[cache-task] level=detail phase=begin cache=dc_cache op=lookup enter_time=29 ns request_type=DC_LOOKUP task_id=3 msg_type=DC_LOOKUP device_id=10 iova=0x10400
[cache-task] level=detail phase=end cache=pc_cache op=lookup enter_time=25 ns done_time=29 ns request_type=PC_LOOKUP task_id=2 msg_type=PC_LOOKUP device_id=10 iova=0x10200 hit=0 affected=0 exec_latency=4 ns total_latency=4 ns
[cache-task] level=detail phase=begin cache=pc_cache op=lookup enter_time=29 ns request_type=PC_LOOKUP task_id=3 msg_type=PC_LOOKUP device_id=10 iova=0x10400
[cache-task] level=detail phase=end cache=pc_cache op=lookup enter_time=29 ns done_time=33 ns request_type=PC_LOOKUP task_id=3 msg_type=PC_LOOKUP device_id=10 iova=0x10400 hit=0 affected=0 exec_latency=4 ns total_latency=4 ns
[cache-task] level=detail phase=begin cache=pc_cache op=lookup enter_time=33 ns request_type=PC_LOOKUP task_id=4 msg_type=PC_LOOKUP device_id=10 iova=0x10600
[cache-task] level=detail phase=end cache=dc_cache op=lookup enter_time=29 ns done_time=33 ns request_type=DC_LOOKUP task_id=3 msg_type=DC_LOOKUP device_id=10 iova=0x10400 hit=0 affected=0 exec_latency=4 ns total_latency=4 ns
[cache-task] level=detail phase=begin cache=dc_cache op=lookup enter_time=33 ns request_type=DC_LOOKUP task_id=4 msg_type=DC_LOOKUP device_id=10 iova=0x10600
[cache-task] level=detail phase=end cache=dc_cache op=lookup enter_time=33 ns done_time=37 ns request_type=DC_LOOKUP task_id=4 msg_type=DC_LOOKUP device_id=10 iova=0x10600 hit=0 affected=0 exec_latency=4 ns total_latency=4 ns
[cache-task] level=detail phase=begin cache=dc_cache op=lookup enter_time=37 ns request_type=DC_LOOKUP task_id=5 msg_type=DC_LOOKUP device_id=10 iova=0x10800
[cache-task] level=detail phase=end cache=pc_cache op=lookup enter_time=33 ns done_time=37 ns request_type=PC_LOOKUP task_id=4 msg_type=PC_LOOKUP device_id=10 iova=0x10600 hit=0 affected=0 exec_latency=4 ns total_latency=4 ns
[cache-task] level=detail phase=begin cache=pc_cache op=lookup enter_time=37 ns request_type=PC_LOOKUP task_id=5 msg_type=PC_LOOKUP device_id=10 iova=0x10800
[cache-task] level=detail phase=begin cache=dc_cache op=update enter_time=39 ns request_type=DC_UPDATE task_id=1 msg_type=DC_UPDATE device_id=10
[cache-task] level=detail phase=begin cache=pt_cache op=lookup enter_time=39 ns request_type=PT_LOOKUP task_id=1 msg_type=PT_LOOKUP stage=STAGE1_ONLY iova=0x10000
[cache-task] level=detail phase=end cache=dc_cache op=lookup enter_time=37 ns done_time=41 ns request_type=DC_LOOKUP task_id=5 msg_type=DC_LOOKUP device_id=10 iova=0x10800 hit=0 affected=0 exec_latency=4 ns total_latency=4 ns
[cache-task] level=detail phase=begin cache=dc_cache op=lookup enter_time=41 ns request_type=DC_LOOKUP task_id=6 msg_type=DC_LOOKUP device_id=10 iova=0x10a00
[cache-task] level=detail phase=end cache=pc_cache op=lookup enter_time=37 ns done_time=41 ns request_type=PC_LOOKUP task_id=5 msg_type=PC_LOOKUP device_id=10 iova=0x10800 hit=0 affected=0 exec_latency=4 ns total_latency=4 ns
[cache-task] level=detail phase=begin cache=pc_cache op=lookup enter_time=41 ns request_type=PC_LOOKUP task_id=6 msg_type=PC_LOOKUP device_id=10 iova=0x10a00
[cache-task] level=detail phase=end cache=pt_cache op=lookup enter_time=39 ns done_time=43 ns request_type=PT_LOOKUP task_id=1 msg_type=PT_LOOKUP stage=STAGE1_ONLY iova=0x10000 hit=0 affected=0 exec_latency=4 ns total_latency=4 ns
[cache-task] level=detail phase=begin cache=walker_cache op=lookup enter_time=44 ns request_type=WALKER_LOOKUP task_id=1 msg_type=WALKER_LOOKUP stage=STAGE1_AND_2 iova=0x10000
[cache-task] level=detail phase=end cache=pc_cache op=lookup enter_time=41 ns done_time=45 ns request_type=PC_LOOKUP task_id=6 msg_type=PC_LOOKUP device_id=10 iova=0x10a00 hit=0 affected=0 exec_latency=4 ns total_latency=4 ns
[cache-task] level=detail phase=begin cache=pc_cache op=lookup enter_time=45 ns request_type=PC_LOOKUP task_id=7 msg_type=PC_LOOKUP device_id=10 iova=0x10c00
[cache-task] level=detail phase=end cache=dc_cache op=update enter_time=39 ns done_time=47 ns request_type=DC_UPDATE task_id=1 msg_type=DC_UPDATE device_id=10 hit=0 affected=0 exec_latency=0 s total_latency=8 ns
[cache-task] level=detail phase=end cache=pc_cache op=lookup enter_time=45 ns done_time=49 ns request_type=PC_LOOKUP task_id=7 msg_type=PC_LOOKUP device_id=10 iova=0x10c00 hit=0 affected=0 exec_latency=4 ns total_latency=4 ns
[cache-task] level=detail phase=begin cache=dc_cache op=update enter_time=49 ns request_type=DC_UPDATE task_id=2 msg_type=DC_UPDATE device_id=10
[cache-task] level=detail phase=begin cache=pt_cache op=lookup enter_time=49 ns request_type=PT_LOOKUP task_id=2 msg_type=PT_LOOKUP stage=STAGE1_ONLY iova=0x10200
[cache-task] level=detail phase=end cache=dc_cache op=lookup enter_time=41 ns done_time=51 ns request_type=DC_LOOKUP task_id=6 msg_type=DC_LOOKUP device_id=10 iova=0x10a00 hit=1 affected=0 exec_latency=4 ns total_latency=10 ns
[cache-task] level=detail phase=begin cache=dc_cache op=lookup enter_time=51 ns request_type=DC_LOOKUP task_id=7 msg_type=DC_LOOKUP device_id=10 iova=0x10c00
[cache-task] level=detail phase=begin cache=pc_cache op=lookup enter_time=51 ns request_type=PC_LOOKUP task_id=8 msg_type=PC_LOOKUP device_id=10 iova=0x10e00
[cache-task] level=detail phase=end cache=walker_cache op=lookup enter_time=44 ns done_time=52 ns request_type=WALKER_LOOKUP task_id=1 msg_type=WALKER_LOOKUP stage=STAGE1_AND_2 iova=0x10000 hit=0 affected=0 exec_latency=8 ns total_latency=8 ns
[cache-task] level=detail phase=end cache=pt_cache op=lookup enter_time=49 ns done_time=53 ns request_type=PT_LOOKUP task_id=2 msg_type=PT_LOOKUP stage=STAGE1_ONLY iova=0x10200 hit=0 affected=0 exec_latency=4 ns total_latency=4 ns
[cache-task] level=detail phase=begin cache=pt_cache op=lookup enter_time=53 ns request_type=PT_LOOKUP task_id=6 msg_type=PT_LOOKUP stage=STAGE1_ONLY iova=0x10a00
[cache-task] level=detail phase=begin cache=walker_cache op=lookup enter_time=54 ns request_type=WALKER_LOOKUP task_id=2 msg_type=WALKER_LOOKUP stage=STAGE1_AND_2 iova=0x10200
[cache-task] level=detail phase=end cache=pc_cache op=lookup enter_time=51 ns done_time=55 ns request_type=PC_LOOKUP task_id=8 msg_type=PC_LOOKUP device_id=10 iova=0x10e00 hit=0 affected=0 exec_latency=4 ns total_latency=4 ns
[cache-task] level=detail phase=end cache=dc_cache op=update enter_time=49 ns done_time=56 ns request_type=DC_UPDATE task_id=2 msg_type=DC_UPDATE device_id=10 hit=0 affected=0 exec_latency=0 s total_latency=7 ns
[cache-task] level=detail phase=end cache=pt_cache op=lookup enter_time=53 ns done_time=57 ns request_type=PT_LOOKUP task_id=6 msg_type=PT_LOOKUP stage=STAGE1_ONLY iova=0x10a00 hit=0 affected=0 exec_latency=4 ns total_latency=4 ns
[cache-task] level=detail phase=begin cache=dc_cache op=update enter_time=59 ns request_type=DC_UPDATE task_id=3 msg_type=DC_UPDATE device_id=10
[cache-task] level=detail phase=begin cache=pt_cache op=lookup enter_time=59 ns request_type=PT_LOOKUP task_id=3 msg_type=PT_LOOKUP stage=STAGE1_ONLY iova=0x10400
[cache-task] level=detail phase=end cache=dc_cache op=lookup enter_time=51 ns done_time=60 ns request_type=DC_LOOKUP task_id=7 msg_type=DC_LOOKUP device_id=10 iova=0x10c00 hit=1 affected=0 exec_latency=4 ns total_latency=9 ns
[cache-task] level=detail phase=begin cache=dc_cache op=lookup enter_time=60 ns request_type=DC_LOOKUP task_id=8 msg_type=DC_LOOKUP device_id=10 iova=0x10e00
[cache-task] level=detail phase=end cache=walker_cache op=lookup enter_time=54 ns done_time=62 ns request_type=WALKER_LOOKUP task_id=2 msg_type=WALKER_LOOKUP stage=STAGE1_AND_2 iova=0x10200 hit=0 affected=0 exec_latency=8 ns total_latency=8 ns
[cache-task] level=detail phase=end cache=pt_cache op=lookup enter_time=59 ns done_time=63 ns request_type=PT_LOOKUP task_id=3 msg_type=PT_LOOKUP stage=STAGE1_ONLY iova=0x10400 hit=0 affected=0 exec_latency=4 ns total_latency=4 ns
[cache-task] level=detail phase=begin cache=pt_cache op=lookup enter_time=63 ns request_type=PT_LOOKUP task_id=7 msg_type=PT_LOOKUP stage=STAGE1_ONLY iova=0x10c00
[cache-task] level=detail phase=begin cache=walker_cache op=lookup enter_time=63 ns request_type=WALKER_LOOKUP task_id=6 msg_type=WALKER_LOOKUP stage=STAGE1_AND_2 iova=0x10a00
[cache-task] level=detail phase=end cache=dc_cache op=update enter_time=59 ns done_time=65 ns request_type=DC_UPDATE task_id=3 msg_type=DC_UPDATE device_id=10 hit=0 affected=0 exec_latency=0 s total_latency=6 ns
[cache-task] level=detail phase=end cache=pt_cache op=lookup enter_time=63 ns done_time=67 ns request_type=PT_LOOKUP task_id=7 msg_type=PT_LOOKUP stage=STAGE1_ONLY iova=0x10c00 hit=0 affected=0 exec_latency=4 ns total_latency=4 ns
[cache-task] level=detail phase=end cache=dc_cache op=lookup enter_time=60 ns done_time=69 ns request_type=DC_LOOKUP task_id=8 msg_type=DC_LOOKUP device_id=10 iova=0x10e00 hit=1 affected=0 exec_latency=4 ns total_latency=9 ns
[cache-task] level=detail phase=begin cache=dc_cache op=update enter_time=69 ns request_type=DC_UPDATE task_id=4 msg_type=DC_UPDATE device_id=10
[cache-task] level=detail phase=begin cache=pt_cache op=lookup enter_time=69 ns request_type=PT_LOOKUP task_id=4 msg_type=PT_LOOKUP stage=STAGE1_ONLY iova=0x10600
[cache-task] level=detail phase=end cache=walker_cache op=lookup enter_time=63 ns done_time=71 ns request_type=WALKER_LOOKUP task_id=6 msg_type=WALKER_LOOKUP stage=STAGE1_AND_2 iova=0x10a00 hit=0 affected=0 exec_latency=8 ns total_latency=8 ns
[cache-task] level=detail phase=begin cache=walker_cache op=lookup enter_time=72 ns request_type=WALKER_LOOKUP task_id=3 msg_type=WALKER_LOOKUP stage=STAGE1_AND_2 iova=0x10400
[cache-task] level=detail phase=end cache=pt_cache op=lookup enter_time=69 ns done_time=73 ns request_type=PT_LOOKUP task_id=4 msg_type=PT_LOOKUP stage=STAGE1_ONLY iova=0x10600 hit=0 affected=0 exec_latency=4 ns total_latency=4 ns
[cache-task] level=detail phase=begin cache=pt_cache op=lookup enter_time=73 ns request_type=PT_LOOKUP task_id=8 msg_type=PT_LOOKUP stage=STAGE1_ONLY iova=0x10e00
[cache-task] level=detail phase=end cache=dc_cache op=update enter_time=69 ns done_time=74 ns request_type=DC_UPDATE task_id=4 msg_type=DC_UPDATE device_id=10 hit=0 affected=0 exec_latency=0 s total_latency=5 ns
[cache-task] level=detail phase=begin cache=dc_cache op=lookup enter_time=76 ns request_type=DC_LOOKUP task_id=9 msg_type=DC_LOOKUP device_id=10 iova=0x11000
[cache-task] level=detail phase=begin cache=pc_cache op=lookup enter_time=76 ns request_type=PC_LOOKUP task_id=9 msg_type=PC_LOOKUP device_id=10 iova=0x11000
[cache-task] level=detail phase=end cache=pt_cache op=lookup enter_time=73 ns done_time=77 ns request_type=PT_LOOKUP task_id=8 msg_type=PT_LOOKUP stage=STAGE1_ONLY iova=0x10e00 hit=0 affected=0 exec_latency=4 ns total_latency=4 ns
[cache-task] level=detail phase=begin cache=dc_cache op=update enter_time=79 ns request_type=DC_UPDATE task_id=5 msg_type=DC_UPDATE device_id=10
[cache-task] level=detail phase=begin cache=pt_cache op=lookup enter_time=79 ns request_type=PT_LOOKUP task_id=5 msg_type=PT_LOOKUP stage=STAGE1_ONLY iova=0x10800
[cache-task] level=detail phase=end cache=pc_cache op=lookup enter_time=76 ns done_time=80 ns request_type=PC_LOOKUP task_id=9 msg_type=PC_LOOKUP device_id=10 iova=0x11000 hit=0 affected=0 exec_latency=4 ns total_latency=4 ns
[cache-task] level=detail phase=begin cache=pc_cache op=lookup enter_time=80 ns request_type=PC_LOOKUP task_id=10 msg_type=PC_LOOKUP device_id=10 iova=0x11200
[cache-task] level=detail phase=end cache=walker_cache op=lookup enter_time=72 ns done_time=80 ns request_type=WALKER_LOOKUP task_id=3 msg_type=WALKER_LOOKUP stage=STAGE1_AND_2 iova=0x10400 hit=0 affected=0 exec_latency=8 ns total_latency=8 ns
[cache-task] level=detail phase=end cache=dc_cache op=lookup enter_time=76 ns done_time=80 ns request_type=DC_LOOKUP task_id=9 msg_type=DC_LOOKUP device_id=10 iova=0x11000 hit=1 affected=0 exec_latency=4 ns total_latency=4 ns
[cache-task] level=detail phase=begin cache=dc_cache op=lookup enter_time=80 ns request_type=DC_LOOKUP task_id=10 msg_type=DC_LOOKUP device_id=10 iova=0x11200
[cache-task] level=detail phase=begin cache=walker_cache op=lookup enter_time=81 ns request_type=WALKER_LOOKUP task_id=7 msg_type=WALKER_LOOKUP stage=STAGE1_AND_2 iova=0x10c00
[cache-task] level=detail phase=end cache=pt_cache op=lookup enter_time=79 ns done_time=83 ns request_type=PT_LOOKUP task_id=5 msg_type=PT_LOOKUP stage=STAGE1_ONLY iova=0x10800 hit=0 affected=0 exec_latency=4 ns total_latency=4 ns
[cache-task] level=detail phase=begin cache=pt_cache op=lookup enter_time=83 ns request_type=PT_LOOKUP task_id=9 msg_type=PT_LOOKUP stage=STAGE1_ONLY iova=0x11000
[cache-task] level=detail phase=end cache=pc_cache op=lookup enter_time=80 ns done_time=84 ns request_type=PC_LOOKUP task_id=10 msg_type=PC_LOOKUP device_id=10 iova=0x11200 hit=0 affected=0 exec_latency=4 ns total_latency=4 ns
[cache-task] level=detail phase=begin cache=pc_cache op=lookup enter_time=84 ns request_type=PC_LOOKUP task_id=11 msg_type=PC_LOOKUP device_id=10 iova=0x11400
[cache-task] level=detail phase=end cache=dc_cache op=update enter_time=79 ns done_time=85 ns request_type=DC_UPDATE task_id=5 msg_type=DC_UPDATE device_id=10 hit=0 affected=0 exec_latency=0 s total_latency=6 ns
[cache-task] level=detail phase=end cache=pt_cache op=lookup enter_time=83 ns done_time=87 ns request_type=PT_LOOKUP task_id=9 msg_type=PT_LOOKUP stage=STAGE1_ONLY iova=0x11000 hit=0 affected=0 exec_latency=4 ns total_latency=4 ns
[cache-task] level=detail phase=end cache=pc_cache op=lookup enter_time=84 ns done_time=88 ns request_type=PC_LOOKUP task_id=11 msg_type=PC_LOOKUP device_id=10 iova=0x11400 hit=0 affected=0 exec_latency=4 ns total_latency=4 ns
[cache-task] level=detail phase=end cache=walker_cache op=lookup enter_time=81 ns done_time=89 ns request_type=WALKER_LOOKUP task_id=7 msg_type=WALKER_LOOKUP stage=STAGE1_AND_2 iova=0x10c00 hit=0 affected=0 exec_latency=8 ns total_latency=8 ns
[cache-task] level=detail phase=end cache=dc_cache op=lookup enter_time=80 ns done_time=89 ns request_type=DC_LOOKUP task_id=10 msg_type=DC_LOOKUP device_id=10 iova=0x11200 hit=1 affected=0 exec_latency=4 ns total_latency=9 ns
[cache-task] level=detail phase=begin cache=dc_cache op=lookup enter_time=89 ns request_type=DC_LOOKUP task_id=11 msg_type=DC_LOOKUP device_id=10 iova=0x11400
[cache-task] level=detail phase=begin cache=pc_cache op=lookup enter_time=89 ns request_type=PC_LOOKUP task_id=12 msg_type=PC_LOOKUP device_id=10 iova=0x11600
[cache-task] level=detail phase=begin cache=walker_cache op=lookup enter_time=90 ns request_type=WALKER_LOOKUP task_id=4 msg_type=WALKER_LOOKUP stage=STAGE1_AND_2 iova=0x10600
[cache-task] level=detail phase=begin cache=pt_cache op=lookup enter_time=90 ns request_type=PT_LOOKUP task_id=10 msg_type=PT_LOOKUP stage=STAGE1_ONLY iova=0x11200
[cache-task] level=detail phase=end cache=pc_cache op=lookup enter_time=89 ns done_time=93 ns request_type=PC_LOOKUP task_id=12 msg_type=PC_LOOKUP device_id=10 iova=0x11600 hit=0 affected=0 exec_latency=4 ns total_latency=4 ns
[cache-task] level=detail phase=end cache=dc_cache op=lookup enter_time=89 ns done_time=93 ns request_type=DC_LOOKUP task_id=11 msg_type=DC_LOOKUP device_id=10 iova=0x11400 hit=1 affected=0 exec_latency=4 ns total_latency=4 ns
[cache-task] level=detail phase=begin cache=dc_cache op=lookup enter_time=93 ns request_type=DC_LOOKUP task_id=12 msg_type=DC_LOOKUP device_id=10 iova=0x11600
[cache-task] level=detail phase=begin cache=pc_cache op=lookup enter_time=93 ns request_type=PC_LOOKUP task_id=13 msg_type=PC_LOOKUP device_id=10 iova=0x11800
[cache-task] level=detail phase=end cache=pt_cache op=lookup enter_time=90 ns done_time=94 ns request_type=PT_LOOKUP task_id=10 msg_type=PT_LOOKUP stage=STAGE1_ONLY iova=0x11200 hit=0 affected=0 exec_latency=4 ns total_latency=4 ns
[cache-task] level=detail phase=begin cache=pt_cache op=lookup enter_time=94 ns request_type=PT_LOOKUP task_id=11 msg_type=PT_LOOKUP stage=STAGE1_ONLY iova=0x11400
[cache-task] level=detail phase=end cache=pc_cache op=lookup enter_time=93 ns done_time=97 ns request_type=PC_LOOKUP task_id=13 msg_type=PC_LOOKUP device_id=10 iova=0x11800 hit=0 affected=0 exec_latency=4 ns total_latency=4 ns
[cache-task] level=detail phase=end cache=dc_cache op=lookup enter_time=93 ns done_time=97 ns request_type=DC_LOOKUP task_id=12 msg_type=DC_LOOKUP device_id=10 iova=0x11600 hit=1 affected=0 exec_latency=4 ns total_latency=4 ns
[cache-task] level=detail phase=begin cache=dc_cache op=lookup enter_time=97 ns request_type=DC_LOOKUP task_id=13 msg_type=DC_LOOKUP device_id=10 iova=0x11800
[cache-task] level=detail phase=begin cache=pc_cache op=lookup enter_time=97 ns request_type=PC_LOOKUP task_id=14 msg_type=PC_LOOKUP device_id=10 iova=0x11a00
[cache-task] level=detail phase=end cache=pt_cache op=lookup enter_time=94 ns done_time=98 ns request_type=PT_LOOKUP task_id=11 msg_type=PT_LOOKUP stage=STAGE1_ONLY iova=0x11400 hit=0 affected=0 exec_latency=4 ns total_latency=4 ns
[cache-task] level=detail phase=end cache=walker_cache op=lookup enter_time=90 ns done_time=98 ns request_type=WALKER_LOOKUP task_id=4 msg_type=WALKER_LOOKUP stage=STAGE1_AND_2 iova=0x10600 hit=0 affected=0 exec_latency=8 ns total_latency=8 ns
[cache-task] level=detail phase=begin cache=pt_cache op=lookup enter_time=98 ns request_type=PT_LOOKUP task_id=12 msg_type=PT_LOOKUP stage=STAGE1_ONLY iova=0x11600
[cache-task] level=detail phase=begin cache=walker_cache op=lookup enter_time=99 ns request_type=WALKER_LOOKUP task_id=8 msg_type=WALKER_LOOKUP stage=STAGE1_AND_2 iova=0x10e00
[cache-task] level=detail phase=end cache=pc_cache op=lookup enter_time=97 ns done_time=101 ns request_type=PC_LOOKUP task_id=14 msg_type=PC_LOOKUP device_id=10 iova=0x11a00 hit=0 affected=0 exec_latency=4 ns total_latency=4 ns
[cache-task] level=detail phase=end cache=dc_cache op=lookup enter_time=97 ns done_time=101 ns request_type=DC_LOOKUP task_id=13 msg_type=DC_LOOKUP device_id=10 iova=0x11800 hit=1 affected=0 exec_latency=4 ns total_latency=4 ns
[cache-task] level=detail phase=begin cache=dc_cache op=lookup enter_time=101 ns request_type=DC_LOOKUP task_id=14 msg_type=DC_LOOKUP device_id=10 iova=0x11a00
[cache-task] level=detail phase=begin cache=pc_cache op=lookup enter_time=101 ns request_type=PC_LOOKUP task_id=15 msg_type=PC_LOOKUP device_id=10 iova=0x11c00
[cache-task] level=detail phase=end cache=pt_cache op=lookup enter_time=98 ns done_time=102 ns request_type=PT_LOOKUP task_id=12 msg_type=PT_LOOKUP stage=STAGE1_ONLY iova=0x11600 hit=0 affected=0 exec_latency=4 ns total_latency=4 ns
[cache-task] level=detail phase=begin cache=pt_cache op=lookup enter_time=102 ns request_type=PT_LOOKUP task_id=13 msg_type=PT_LOOKUP stage=STAGE1_ONLY iova=0x11800
[cache-task] level=detail phase=end cache=pc_cache op=lookup enter_time=101 ns done_time=105 ns request_type=PC_LOOKUP task_id=15 msg_type=PC_LOOKUP device_id=10 iova=0x11c00 hit=0 affected=0 exec_latency=4 ns total_latency=4 ns
[cache-task] level=detail phase=end cache=dc_cache op=lookup enter_time=101 ns done_time=105 ns request_type=DC_LOOKUP task_id=14 msg_type=DC_LOOKUP device_id=10 iova=0x11a00 hit=1 affected=0 exec_latency=4 ns total_latency=4 ns
[cache-task] level=detail phase=begin cache=dc_cache op=lookup enter_time=105 ns request_type=DC_LOOKUP task_id=15 msg_type=DC_LOOKUP device_id=10 iova=0x11c00
[cache-task] level=detail phase=begin cache=pc_cache op=lookup enter_time=105 ns request_type=PC_LOOKUP task_id=16 msg_type=PC_LOOKUP device_id=10 iova=0x11e00
[cache-task] level=detail phase=end cache=pt_cache op=lookup enter_time=102 ns done_time=106 ns request_type=PT_LOOKUP task_id=13 msg_type=PT_LOOKUP stage=STAGE1_ONLY iova=0x11800 hit=0 affected=0 exec_latency=4 ns total_latency=4 ns
[cache-task] level=detail phase=begin cache=pt_cache op=lookup enter_time=106 ns request_type=PT_LOOKUP task_id=14 msg_type=PT_LOOKUP stage=STAGE1_ONLY iova=0x11a00
[cache-task] level=detail phase=end cache=walker_cache op=lookup enter_time=99 ns done_time=107 ns request_type=WALKER_LOOKUP task_id=8 msg_type=WALKER_LOOKUP stage=STAGE1_AND_2 iova=0x10e00 hit=0 affected=0 exec_latency=8 ns total_latency=8 ns
[cache-task] level=detail phase=begin cache=walker_cache op=lookup enter_time=108 ns request_type=WALKER_LOOKUP task_id=5 msg_type=WALKER_LOOKUP stage=STAGE1_AND_2 iova=0x10800
[cache-task] level=detail phase=end cache=dc_cache op=lookup enter_time=105 ns done_time=109 ns request_type=DC_LOOKUP task_id=15 msg_type=DC_LOOKUP device_id=10 iova=0x11c00 hit=1 affected=0 exec_latency=4 ns total_latency=4 ns
[cache-task] level=detail phase=begin cache=dc_cache op=lookup enter_time=109 ns request_type=DC_LOOKUP task_id=16 msg_type=DC_LOOKUP device_id=10 iova=0x11e00
[cache-task] level=detail phase=end cache=pc_cache op=lookup enter_time=105 ns done_time=109 ns request_type=PC_LOOKUP task_id=16 msg_type=PC_LOOKUP device_id=10 iova=0x11e00 hit=0 affected=0 exec_latency=4 ns total_latency=4 ns
[cache-task] level=detail phase=end cache=pt_cache op=lookup enter_time=106 ns done_time=110 ns request_type=PT_LOOKUP task_id=14 msg_type=PT_LOOKUP stage=STAGE1_ONLY iova=0x11a00 hit=0 affected=0 exec_latency=4 ns total_latency=4 ns
[cache-task] level=detail phase=begin cache=pt_cache op=lookup enter_time=110 ns request_type=PT_LOOKUP task_id=15 msg_type=PT_LOOKUP stage=STAGE1_ONLY iova=0x11c00
[cache-task] level=detail phase=end cache=dc_cache op=lookup enter_time=109 ns done_time=113 ns request_type=DC_LOOKUP task_id=16 msg_type=DC_LOOKUP device_id=10 iova=0x11e00 hit=1 affected=0 exec_latency=4 ns total_latency=4 ns
[cache-task] level=detail phase=end cache=pt_cache op=lookup enter_time=110 ns done_time=114 ns request_type=PT_LOOKUP task_id=15 msg_type=PT_LOOKUP stage=STAGE1_ONLY iova=0x11c00 hit=0 affected=0 exec_latency=4 ns total_latency=4 ns
[cache-task] level=detail phase=end cache=walker_cache op=lookup enter_time=108 ns done_time=116 ns request_type=WALKER_LOOKUP task_id=5 msg_type=WALKER_LOOKUP stage=STAGE1_AND_2 iova=0x10800 hit=0 affected=0 exec_latency=8 ns total_latency=8 ns
[cache-task] level=detail phase=begin cache=pt_cache op=lookup enter_time=116 ns request_type=PT_LOOKUP task_id=16 msg_type=PT_LOOKUP stage=STAGE1_ONLY iova=0x11e00
[cache-task] level=detail phase=begin cache=walker_cache op=lookup enter_time=117 ns request_type=WALKER_LOOKUP task_id=9 msg_type=WALKER_LOOKUP stage=STAGE1_AND_2 iova=0x11000
[cache-task] level=detail phase=end cache=pt_cache op=lookup enter_time=116 ns done_time=120 ns request_type=PT_LOOKUP task_id=16 msg_type=PT_LOOKUP stage=STAGE1_ONLY iova=0x11e00 hit=0 affected=0 exec_latency=4 ns total_latency=4 ns
[cache-task] level=detail phase=end cache=walker_cache op=lookup enter_time=117 ns done_time=125 ns request_type=WALKER_LOOKUP task_id=9 msg_type=WALKER_LOOKUP stage=STAGE1_AND_2 iova=0x11000 hit=0 affected=0 exec_latency=8 ns total_latency=8 ns
[cache-task] level=detail phase=begin cache=walker_cache op=lookup enter_time=126 ns request_type=WALKER_LOOKUP task_id=10 msg_type=WALKER_LOOKUP stage=STAGE1_AND_2 iova=0x11200
[cache-task] level=detail phase=begin cache=dc_cache op=lookup enter_time=131 ns request_type=DC_LOOKUP task_id=17 msg_type=DC_LOOKUP device_id=10 iova=0x12000
[cache-task] level=detail phase=begin cache=pc_cache op=lookup enter_time=131 ns request_type=PC_LOOKUP task_id=17 msg_type=PC_LOOKUP device_id=10 iova=0x12000
[cache-task] level=detail phase=end cache=walker_cache op=lookup enter_time=126 ns done_time=134 ns request_type=WALKER_LOOKUP task_id=10 msg_type=WALKER_LOOKUP stage=STAGE1_AND_2 iova=0x11200 hit=0 affected=0 exec_latency=8 ns total_latency=8 ns
[cache-task] level=detail phase=end cache=pc_cache op=lookup enter_time=131 ns done_time=135 ns request_type=PC_LOOKUP task_id=17 msg_type=PC_LOOKUP device_id=10 iova=0x12000 hit=0 affected=0 exec_latency=4 ns total_latency=4 ns
[cache-task] level=detail phase=begin cache=pc_cache op=lookup enter_time=135 ns request_type=PC_LOOKUP task_id=18 msg_type=PC_LOOKUP device_id=10 iova=0x12200
[cache-task] level=detail phase=end cache=dc_cache op=lookup enter_time=131 ns done_time=135 ns request_type=DC_LOOKUP task_id=17 msg_type=DC_LOOKUP device_id=10 iova=0x12000 hit=1 affected=0 exec_latency=4 ns total_latency=4 ns
[cache-task] level=detail phase=begin cache=dc_cache op=lookup enter_time=135 ns request_type=DC_LOOKUP task_id=18 msg_type=DC_LOOKUP device_id=10 iova=0x12200
[cache-task] level=detail phase=begin cache=walker_cache op=lookup enter_time=135 ns request_type=WALKER_LOOKUP task_id=11 msg_type=WALKER_LOOKUP stage=STAGE1_AND_2 iova=0x11400
[cache-task] level=detail phase=begin cache=pt_cache op=lookup enter_time=136 ns request_type=PT_LOOKUP task_id=17 msg_type=PT_LOOKUP stage=STAGE1_ONLY iova=0x12000
[cache-task] level=detail phase=end cache=pc_cache op=lookup enter_time=135 ns done_time=139 ns request_type=PC_LOOKUP task_id=18 msg_type=PC_LOOKUP device_id=10 iova=0x12200 hit=0 affected=0 exec_latency=4 ns total_latency=4 ns
[cache-task] level=detail phase=begin cache=pc_cache op=lookup enter_time=139 ns request_type=PC_LOOKUP task_id=19 msg_type=PC_LOOKUP device_id=10 iova=0x12400
[cache-task] level=detail phase=end cache=dc_cache op=lookup enter_time=135 ns done_time=139 ns request_type=DC_LOOKUP task_id=18 msg_type=DC_LOOKUP device_id=10 iova=0x12200 hit=1 affected=0 exec_latency=4 ns total_latency=4 ns
[cache-task] level=detail phase=begin cache=dc_cache op=lookup enter_time=139 ns request_type=DC_LOOKUP task_id=19 msg_type=DC_LOOKUP device_id=10 iova=0x12400
[cache-task] level=detail phase=end cache=pt_cache op=lookup enter_time=136 ns done_time=140 ns request_type=PT_LOOKUP task_id=17 msg_type=PT_LOOKUP stage=STAGE1_ONLY iova=0x12000 hit=0 affected=0 exec_latency=4 ns total_latency=4 ns
[cache-task] level=detail phase=begin cache=pt_cache op=lookup enter_time=140 ns request_type=PT_LOOKUP task_id=18 msg_type=PT_LOOKUP stage=STAGE1_ONLY iova=0x12200
[cache-task] level=detail phase=end cache=walker_cache op=lookup enter_time=135 ns done_time=143 ns request_type=WALKER_LOOKUP task_id=11 msg_type=WALKER_LOOKUP stage=STAGE1_AND_2 iova=0x11400 hit=0 affected=0 exec_latency=8 ns total_latency=8 ns
[cache-task] level=detail phase=end cache=dc_cache op=lookup enter_time=139 ns done_time=143 ns request_type=DC_LOOKUP task_id=19 msg_type=DC_LOOKUP device_id=10 iova=0x12400 hit=1 affected=0 exec_latency=4 ns total_latency=4 ns
[cache-task] level=detail phase=begin cache=dc_cache op=lookup enter_time=143 ns request_type=DC_LOOKUP task_id=20 msg_type=DC_LOOKUP device_id=10 iova=0x12600
[cache-task] level=detail phase=end cache=pc_cache op=lookup enter_time=139 ns done_time=143 ns request_type=PC_LOOKUP task_id=19 msg_type=PC_LOOKUP device_id=10 iova=0x12400 hit=0 affected=0 exec_latency=4 ns total_latency=4 ns
[cache-task] level=detail phase=begin cache=pc_cache op=lookup enter_time=143 ns request_type=PC_LOOKUP task_id=20 msg_type=PC_LOOKUP device_id=10 iova=0x12600
[cache-task] level=detail phase=end cache=pt_cache op=lookup enter_time=140 ns done_time=144 ns request_type=PT_LOOKUP task_id=18 msg_type=PT_LOOKUP stage=STAGE1_ONLY iova=0x12200 hit=0 affected=0 exec_latency=4 ns total_latency=4 ns
[cache-task] level=detail phase=begin cache=pt_cache op=lookup enter_time=144 ns request_type=PT_LOOKUP task_id=19 msg_type=PT_LOOKUP stage=STAGE1_ONLY iova=0x12400
[cache-task] level=detail phase=begin cache=walker_cache op=lookup enter_time=144 ns request_type=WALKER_LOOKUP task_id=12 msg_type=WALKER_LOOKUP stage=STAGE1_AND_2 iova=0x11600
[cache-task] level=detail phase=end cache=pc_cache op=lookup enter_time=143 ns done_time=147 ns request_type=PC_LOOKUP task_id=20 msg_type=PC_LOOKUP device_id=10 iova=0x12600 hit=0 affected=0 exec_latency=4 ns total_latency=4 ns
[cache-task] level=detail phase=begin cache=pc_cache op=lookup enter_time=147 ns request_type=PC_LOOKUP task_id=21 msg_type=PC_LOOKUP device_id=10 iova=0x12800
[cache-task] level=detail phase=end cache=dc_cache op=lookup enter_time=143 ns done_time=147 ns request_type=DC_LOOKUP task_id=20 msg_type=DC_LOOKUP device_id=10 iova=0x12600 hit=1 affected=0 exec_latency=4 ns total_latency=4 ns
[cache-task] level=detail phase=begin cache=dc_cache op=lookup enter_time=147 ns request_type=DC_LOOKUP task_id=21 msg_type=DC_LOOKUP device_id=10 iova=0x12800
[cache-task] level=detail phase=end cache=pt_cache op=lookup enter_time=144 ns done_time=148 ns request_type=PT_LOOKUP task_id=19 msg_type=PT_LOOKUP stage=STAGE1_ONLY iova=0x12400 hit=0 affected=0 exec_latency=4 ns total_latency=4 ns
[cache-task] level=detail phase=end cache=dc_cache op=lookup enter_time=147 ns done_time=151 ns request_type=DC_LOOKUP task_id=21 msg_type=DC_LOOKUP device_id=10 iova=0x12800 hit=1 affected=0 exec_latency=4 ns total_latency=4 ns
[cache-task] level=detail phase=begin cache=dc_cache op=lookup enter_time=151 ns request_type=DC_LOOKUP task_id=22 msg_type=DC_LOOKUP device_id=10 iova=0x12a00
[cache-task] level=detail phase=end cache=pc_cache op=lookup enter_time=147 ns done_time=151 ns request_type=PC_LOOKUP task_id=21 msg_type=PC_LOOKUP device_id=10 iova=0x12800 hit=0 affected=0 exec_latency=4 ns total_latency=4 ns
[cache-task] level=detail phase=begin cache=pc_cache op=lookup enter_time=151 ns request_type=PC_LOOKUP task_id=22 msg_type=PC_LOOKUP device_id=10 iova=0x12a00
[cache-task] level=detail phase=end cache=walker_cache op=lookup enter_time=144 ns done_time=152 ns request_type=WALKER_LOOKUP task_id=12 msg_type=WALKER_LOOKUP stage=STAGE1_AND_2 iova=0x11600 hit=0 affected=0 exec_latency=8 ns total_latency=8 ns
[cache-task] level=detail phase=begin cache=pt_cache op=lookup enter_time=152 ns request_type=PT_LOOKUP task_id=20 msg_type=PT_LOOKUP stage=STAGE1_ONLY iova=0x12600
[cache-task] level=detail phase=begin cache=walker_cache op=lookup enter_time=153 ns request_type=WALKER_LOOKUP task_id=13 msg_type=WALKER_LOOKUP stage=STAGE1_AND_2 iova=0x11800
[cache-task] level=detail phase=end cache=dc_cache op=lookup enter_time=151 ns done_time=155 ns request_type=DC_LOOKUP task_id=22 msg_type=DC_LOOKUP device_id=10 iova=0x12a00 hit=1 affected=0 exec_latency=4 ns total_latency=4 ns
[cache-task] level=detail phase=begin cache=dc_cache op=lookup enter_time=155 ns request_type=DC_LOOKUP task_id=23 msg_type=DC_LOOKUP device_id=10 iova=0x12c00
[cache-task] level=detail phase=end cache=pc_cache op=lookup enter_time=151 ns done_time=155 ns request_type=PC_LOOKUP task_id=22 msg_type=PC_LOOKUP device_id=10 iova=0x12a00 hit=0 affected=0 exec_latency=4 ns total_latency=4 ns
[cache-task] level=detail phase=begin cache=pc_cache op=lookup enter_time=155 ns request_type=PC_LOOKUP task_id=23 msg_type=PC_LOOKUP device_id=10 iova=0x12c00
[cache-task] level=detail phase=end cache=pt_cache op=lookup enter_time=152 ns done_time=156 ns request_type=PT_LOOKUP task_id=20 msg_type=PT_LOOKUP stage=STAGE1_ONLY iova=0x12600 hit=0 affected=0 exec_latency=4 ns total_latency=4 ns
[cache-task] level=detail phase=end cache=dc_cache op=lookup enter_time=155 ns done_time=159 ns request_type=DC_LOOKUP task_id=23 msg_type=DC_LOOKUP device_id=10 iova=0x12c00 hit=1 affected=0 exec_latency=4 ns total_latency=4 ns
[cache-task] level=detail phase=begin cache=dc_cache op=lookup enter_time=159 ns request_type=DC_LOOKUP task_id=24 msg_type=DC_LOOKUP device_id=10 iova=0x12e00
[cache-task] level=detail phase=end cache=pc_cache op=lookup enter_time=155 ns done_time=159 ns request_type=PC_LOOKUP task_id=23 msg_type=PC_LOOKUP device_id=10 iova=0x12c00 hit=0 affected=0 exec_latency=4 ns total_latency=4 ns
[cache-task] level=detail phase=begin cache=pc_cache op=lookup enter_time=159 ns request_type=PC_LOOKUP task_id=24 msg_type=PC_LOOKUP device_id=10 iova=0x12e00
[cache-task] level=detail phase=end cache=walker_cache op=lookup enter_time=153 ns done_time=161 ns request_type=WALKER_LOOKUP task_id=13 msg_type=WALKER_LOOKUP stage=STAGE1_AND_2 iova=0x11800 hit=0 affected=0 exec_latency=8 ns total_latency=8 ns
[cache-task] level=detail phase=begin cache=pt_cache op=lookup enter_time=161 ns request_type=PT_LOOKUP task_id=21 msg_type=PT_LOOKUP stage=STAGE1_ONLY iova=0x12800
[cache-task] level=detail phase=begin cache=walker_cache op=lookup enter_time=162 ns request_type=WALKER_LOOKUP task_id=14 msg_type=WALKER_LOOKUP stage=STAGE1_AND_2 iova=0x11a00
[cache-task] level=detail phase=end cache=dc_cache op=lookup enter_time=159 ns done_time=163 ns request_type=DC_LOOKUP task_id=24 msg_type=DC_LOOKUP device_id=10 iova=0x12e00 hit=1 affected=0 exec_latency=4 ns total_latency=4 ns
[cache-task] level=detail phase=end cache=pc_cache op=lookup enter_time=159 ns done_time=163 ns request_type=PC_LOOKUP task_id=24 msg_type=PC_LOOKUP device_id=10 iova=0x12e00 hit=0 affected=0 exec_latency=4 ns total_latency=4 ns
[cache-task] level=detail phase=end cache=pt_cache op=lookup enter_time=161 ns done_time=165 ns request_type=PT_LOOKUP task_id=21 msg_type=PT_LOOKUP stage=STAGE1_ONLY iova=0x12800 hit=0 affected=0 exec_latency=4 ns total_latency=4 ns
[cache-task] level=detail phase=end cache=walker_cache op=lookup enter_time=162 ns done_time=170 ns request_type=WALKER_LOOKUP task_id=14 msg_type=WALKER_LOOKUP stage=STAGE1_AND_2 iova=0x11a00 hit=0 affected=0 exec_latency=8 ns total_latency=8 ns
[cache-task] level=detail phase=begin cache=pt_cache op=lookup enter_time=170 ns request_type=PT_LOOKUP task_id=22 msg_type=PT_LOOKUP stage=STAGE1_ONLY iova=0x12a00
[cache-task] level=detail phase=begin cache=walker_cache op=lookup enter_time=171 ns request_type=WALKER_LOOKUP task_id=15 msg_type=WALKER_LOOKUP stage=STAGE1_AND_2 iova=0x11c00
[cache-task] level=detail phase=end cache=pt_cache op=lookup enter_time=170 ns done_time=174 ns request_type=PT_LOOKUP task_id=22 msg_type=PT_LOOKUP stage=STAGE1_ONLY iova=0x12a00 hit=0 affected=0 exec_latency=4 ns total_latency=4 ns
[cache-task] level=detail phase=end cache=walker_cache op=lookup enter_time=171 ns done_time=179 ns request_type=WALKER_LOOKUP task_id=15 msg_type=WALKER_LOOKUP stage=STAGE1_AND_2 iova=0x11c00 hit=0 affected=0 exec_latency=8 ns total_latency=8 ns
[cache-task] level=detail phase=begin cache=pt_cache op=lookup enter_time=179 ns request_type=PT_LOOKUP task_id=23 msg_type=PT_LOOKUP stage=STAGE1_ONLY iova=0x12c00
[cache-task] level=detail phase=begin cache=walker_cache op=lookup enter_time=180 ns request_type=WALKER_LOOKUP task_id=16 msg_type=WALKER_LOOKUP stage=STAGE1_AND_2 iova=0x11e00
[cache-task] level=detail phase=end cache=pt_cache op=lookup enter_time=179 ns done_time=183 ns request_type=PT_LOOKUP task_id=23 msg_type=PT_LOOKUP stage=STAGE1_ONLY iova=0x12c00 hit=0 affected=0 exec_latency=4 ns total_latency=4 ns
[cache-task] level=detail phase=begin cache=dc_cache op=lookup enter_time=186 ns request_type=DC_LOOKUP task_id=25 msg_type=DC_LOOKUP device_id=10 iova=0x13000
[cache-task] level=detail phase=begin cache=pc_cache op=lookup enter_time=186 ns request_type=PC_LOOKUP task_id=25 msg_type=PC_LOOKUP device_id=10 iova=0x13000
[cache-task] level=detail phase=end cache=walker_cache op=lookup enter_time=180 ns done_time=188 ns request_type=WALKER_LOOKUP task_id=16 msg_type=WALKER_LOOKUP stage=STAGE1_AND_2 iova=0x11e00 hit=0 affected=0 exec_latency=8 ns total_latency=8 ns
[cache-task] level=detail phase=begin cache=pt_cache op=lookup enter_time=188 ns request_type=PT_LOOKUP task_id=24 msg_type=PT_LOOKUP stage=STAGE1_ONLY iova=0x12e00
[cache-task] level=detail phase=begin cache=walker_cache op=lookup enter_time=189 ns request_type=WALKER_LOOKUP task_id=17 msg_type=WALKER_LOOKUP stage=STAGE1_AND_2 iova=0x12000
[cache-task] level=detail phase=end cache=pc_cache op=lookup enter_time=186 ns done_time=190 ns request_type=PC_LOOKUP task_id=25 msg_type=PC_LOOKUP device_id=10 iova=0x13000 hit=0 affected=0 exec_latency=4 ns total_latency=4 ns
[cache-task] level=detail phase=begin cache=pc_cache op=lookup enter_time=190 ns request_type=PC_LOOKUP task_id=26 msg_type=PC_LOOKUP device_id=10 iova=0x13200
[cache-task] level=detail phase=end cache=dc_cache op=lookup enter_time=186 ns done_time=190 ns request_type=DC_LOOKUP task_id=25 msg_type=DC_LOOKUP device_id=10 iova=0x13000 hit=1 affected=0 exec_latency=4 ns total_latency=4 ns
[cache-task] level=detail phase=begin cache=dc_cache op=lookup enter_time=190 ns request_type=DC_LOOKUP task_id=26 msg_type=DC_LOOKUP device_id=10 iova=0x13200
[cache-task] level=detail phase=end cache=pt_cache op=lookup enter_time=188 ns done_time=192 ns request_type=PT_LOOKUP task_id=24 msg_type=PT_LOOKUP stage=STAGE1_ONLY iova=0x12e00 hit=0 affected=0 exec_latency=4 ns total_latency=4 ns
[cache-task] level=detail phase=end cache=pc_cache op=lookup enter_time=190 ns done_time=194 ns request_type=PC_LOOKUP task_id=26 msg_type=PC_LOOKUP device_id=10 iova=0x13200 hit=0 affected=0 exec_latency=4 ns total_latency=4 ns
[cache-task] level=detail phase=begin cache=pc_cache op=lookup enter_time=194 ns request_type=PC_LOOKUP task_id=27 msg_type=PC_LOOKUP device_id=10 iova=0x13400
[cache-task] level=detail phase=end cache=dc_cache op=lookup enter_time=190 ns done_time=194 ns request_type=DC_LOOKUP task_id=26 msg_type=DC_LOOKUP device_id=10 iova=0x13200 hit=1 affected=0 exec_latency=4 ns total_latency=4 ns
[cache-task] level=detail phase=begin cache=dc_cache op=lookup enter_time=194 ns request_type=DC_LOOKUP task_id=27 msg_type=DC_LOOKUP device_id=10 iova=0x13400
[cache-task] level=detail phase=end cache=walker_cache op=lookup enter_time=189 ns done_time=197 ns request_type=WALKER_LOOKUP task_id=17 msg_type=WALKER_LOOKUP stage=STAGE1_AND_2 iova=0x12000 hit=0 affected=0 exec_latency=8 ns total_latency=8 ns
[cache-task] level=detail phase=begin cache=pt_cache op=lookup enter_time=197 ns request_type=PT_LOOKUP task_id=25 msg_type=PT_LOOKUP stage=STAGE1_ONLY iova=0x13000
[cache-task] level=detail phase=end cache=pc_cache op=lookup enter_time=194 ns done_time=198 ns request_type=PC_LOOKUP task_id=27 msg_type=PC_LOOKUP device_id=10 iova=0x13400 hit=0 affected=0 exec_latency=4 ns total_latency=4 ns
[cache-task] level=detail phase=begin cache=pc_cache op=lookup enter_time=198 ns request_type=PC_LOOKUP task_id=28 msg_type=PC_LOOKUP device_id=10 iova=0x13600
[cache-task] level=detail phase=end cache=dc_cache op=lookup enter_time=194 ns done_time=198 ns request_type=DC_LOOKUP task_id=27 msg_type=DC_LOOKUP device_id=10 iova=0x13400 hit=1 affected=0 exec_latency=4 ns total_latency=4 ns
[cache-task] level=detail phase=begin cache=dc_cache op=lookup enter_time=198 ns request_type=DC_LOOKUP task_id=28 msg_type=DC_LOOKUP device_id=10 iova=0x13600
[cache-task] level=detail phase=begin cache=walker_cache op=lookup enter_time=198 ns request_type=WALKER_LOOKUP task_id=18 msg_type=WALKER_LOOKUP stage=STAGE1_AND_2 iova=0x12200
[cache-task] level=detail phase=end cache=pt_cache op=lookup enter_time=197 ns done_time=201 ns request_type=PT_LOOKUP task_id=25 msg_type=PT_LOOKUP stage=STAGE1_ONLY iova=0x13000 hit=0 affected=0 exec_latency=4 ns total_latency=4 ns
[cache-task] level=detail phase=end cache=pc_cache op=lookup enter_time=198 ns done_time=202 ns request_type=PC_LOOKUP task_id=28 msg_type=PC_LOOKUP device_id=10 iova=0x13600 hit=0 affected=0 exec_latency=4 ns total_latency=4 ns
[cache-task] level=detail phase=begin cache=pc_cache op=lookup enter_time=202 ns request_type=PC_LOOKUP task_id=29 msg_type=PC_LOOKUP device_id=10 iova=0x13800
[cache-task] level=detail phase=end cache=dc_cache op=lookup enter_time=198 ns done_time=202 ns request_type=DC_LOOKUP task_id=28 msg_type=DC_LOOKUP device_id=10 iova=0x13600 hit=1 affected=0 exec_latency=4 ns total_latency=4 ns
[cache-task] level=detail phase=begin cache=dc_cache op=lookup enter_time=202 ns request_type=DC_LOOKUP task_id=29 msg_type=DC_LOOKUP device_id=10 iova=0x13800
[cache-task] level=detail phase=end cache=pc_cache op=lookup enter_time=202 ns done_time=206 ns request_type=PC_LOOKUP task_id=29 msg_type=PC_LOOKUP device_id=10 iova=0x13800 hit=0 affected=0 exec_latency=4 ns total_latency=4 ns
[cache-task] level=detail phase=end cache=walker_cache op=lookup enter_time=198 ns done_time=206 ns request_type=WALKER_LOOKUP task_id=18 msg_type=WALKER_LOOKUP stage=STAGE1_AND_2 iova=0x12200 hit=0 affected=0 exec_latency=8 ns total_latency=8 ns
[cache-task] level=detail phase=end cache=dc_cache op=lookup enter_time=202 ns done_time=206 ns request_type=DC_LOOKUP task_id=29 msg_type=DC_LOOKUP device_id=10 iova=0x13800 hit=1 affected=0 exec_latency=4 ns total_latency=4 ns
[cache-task] level=detail phase=begin cache=pt_cache op=lookup enter_time=206 ns request_type=PT_LOOKUP task_id=26 msg_type=PT_LOOKUP stage=STAGE1_ONLY iova=0x13200
[cache-task] level=detail phase=begin cache=dc_cache op=lookup enter_time=206 ns request_type=DC_LOOKUP task_id=30 msg_type=DC_LOOKUP device_id=10 iova=0x13a00
[cache-task] level=detail phase=begin cache=pc_cache op=lookup enter_time=206 ns request_type=PC_LOOKUP task_id=30 msg_type=PC_LOOKUP device_id=10 iova=0x13a00
[cache-task] level=detail phase=begin cache=walker_cache op=lookup enter_time=207 ns request_type=WALKER_LOOKUP task_id=19 msg_type=WALKER_LOOKUP stage=STAGE1_AND_2 iova=0x12400
[cache-task] level=detail phase=end cache=pc_cache op=lookup enter_time=206 ns done_time=210 ns request_type=PC_LOOKUP task_id=30 msg_type=PC_LOOKUP device_id=10 iova=0x13a00 hit=0 affected=0 exec_latency=4 ns total_latency=4 ns
[cache-task] level=detail phase=end cache=dc_cache op=lookup enter_time=206 ns done_time=210 ns request_type=DC_LOOKUP task_id=30 msg_type=DC_LOOKUP device_id=10 iova=0x13a00 hit=1 affected=0 exec_latency=4 ns total_latency=4 ns
[cache-task] level=detail phase=end cache=pt_cache op=lookup enter_time=206 ns done_time=210 ns request_type=PT_LOOKUP task_id=26 msg_type=PT_LOOKUP stage=STAGE1_ONLY iova=0x13200 hit=0 affected=0 exec_latency=4 ns total_latency=4 ns
[cache-task] level=detail phase=end cache=walker_cache op=lookup enter_time=207 ns done_time=215 ns request_type=WALKER_LOOKUP task_id=19 msg_type=WALKER_LOOKUP stage=STAGE1_AND_2 iova=0x12400 hit=0 affected=0 exec_latency=8 ns total_latency=8 ns
[cache-task] level=detail phase=begin cache=pt_cache op=lookup enter_time=215 ns request_type=PT_LOOKUP task_id=27 msg_type=PT_LOOKUP stage=STAGE1_ONLY iova=0x13400
[cache-task] level=detail phase=begin cache=dc_cache op=lookup enter_time=215 ns request_type=DC_LOOKUP task_id=31 msg_type=DC_LOOKUP device_id=10 iova=0x13c00
[cache-task] level=detail phase=begin cache=pc_cache op=lookup enter_time=215 ns request_type=PC_LOOKUP task_id=31 msg_type=PC_LOOKUP device_id=10 iova=0x13c00
[cache-task] level=detail phase=begin cache=walker_cache op=lookup enter_time=216 ns request_type=WALKER_LOOKUP task_id=20 msg_type=WALKER_LOOKUP stage=STAGE1_AND_2 iova=0x12600
[cache-task] level=detail phase=end cache=pc_cache op=lookup enter_time=215 ns done_time=219 ns request_type=PC_LOOKUP task_id=31 msg_type=PC_LOOKUP device_id=10 iova=0x13c00 hit=0 affected=0 exec_latency=4 ns total_latency=4 ns
[cache-task] level=detail phase=end cache=pt_cache op=lookup enter_time=215 ns done_time=219 ns request_type=PT_LOOKUP task_id=27 msg_type=PT_LOOKUP stage=STAGE1_ONLY iova=0x13400 hit=0 affected=0 exec_latency=4 ns total_latency=4 ns
[cache-task] level=detail phase=end cache=dc_cache op=lookup enter_time=215 ns done_time=219 ns request_type=DC_LOOKUP task_id=31 msg_type=DC_LOOKUP device_id=10 iova=0x13c00 hit=1 affected=0 exec_latency=4 ns total_latency=4 ns
[cache-task] level=detail phase=end cache=walker_cache op=lookup enter_time=216 ns done_time=224 ns request_type=WALKER_LOOKUP task_id=20 msg_type=WALKER_LOOKUP stage=STAGE1_AND_2 iova=0x12600 hit=0 affected=0 exec_latency=8 ns total_latency=8 ns
[cache-task] level=detail phase=begin cache=pt_cache op=lookup enter_time=224 ns request_type=PT_LOOKUP task_id=28 msg_type=PT_LOOKUP stage=STAGE1_ONLY iova=0x13600
[cache-task] level=detail phase=begin cache=dc_cache op=lookup enter_time=224 ns request_type=DC_LOOKUP task_id=32 msg_type=DC_LOOKUP device_id=10 iova=0x13e00
[cache-task] level=detail phase=begin cache=pc_cache op=lookup enter_time=224 ns request_type=PC_LOOKUP task_id=32 msg_type=PC_LOOKUP device_id=10 iova=0x13e00
[cache-task] level=detail phase=begin cache=walker_cache op=lookup enter_time=225 ns request_type=WALKER_LOOKUP task_id=21 msg_type=WALKER_LOOKUP stage=STAGE1_AND_2 iova=0x12800
[cache-task] level=detail phase=end cache=pt_cache op=lookup enter_time=224 ns done_time=228 ns request_type=PT_LOOKUP task_id=28 msg_type=PT_LOOKUP stage=STAGE1_ONLY iova=0x13600 hit=0 affected=0 exec_latency=4 ns total_latency=4 ns
[cache-task] level=detail phase=end cache=dc_cache op=lookup enter_time=224 ns done_time=228 ns request_type=DC_LOOKUP task_id=32 msg_type=DC_LOOKUP device_id=10 iova=0x13e00 hit=1 affected=0 exec_latency=4 ns total_latency=4 ns
[cache-task] level=detail phase=end cache=pc_cache op=lookup enter_time=224 ns done_time=228 ns request_type=PC_LOOKUP task_id=32 msg_type=PC_LOOKUP device_id=10 iova=0x13e00 hit=0 affected=0 exec_latency=4 ns total_latency=4 ns
[cache-task] level=detail phase=end cache=walker_cache op=lookup enter_time=225 ns done_time=233 ns request_type=WALKER_LOOKUP task_id=21 msg_type=WALKER_LOOKUP stage=STAGE1_AND_2 iova=0x12800 hit=0 affected=0 exec_latency=8 ns total_latency=8 ns
[cache-task] level=detail phase=begin cache=pt_cache op=lookup enter_time=233 ns request_type=PT_LOOKUP task_id=29 msg_type=PT_LOOKUP stage=STAGE1_ONLY iova=0x13800
[cache-task] level=detail phase=begin cache=walker_cache op=lookup enter_time=234 ns request_type=WALKER_LOOKUP task_id=22 msg_type=WALKER_LOOKUP stage=STAGE1_AND_2 iova=0x12a00
[cache-task] level=detail phase=end cache=pt_cache op=lookup enter_time=233 ns done_time=237 ns request_type=PT_LOOKUP task_id=29 msg_type=PT_LOOKUP stage=STAGE1_ONLY iova=0x13800 hit=0 affected=0 exec_latency=4 ns total_latency=4 ns
[cache-task] level=detail phase=begin cache=dc_cache op=lookup enter_time=241 ns request_type=DC_LOOKUP task_id=33 msg_type=DC_LOOKUP device_id=10 iova=0x14000
[cache-task] level=detail phase=begin cache=pc_cache op=lookup enter_time=241 ns request_type=PC_LOOKUP task_id=33 msg_type=PC_LOOKUP device_id=10 iova=0x14000
[cache-task] level=detail phase=end cache=walker_cache op=lookup enter_time=234 ns done_time=242 ns request_type=WALKER_LOOKUP task_id=22 msg_type=WALKER_LOOKUP stage=STAGE1_AND_2 iova=0x12a00 hit=0 affected=0 exec_latency=8 ns total_latency=8 ns
[cache-task] level=detail phase=begin cache=pt_cache op=lookup enter_time=242 ns request_type=PT_LOOKUP task_id=30 msg_type=PT_LOOKUP stage=STAGE1_ONLY iova=0x13a00
[cache-task] level=detail phase=begin cache=walker_cache op=lookup enter_time=243 ns request_type=WALKER_LOOKUP task_id=23 msg_type=WALKER_LOOKUP stage=STAGE1_AND_2 iova=0x12c00
[cache-task] level=detail phase=end cache=dc_cache op=lookup enter_time=241 ns done_time=245 ns request_type=DC_LOOKUP task_id=33 msg_type=DC_LOOKUP device_id=10 iova=0x14000 hit=1 affected=0 exec_latency=4 ns total_latency=4 ns
[cache-task] level=detail phase=begin cache=dc_cache op=lookup enter_time=245 ns request_type=DC_LOOKUP task_id=34 msg_type=DC_LOOKUP device_id=10 iova=0x14200
[cache-task] level=detail phase=end cache=pc_cache op=lookup enter_time=241 ns done_time=245 ns request_type=PC_LOOKUP task_id=33 msg_type=PC_LOOKUP device_id=10 iova=0x14000 hit=0 affected=0 exec_latency=4 ns total_latency=4 ns
[cache-task] level=detail phase=begin cache=pc_cache op=lookup enter_time=245 ns request_type=PC_LOOKUP task_id=34 msg_type=PC_LOOKUP device_id=10 iova=0x14200
[cache-task] level=detail phase=end cache=pt_cache op=lookup enter_time=242 ns done_time=246 ns request_type=PT_LOOKUP task_id=30 msg_type=PT_LOOKUP stage=STAGE1_ONLY iova=0x13a00 hit=0 affected=0 exec_latency=4 ns total_latency=4 ns
[cache-task] level=detail phase=end cache=pc_cache op=lookup enter_time=245 ns done_time=249 ns request_type=PC_LOOKUP task_id=34 msg_type=PC_LOOKUP device_id=10 iova=0x14200 hit=0 affected=0 exec_latency=4 ns total_latency=4 ns
[cache-task] level=detail phase=end cache=dc_cache op=lookup enter_time=245 ns done_time=249 ns request_type=DC_LOOKUP task_id=34 msg_type=DC_LOOKUP device_id=10 iova=0x14200 hit=1 affected=0 exec_latency=4 ns total_latency=4 ns
[cache-task] level=detail phase=end cache=walker_cache op=lookup enter_time=243 ns done_time=251 ns request_type=WALKER_LOOKUP task_id=23 msg_type=WALKER_LOOKUP stage=STAGE1_AND_2 iova=0x12c00 hit=0 affected=0 exec_latency=8 ns total_latency=8 ns
[cache-task] level=detail phase=begin cache=pt_cache op=lookup enter_time=251 ns request_type=PT_LOOKUP task_id=31 msg_type=PT_LOOKUP stage=STAGE1_ONLY iova=0x13c00
[cache-task] level=detail phase=begin cache=dc_cache op=lookup enter_time=251 ns request_type=DC_LOOKUP task_id=35 msg_type=DC_LOOKUP device_id=10 iova=0x14400
[cache-task] level=detail phase=begin cache=pc_cache op=lookup enter_time=251 ns request_type=PC_LOOKUP task_id=35 msg_type=PC_LOOKUP device_id=10 iova=0x14400
[cache-task] level=detail phase=begin cache=walker_cache op=lookup enter_time=252 ns request_type=WALKER_LOOKUP task_id=24 msg_type=WALKER_LOOKUP stage=STAGE1_AND_2 iova=0x12e00
[cache-task] level=detail phase=end cache=pc_cache op=lookup enter_time=251 ns done_time=255 ns request_type=PC_LOOKUP task_id=35 msg_type=PC_LOOKUP device_id=10 iova=0x14400 hit=0 affected=0 exec_latency=4 ns total_latency=4 ns
[cache-task] level=detail phase=end cache=dc_cache op=lookup enter_time=251 ns done_time=255 ns request_type=DC_LOOKUP task_id=35 msg_type=DC_LOOKUP device_id=10 iova=0x14400 hit=1 affected=0 exec_latency=4 ns total_latency=4 ns
[cache-task] level=detail phase=end cache=pt_cache op=lookup enter_time=251 ns done_time=255 ns request_type=PT_LOOKUP task_id=31 msg_type=PT_LOOKUP stage=STAGE1_ONLY iova=0x13c00 hit=0 affected=0 exec_latency=4 ns total_latency=4 ns
[cache-task] level=detail phase=end cache=walker_cache op=lookup enter_time=252 ns done_time=260 ns request_type=WALKER_LOOKUP task_id=24 msg_type=WALKER_LOOKUP stage=STAGE1_AND_2 iova=0x12e00 hit=0 affected=0 exec_latency=8 ns total_latency=8 ns
[cache-task] level=detail phase=begin cache=pt_cache op=lookup enter_time=260 ns request_type=PT_LOOKUP task_id=32 msg_type=PT_LOOKUP stage=STAGE1_ONLY iova=0x13e00
[cache-task] level=detail phase=begin cache=dc_cache op=lookup enter_time=260 ns request_type=DC_LOOKUP task_id=36 msg_type=DC_LOOKUP device_id=10 iova=0x14600
[cache-task] level=detail phase=begin cache=pc_cache op=lookup enter_time=260 ns request_type=PC_LOOKUP task_id=36 msg_type=PC_LOOKUP device_id=10 iova=0x14600
[cache-task] level=detail phase=begin cache=walker_cache op=lookup enter_time=261 ns request_type=WALKER_LOOKUP task_id=25 msg_type=WALKER_LOOKUP stage=STAGE1_AND_2 iova=0x13000
[cache-task] level=detail phase=end cache=pc_cache op=lookup enter_time=260 ns done_time=264 ns request_type=PC_LOOKUP task_id=36 msg_type=PC_LOOKUP device_id=10 iova=0x14600 hit=0 affected=0 exec_latency=4 ns total_latency=4 ns
[cache-task] level=detail phase=end cache=dc_cache op=lookup enter_time=260 ns done_time=264 ns request_type=DC_LOOKUP task_id=36 msg_type=DC_LOOKUP device_id=10 iova=0x14600 hit=1 affected=0 exec_latency=4 ns total_latency=4 ns
[cache-task] level=detail phase=end cache=pt_cache op=lookup enter_time=260 ns done_time=264 ns request_type=PT_LOOKUP task_id=32 msg_type=PT_LOOKUP stage=STAGE1_ONLY iova=0x13e00 hit=0 affected=0 exec_latency=4 ns total_latency=4 ns
[cache-task] level=detail phase=end cache=walker_cache op=lookup enter_time=261 ns done_time=269 ns request_type=WALKER_LOOKUP task_id=25 msg_type=WALKER_LOOKUP stage=STAGE1_AND_2 iova=0x13000 hit=0 affected=0 exec_latency=8 ns total_latency=8 ns
[cache-task] level=detail phase=begin cache=pt_cache op=lookup enter_time=269 ns request_type=PT_LOOKUP task_id=33 msg_type=PT_LOOKUP stage=STAGE1_ONLY iova=0x14000
[cache-task] level=detail phase=begin cache=dc_cache op=lookup enter_time=269 ns request_type=DC_LOOKUP task_id=37 msg_type=DC_LOOKUP device_id=10 iova=0x14800
[cache-task] level=detail phase=begin cache=pc_cache op=lookup enter_time=269 ns request_type=PC_LOOKUP task_id=37 msg_type=PC_LOOKUP device_id=10 iova=0x14800
[cache-task] level=detail phase=begin cache=walker_cache op=lookup enter_time=270 ns request_type=WALKER_LOOKUP task_id=26 msg_type=WALKER_LOOKUP stage=STAGE1_AND_2 iova=0x13200
[cache-task] level=detail phase=end cache=pc_cache op=lookup enter_time=269 ns done_time=273 ns request_type=PC_LOOKUP task_id=37 msg_type=PC_LOOKUP device_id=10 iova=0x14800 hit=0 affected=0 exec_latency=4 ns total_latency=4 ns
[cache-task] level=detail phase=end cache=dc_cache op=lookup enter_time=269 ns done_time=273 ns request_type=DC_LOOKUP task_id=37 msg_type=DC_LOOKUP device_id=10 iova=0x14800 hit=1 affected=0 exec_latency=4 ns total_latency=4 ns
[cache-task] level=detail phase=end cache=pt_cache op=lookup enter_time=269 ns done_time=273 ns request_type=PT_LOOKUP task_id=33 msg_type=PT_LOOKUP stage=STAGE1_ONLY iova=0x14000 hit=0 affected=0 exec_latency=4 ns total_latency=4 ns
[cache-task] level=detail phase=end cache=walker_cache op=lookup enter_time=270 ns done_time=278 ns request_type=WALKER_LOOKUP task_id=26 msg_type=WALKER_LOOKUP stage=STAGE1_AND_2 iova=0x13200 hit=0 affected=0 exec_latency=8 ns total_latency=8 ns
[cache-task] level=detail phase=begin cache=pt_cache op=lookup enter_time=278 ns request_type=PT_LOOKUP task_id=34 msg_type=PT_LOOKUP stage=STAGE1_ONLY iova=0x14200
[cache-task] level=detail phase=begin cache=dc_cache op=lookup enter_time=278 ns request_type=DC_LOOKUP task_id=38 msg_type=DC_LOOKUP device_id=10 iova=0x14a00
[cache-task] level=detail phase=begin cache=pc_cache op=lookup enter_time=278 ns request_type=PC_LOOKUP task_id=38 msg_type=PC_LOOKUP device_id=10 iova=0x14a00
[cache-task] level=detail phase=begin cache=walker_cache op=lookup enter_time=279 ns request_type=WALKER_LOOKUP task_id=27 msg_type=WALKER_LOOKUP stage=STAGE1_AND_2 iova=0x13400
[cache-task] level=detail phase=end cache=pc_cache op=lookup enter_time=278 ns done_time=282 ns request_type=PC_LOOKUP task_id=38 msg_type=PC_LOOKUP device_id=10 iova=0x14a00 hit=0 affected=0 exec_latency=4 ns total_latency=4 ns
[cache-task] level=detail phase=end cache=dc_cache op=lookup enter_time=278 ns done_time=282 ns request_type=DC_LOOKUP task_id=38 msg_type=DC_LOOKUP device_id=10 iova=0x14a00 hit=1 affected=0 exec_latency=4 ns total_latency=4 ns
[cache-task] level=detail phase=end cache=pt_cache op=lookup enter_time=278 ns done_time=282 ns request_type=PT_LOOKUP task_id=34 msg_type=PT_LOOKUP stage=STAGE1_ONLY iova=0x14200 hit=0 affected=0 exec_latency=4 ns total_latency=4 ns
[cache-task] level=detail phase=end cache=walker_cache op=lookup enter_time=279 ns done_time=287 ns request_type=WALKER_LOOKUP task_id=27 msg_type=WALKER_LOOKUP stage=STAGE1_AND_2 iova=0x13400 hit=0 affected=0 exec_latency=8 ns total_latency=8 ns
[cache-task] level=detail phase=begin cache=pt_cache op=lookup enter_time=287 ns request_type=PT_LOOKUP task_id=35 msg_type=PT_LOOKUP stage=STAGE1_ONLY iova=0x14400
[cache-task] level=detail phase=begin cache=dc_cache op=lookup enter_time=287 ns request_type=DC_LOOKUP task_id=39 msg_type=DC_LOOKUP device_id=10 iova=0x14c00
[cache-task] level=detail phase=begin cache=pc_cache op=lookup enter_time=287 ns request_type=PC_LOOKUP task_id=39 msg_type=PC_LOOKUP device_id=10 iova=0x14c00
[cache-task] level=detail phase=begin cache=walker_cache op=lookup enter_time=288 ns request_type=WALKER_LOOKUP task_id=28 msg_type=WALKER_LOOKUP stage=STAGE1_AND_2 iova=0x13600
[cache-task] level=detail phase=end cache=pc_cache op=lookup enter_time=287 ns done_time=291 ns request_type=PC_LOOKUP task_id=39 msg_type=PC_LOOKUP device_id=10 iova=0x14c00 hit=0 affected=0 exec_latency=4 ns total_latency=4 ns
[cache-task] level=detail phase=end cache=pt_cache op=lookup enter_time=287 ns done_time=291 ns request_type=PT_LOOKUP task_id=35 msg_type=PT_LOOKUP stage=STAGE1_ONLY iova=0x14400 hit=0 affected=0 exec_latency=4 ns total_latency=4 ns
[cache-task] level=detail phase=end cache=dc_cache op=lookup enter_time=287 ns done_time=291 ns request_type=DC_LOOKUP task_id=39 msg_type=DC_LOOKUP device_id=10 iova=0x14c00 hit=1 affected=0 exec_latency=4 ns total_latency=4 ns
[cache-task] level=detail phase=end cache=walker_cache op=lookup enter_time=288 ns done_time=296 ns request_type=WALKER_LOOKUP task_id=28 msg_type=WALKER_LOOKUP stage=STAGE1_AND_2 iova=0x13600 hit=0 affected=0 exec_latency=8 ns total_latency=8 ns
[cache-task] level=detail phase=begin cache=pt_cache op=lookup enter_time=296 ns request_type=PT_LOOKUP task_id=36 msg_type=PT_LOOKUP stage=STAGE1_ONLY iova=0x14600
[cache-task] level=detail phase=begin cache=dc_cache op=lookup enter_time=296 ns request_type=DC_LOOKUP task_id=40 msg_type=DC_LOOKUP device_id=10 iova=0x14e00
[cache-task] level=detail phase=begin cache=pc_cache op=lookup enter_time=296 ns request_type=PC_LOOKUP task_id=40 msg_type=PC_LOOKUP device_id=10 iova=0x14e00
[cache-task] level=detail phase=begin cache=walker_cache op=lookup enter_time=297 ns request_type=WALKER_LOOKUP task_id=29 msg_type=WALKER_LOOKUP stage=STAGE1_AND_2 iova=0x13800
[cache-task] level=detail phase=end cache=pt_cache op=lookup enter_time=296 ns done_time=300 ns request_type=PT_LOOKUP task_id=36 msg_type=PT_LOOKUP stage=STAGE1_ONLY iova=0x14600 hit=0 affected=0 exec_latency=4 ns total_latency=4 ns
[cache-task] level=detail phase=end cache=pc_cache op=lookup enter_time=296 ns done_time=300 ns request_type=PC_LOOKUP task_id=40 msg_type=PC_LOOKUP device_id=10 iova=0x14e00 hit=0 affected=0 exec_latency=4 ns total_latency=4 ns
[cache-task] level=detail phase=end cache=dc_cache op=lookup enter_time=296 ns done_time=300 ns request_type=DC_LOOKUP task_id=40 msg_type=DC_LOOKUP device_id=10 iova=0x14e00 hit=1 affected=0 exec_latency=4 ns total_latency=4 ns
[cache-task] level=detail phase=end cache=walker_cache op=lookup enter_time=297 ns done_time=305 ns request_type=WALKER_LOOKUP task_id=29 msg_type=WALKER_LOOKUP stage=STAGE1_AND_2 iova=0x13800 hit=0 affected=0 exec_latency=8 ns total_latency=8 ns
[cache-task] level=detail phase=begin cache=pt_cache op=lookup enter_time=305 ns request_type=PT_LOOKUP task_id=37 msg_type=PT_LOOKUP stage=STAGE1_ONLY iova=0x14800
[cache-task] level=detail phase=begin cache=dc_cache op=lookup enter_time=305 ns request_type=DC_LOOKUP task_id=41 msg_type=DC_LOOKUP device_id=10 iova=0x15000
[cache-task] level=detail phase=begin cache=pc_cache op=lookup enter_time=305 ns request_type=PC_LOOKUP task_id=41 msg_type=PC_LOOKUP device_id=10 iova=0x15000
[cache-task] level=detail phase=begin cache=walker_cache op=lookup enter_time=306 ns request_type=WALKER_LOOKUP task_id=30 msg_type=WALKER_LOOKUP stage=STAGE1_AND_2 iova=0x13a00
[cache-task] level=detail phase=end cache=dc_cache op=lookup enter_time=305 ns done_time=309 ns request_type=DC_LOOKUP task_id=41 msg_type=DC_LOOKUP device_id=10 iova=0x15000 hit=1 affected=0 exec_latency=4 ns total_latency=4 ns
[cache-task] level=detail phase=end cache=pc_cache op=lookup enter_time=305 ns done_time=309 ns request_type=PC_LOOKUP task_id=41 msg_type=PC_LOOKUP device_id=10 iova=0x15000 hit=0 affected=0 exec_latency=4 ns total_latency=4 ns
[cache-task] level=detail phase=end cache=pt_cache op=lookup enter_time=305 ns done_time=309 ns request_type=PT_LOOKUP task_id=37 msg_type=PT_LOOKUP stage=STAGE1_ONLY iova=0x14800 hit=0 affected=0 exec_latency=4 ns total_latency=4 ns
[cache-task] level=detail phase=end cache=walker_cache op=lookup enter_time=306 ns done_time=314 ns request_type=WALKER_LOOKUP task_id=30 msg_type=WALKER_LOOKUP stage=STAGE1_AND_2 iova=0x13a00 hit=0 affected=0 exec_latency=8 ns total_latency=8 ns
[cache-task] level=detail phase=begin cache=pt_cache op=lookup enter_time=314 ns request_type=PT_LOOKUP task_id=38 msg_type=PT_LOOKUP stage=STAGE1_ONLY iova=0x14a00
[cache-task] level=detail phase=begin cache=dc_cache op=lookup enter_time=314 ns request_type=DC_LOOKUP task_id=42 msg_type=DC_LOOKUP device_id=10 iova=0x15200
[cache-task] level=detail phase=begin cache=pc_cache op=lookup enter_time=314 ns request_type=PC_LOOKUP task_id=42 msg_type=PC_LOOKUP device_id=10 iova=0x15200
[cache-task] level=detail phase=begin cache=walker_cache op=lookup enter_time=315 ns request_type=WALKER_LOOKUP task_id=31 msg_type=WALKER_LOOKUP stage=STAGE1_AND_2 iova=0x13c00
[cache-task] level=detail phase=end cache=dc_cache op=lookup enter_time=314 ns done_time=318 ns request_type=DC_LOOKUP task_id=42 msg_type=DC_LOOKUP device_id=10 iova=0x15200 hit=1 affected=0 exec_latency=4 ns total_latency=4 ns
[cache-task] level=detail phase=end cache=pt_cache op=lookup enter_time=314 ns done_time=318 ns request_type=PT_LOOKUP task_id=38 msg_type=PT_LOOKUP stage=STAGE1_ONLY iova=0x14a00 hit=0 affected=0 exec_latency=4 ns total_latency=4 ns
[cache-task] level=detail phase=end cache=pc_cache op=lookup enter_time=314 ns done_time=318 ns request_type=PC_LOOKUP task_id=42 msg_type=PC_LOOKUP device_id=10 iova=0x15200 hit=0 affected=0 exec_latency=4 ns total_latency=4 ns
[cache-task] level=detail phase=end cache=walker_cache op=lookup enter_time=315 ns done_time=323 ns request_type=WALKER_LOOKUP task_id=31 msg_type=WALKER_LOOKUP stage=STAGE1_AND_2 iova=0x13c00 hit=0 affected=0 exec_latency=8 ns total_latency=8 ns
[cache-task] level=detail phase=begin cache=pt_cache op=lookup enter_time=323 ns request_type=PT_LOOKUP task_id=39 msg_type=PT_LOOKUP stage=STAGE1_ONLY iova=0x14c00
[cache-task] level=detail phase=begin cache=dc_cache op=lookup enter_time=323 ns request_type=DC_LOOKUP task_id=43 msg_type=DC_LOOKUP device_id=10 iova=0x15400
[cache-task] level=detail phase=begin cache=pc_cache op=lookup enter_time=323 ns request_type=PC_LOOKUP task_id=43 msg_type=PC_LOOKUP device_id=10 iova=0x15400
[cache-task] level=detail phase=begin cache=walker_cache op=lookup enter_time=324 ns request_type=WALKER_LOOKUP task_id=32 msg_type=WALKER_LOOKUP stage=STAGE1_AND_2 iova=0x13e00
[cache-task] level=detail phase=end cache=pt_cache op=lookup enter_time=323 ns done_time=327 ns request_type=PT_LOOKUP task_id=39 msg_type=PT_LOOKUP stage=STAGE1_ONLY iova=0x14c00 hit=0 affected=0 exec_latency=4 ns total_latency=4 ns
[cache-task] level=detail phase=end cache=pc_cache op=lookup enter_time=323 ns done_time=327 ns request_type=PC_LOOKUP task_id=43 msg_type=PC_LOOKUP device_id=10 iova=0x15400 hit=0 affected=0 exec_latency=4 ns total_latency=4 ns
[cache-task] level=detail phase=end cache=dc_cache op=lookup enter_time=323 ns done_time=327 ns request_type=DC_LOOKUP task_id=43 msg_type=DC_LOOKUP device_id=10 iova=0x15400 hit=1 affected=0 exec_latency=4 ns total_latency=4 ns
[cache-task] level=detail phase=end cache=walker_cache op=lookup enter_time=324 ns done_time=332 ns request_type=WALKER_LOOKUP task_id=32 msg_type=WALKER_LOOKUP stage=STAGE1_AND_2 iova=0x13e00 hit=0 affected=0 exec_latency=8 ns total_latency=8 ns
[cache-task] level=detail phase=begin cache=pt_cache op=lookup enter_time=332 ns request_type=PT_LOOKUP task_id=40 msg_type=PT_LOOKUP stage=STAGE1_ONLY iova=0x14e00
[cache-task] level=detail phase=begin cache=dc_cache op=lookup enter_time=332 ns request_type=DC_LOOKUP task_id=44 msg_type=DC_LOOKUP device_id=10 iova=0x15600
[cache-task] level=detail phase=begin cache=pc_cache op=lookup enter_time=332 ns request_type=PC_LOOKUP task_id=44 msg_type=PC_LOOKUP device_id=10 iova=0x15600
[cache-task] level=detail phase=begin cache=walker_cache op=lookup enter_time=333 ns request_type=WALKER_LOOKUP task_id=33 msg_type=WALKER_LOOKUP stage=STAGE1_AND_2 iova=0x14000
[cache-task] level=detail phase=end cache=pc_cache op=lookup enter_time=332 ns done_time=336 ns request_type=PC_LOOKUP task_id=44 msg_type=PC_LOOKUP device_id=10 iova=0x15600 hit=0 affected=0 exec_latency=4 ns total_latency=4 ns
[cache-task] level=detail phase=end cache=dc_cache op=lookup enter_time=332 ns done_time=336 ns request_type=DC_LOOKUP task_id=44 msg_type=DC_LOOKUP device_id=10 iova=0x15600 hit=1 affected=0 exec_latency=4 ns total_latency=4 ns
[cache-task] level=detail phase=end cache=pt_cache op=lookup enter_time=332 ns done_time=336 ns request_type=PT_LOOKUP task_id=40 msg_type=PT_LOOKUP stage=STAGE1_ONLY iova=0x14e00 hit=0 affected=0 exec_latency=4 ns total_latency=4 ns
[cache-task] level=detail phase=end cache=walker_cache op=lookup enter_time=333 ns done_time=341 ns request_type=WALKER_LOOKUP task_id=33 msg_type=WALKER_LOOKUP stage=STAGE1_AND_2 iova=0x14000 hit=0 affected=0 exec_latency=8 ns total_latency=8 ns
[cache-task] level=detail phase=begin cache=pt_cache op=lookup enter_time=341 ns request_type=PT_LOOKUP task_id=41 msg_type=PT_LOOKUP stage=STAGE1_ONLY iova=0x15000
[cache-task] level=detail phase=begin cache=dc_cache op=lookup enter_time=341 ns request_type=DC_LOOKUP task_id=45 msg_type=DC_LOOKUP device_id=10 iova=0x15800
[cache-task] level=detail phase=begin cache=pc_cache op=lookup enter_time=341 ns request_type=PC_LOOKUP task_id=45 msg_type=PC_LOOKUP device_id=10 iova=0x15800
[cache-task] level=detail phase=begin cache=walker_cache op=lookup enter_time=342 ns request_type=WALKER_LOOKUP task_id=34 msg_type=WALKER_LOOKUP stage=STAGE1_AND_2 iova=0x14200
[cache-task] level=detail phase=end cache=pc_cache op=lookup enter_time=341 ns done_time=345 ns request_type=PC_LOOKUP task_id=45 msg_type=PC_LOOKUP device_id=10 iova=0x15800 hit=0 affected=0 exec_latency=4 ns total_latency=4 ns
[cache-task] level=detail phase=end cache=dc_cache op=lookup enter_time=341 ns done_time=345 ns request_type=DC_LOOKUP task_id=45 msg_type=DC_LOOKUP device_id=10 iova=0x15800 hit=1 affected=0 exec_latency=4 ns total_latency=4 ns
[cache-task] level=detail phase=end cache=pt_cache op=lookup enter_time=341 ns done_time=345 ns request_type=PT_LOOKUP task_id=41 msg_type=PT_LOOKUP stage=STAGE1_ONLY iova=0x15000 hit=0 affected=0 exec_latency=4 ns total_latency=4 ns
[cache-task] level=detail phase=end cache=walker_cache op=lookup enter_time=342 ns done_time=350 ns request_type=WALKER_LOOKUP task_id=34 msg_type=WALKER_LOOKUP stage=STAGE1_AND_2 iova=0x14200 hit=0 affected=0 exec_latency=8 ns total_latency=8 ns
[cache-task] level=detail phase=begin cache=pt_cache op=lookup enter_time=350 ns request_type=PT_LOOKUP task_id=42 msg_type=PT_LOOKUP stage=STAGE1_ONLY iova=0x15200
[cache-task] level=detail phase=begin cache=dc_cache op=lookup enter_time=350 ns request_type=DC_LOOKUP task_id=46 msg_type=DC_LOOKUP device_id=10 iova=0x15a00
[cache-task] level=detail phase=begin cache=pc_cache op=lookup enter_time=350 ns request_type=PC_LOOKUP task_id=46 msg_type=PC_LOOKUP device_id=10 iova=0x15a00
[cache-task] level=detail phase=begin cache=walker_cache op=lookup enter_time=351 ns request_type=WALKER_LOOKUP task_id=35 msg_type=WALKER_LOOKUP stage=STAGE1_AND_2 iova=0x14400
[cache-task] level=detail phase=end cache=pc_cache op=lookup enter_time=350 ns done_time=354 ns request_type=PC_LOOKUP task_id=46 msg_type=PC_LOOKUP device_id=10 iova=0x15a00 hit=0 affected=0 exec_latency=4 ns total_latency=4 ns
[cache-task] level=detail phase=end cache=dc_cache op=lookup enter_time=350 ns done_time=354 ns request_type=DC_LOOKUP task_id=46 msg_type=DC_LOOKUP device_id=10 iova=0x15a00 hit=1 affected=0 exec_latency=4 ns total_latency=4 ns
[cache-task] level=detail phase=end cache=pt_cache op=lookup enter_time=350 ns done_time=354 ns request_type=PT_LOOKUP task_id=42 msg_type=PT_LOOKUP stage=STAGE1_ONLY iova=0x15200 hit=0 affected=0 exec_latency=4 ns total_latency=4 ns
[cache-task] level=detail phase=end cache=walker_cache op=lookup enter_time=351 ns done_time=359 ns request_type=WALKER_LOOKUP task_id=35 msg_type=WALKER_LOOKUP stage=STAGE1_AND_2 iova=0x14400 hit=0 affected=0 exec_latency=8 ns total_latency=8 ns
[cache-task] level=detail phase=begin cache=pt_cache op=lookup enter_time=359 ns request_type=PT_LOOKUP task_id=43 msg_type=PT_LOOKUP stage=STAGE1_ONLY iova=0x15400
[cache-task] level=detail phase=begin cache=dc_cache op=lookup enter_time=359 ns request_type=DC_LOOKUP task_id=47 msg_type=DC_LOOKUP device_id=10 iova=0x15c00
[cache-task] level=detail phase=begin cache=pc_cache op=lookup enter_time=359 ns request_type=PC_LOOKUP task_id=47 msg_type=PC_LOOKUP device_id=10 iova=0x15c00
[cache-task] level=detail phase=begin cache=walker_cache op=lookup enter_time=360 ns request_type=WALKER_LOOKUP task_id=36 msg_type=WALKER_LOOKUP stage=STAGE1_AND_2 iova=0x14600
[cache-task] level=detail phase=end cache=pt_cache op=lookup enter_time=359 ns done_time=363 ns request_type=PT_LOOKUP task_id=43 msg_type=PT_LOOKUP stage=STAGE1_ONLY iova=0x15400 hit=0 affected=0 exec_latency=4 ns total_latency=4 ns
[cache-task] level=detail phase=end cache=dc_cache op=lookup enter_time=359 ns done_time=363 ns request_type=DC_LOOKUP task_id=47 msg_type=DC_LOOKUP device_id=10 iova=0x15c00 hit=1 affected=0 exec_latency=4 ns total_latency=4 ns
[cache-task] level=detail phase=end cache=pc_cache op=lookup enter_time=359 ns done_time=363 ns request_type=PC_LOOKUP task_id=47 msg_type=PC_LOOKUP device_id=10 iova=0x15c00 hit=0 affected=0 exec_latency=4 ns total_latency=4 ns
[cache-task] level=detail phase=end cache=walker_cache op=lookup enter_time=360 ns done_time=368 ns request_type=WALKER_LOOKUP task_id=36 msg_type=WALKER_LOOKUP stage=STAGE1_AND_2 iova=0x14600 hit=0 affected=0 exec_latency=8 ns total_latency=8 ns
[cache-task] level=detail phase=begin cache=pt_cache op=lookup enter_time=368 ns request_type=PT_LOOKUP task_id=44 msg_type=PT_LOOKUP stage=STAGE1_ONLY iova=0x15600
[cache-task] level=detail phase=begin cache=dc_cache op=lookup enter_time=368 ns request_type=DC_LOOKUP task_id=48 msg_type=DC_LOOKUP device_id=10 iova=0x15e00
[cache-task] level=detail phase=begin cache=pc_cache op=lookup enter_time=368 ns request_type=PC_LOOKUP task_id=48 msg_type=PC_LOOKUP device_id=10 iova=0x15e00
[cache-task] level=detail phase=begin cache=walker_cache op=lookup enter_time=369 ns request_type=WALKER_LOOKUP task_id=37 msg_type=WALKER_LOOKUP stage=STAGE1_AND_2 iova=0x14800
[cache-task] level=detail phase=end cache=pt_cache op=lookup enter_time=368 ns done_time=372 ns request_type=PT_LOOKUP task_id=44 msg_type=PT_LOOKUP stage=STAGE1_ONLY iova=0x15600 hit=0 affected=0 exec_latency=4 ns total_latency=4 ns
[cache-task] level=detail phase=end cache=pc_cache op=lookup enter_time=368 ns done_time=372 ns request_type=PC_LOOKUP task_id=48 msg_type=PC_LOOKUP device_id=10 iova=0x15e00 hit=0 affected=0 exec_latency=4 ns total_latency=4 ns
[cache-task] level=detail phase=end cache=dc_cache op=lookup enter_time=368 ns done_time=372 ns request_type=DC_LOOKUP task_id=48 msg_type=DC_LOOKUP device_id=10 iova=0x15e00 hit=1 affected=0 exec_latency=4 ns total_latency=4 ns
[cache-task] level=detail phase=end cache=walker_cache op=lookup enter_time=369 ns done_time=377 ns request_type=WALKER_LOOKUP task_id=37 msg_type=WALKER_LOOKUP stage=STAGE1_AND_2 iova=0x14800 hit=0 affected=0 exec_latency=8 ns total_latency=8 ns
[cache-task] level=detail phase=begin cache=pt_cache op=lookup enter_time=377 ns request_type=PT_LOOKUP task_id=45 msg_type=PT_LOOKUP stage=STAGE1_ONLY iova=0x15800
[cache-task] level=detail phase=begin cache=dc_cache op=lookup enter_time=377 ns request_type=DC_LOOKUP task_id=49 msg_type=DC_LOOKUP device_id=10 iova=0x16000
[cache-task] level=detail phase=begin cache=pc_cache op=lookup enter_time=377 ns request_type=PC_LOOKUP task_id=49 msg_type=PC_LOOKUP device_id=10 iova=0x16000
[cache-task] level=detail phase=begin cache=walker_cache op=lookup enter_time=378 ns request_type=WALKER_LOOKUP task_id=38 msg_type=WALKER_LOOKUP stage=STAGE1_AND_2 iova=0x14a00
[cache-task] level=detail phase=end cache=dc_cache op=lookup enter_time=377 ns done_time=381 ns request_type=DC_LOOKUP task_id=49 msg_type=DC_LOOKUP device_id=10 iova=0x16000 hit=1 affected=0 exec_latency=4 ns total_latency=4 ns
[cache-task] level=detail phase=end cache=pt_cache op=lookup enter_time=377 ns done_time=381 ns request_type=PT_LOOKUP task_id=45 msg_type=PT_LOOKUP stage=STAGE1_ONLY iova=0x15800 hit=0 affected=0 exec_latency=4 ns total_latency=4 ns
[cache-task] level=detail phase=end cache=pc_cache op=lookup enter_time=377 ns done_time=381 ns request_type=PC_LOOKUP task_id=49 msg_type=PC_LOOKUP device_id=10 iova=0x16000 hit=0 affected=0 exec_latency=4 ns total_latency=4 ns
[cache-task] level=detail phase=end cache=walker_cache op=lookup enter_time=378 ns done_time=386 ns request_type=WALKER_LOOKUP task_id=38 msg_type=WALKER_LOOKUP stage=STAGE1_AND_2 iova=0x14a00 hit=0 affected=0 exec_latency=8 ns total_latency=8 ns
[cache-task] level=detail phase=begin cache=pt_cache op=lookup enter_time=386 ns request_type=PT_LOOKUP task_id=46 msg_type=PT_LOOKUP stage=STAGE1_ONLY iova=0x15a00
[cache-task] level=detail phase=begin cache=dc_cache op=lookup enter_time=386 ns request_type=DC_LOOKUP task_id=50 msg_type=DC_LOOKUP device_id=10 iova=0x16200
[cache-task] level=detail phase=begin cache=pc_cache op=lookup enter_time=386 ns request_type=PC_LOOKUP task_id=50 msg_type=PC_LOOKUP device_id=10 iova=0x16200
[cache-task] level=detail phase=begin cache=walker_cache op=lookup enter_time=387 ns request_type=WALKER_LOOKUP task_id=39 msg_type=WALKER_LOOKUP stage=STAGE1_AND_2 iova=0x14c00
[cache-task] level=detail phase=end cache=dc_cache op=lookup enter_time=386 ns done_time=390 ns request_type=DC_LOOKUP task_id=50 msg_type=DC_LOOKUP device_id=10 iova=0x16200 hit=1 affected=0 exec_latency=4 ns total_latency=4 ns
[cache-task] level=detail phase=end cache=pt_cache op=lookup enter_time=386 ns done_time=390 ns request_type=PT_LOOKUP task_id=46 msg_type=PT_LOOKUP stage=STAGE1_ONLY iova=0x15a00 hit=0 affected=0 exec_latency=4 ns total_latency=4 ns
[cache-task] level=detail phase=end cache=pc_cache op=lookup enter_time=386 ns done_time=390 ns request_type=PC_LOOKUP task_id=50 msg_type=PC_LOOKUP device_id=10 iova=0x16200 hit=0 affected=0 exec_latency=4 ns total_latency=4 ns
[cache-task] level=detail phase=end cache=walker_cache op=lookup enter_time=387 ns done_time=395 ns request_type=WALKER_LOOKUP task_id=39 msg_type=WALKER_LOOKUP stage=STAGE1_AND_2 iova=0x14c00 hit=0 affected=0 exec_latency=8 ns total_latency=8 ns
[cache-task] level=detail phase=begin cache=pt_cache op=lookup enter_time=395 ns request_type=PT_LOOKUP task_id=47 msg_type=PT_LOOKUP stage=STAGE1_ONLY iova=0x15c00
[cache-task] level=detail phase=begin cache=dc_cache op=lookup enter_time=395 ns request_type=DC_LOOKUP task_id=51 msg_type=DC_LOOKUP device_id=10 iova=0x16400
[cache-task] level=detail phase=begin cache=pc_cache op=lookup enter_time=395 ns request_type=PC_LOOKUP task_id=51 msg_type=PC_LOOKUP device_id=10 iova=0x16400
[cache-task] level=detail phase=begin cache=walker_cache op=lookup enter_time=396 ns request_type=WALKER_LOOKUP task_id=40 msg_type=WALKER_LOOKUP stage=STAGE1_AND_2 iova=0x14e00
[cache-task] level=detail phase=end cache=pt_cache op=lookup enter_time=395 ns done_time=399 ns request_type=PT_LOOKUP task_id=47 msg_type=PT_LOOKUP stage=STAGE1_ONLY iova=0x15c00 hit=0 affected=0 exec_latency=4 ns total_latency=4 ns
[cache-task] level=detail phase=end cache=pc_cache op=lookup enter_time=395 ns done_time=399 ns request_type=PC_LOOKUP task_id=51 msg_type=PC_LOOKUP device_id=10 iova=0x16400 hit=0 affected=0 exec_latency=4 ns total_latency=4 ns
[cache-task] level=detail phase=end cache=dc_cache op=lookup enter_time=395 ns done_time=399 ns request_type=DC_LOOKUP task_id=51 msg_type=DC_LOOKUP device_id=10 iova=0x16400 hit=1 affected=0 exec_latency=4 ns total_latency=4 ns
[cache-task] level=detail phase=end cache=walker_cache op=lookup enter_time=396 ns done_time=404 ns request_type=WALKER_LOOKUP task_id=40 msg_type=WALKER_LOOKUP stage=STAGE1_AND_2 iova=0x14e00 hit=0 affected=0 exec_latency=8 ns total_latency=8 ns
[cache-task] level=detail phase=begin cache=pt_cache op=lookup enter_time=404 ns request_type=PT_LOOKUP task_id=48 msg_type=PT_LOOKUP stage=STAGE1_ONLY iova=0x15e00
[cache-task] level=detail phase=begin cache=dc_cache op=lookup enter_time=404 ns request_type=DC_LOOKUP task_id=52 msg_type=DC_LOOKUP device_id=10 iova=0x16600
[cache-task] level=detail phase=begin cache=pc_cache op=lookup enter_time=404 ns request_type=PC_LOOKUP task_id=52 msg_type=PC_LOOKUP device_id=10 iova=0x16600
[cache-task] level=detail phase=begin cache=walker_cache op=lookup enter_time=405 ns request_type=WALKER_LOOKUP task_id=41 msg_type=WALKER_LOOKUP stage=STAGE1_AND_2 iova=0x15000
[cache-task] level=detail phase=begin cache=pt_cache op=update enter_time=406 ns request_type=PT_UPDATE task_id=1 msg_type=PT_UPDATE stage=STAGE1_ONLY iova=0x10000
[cache-task] level=detail phase=end cache=pc_cache op=lookup enter_time=404 ns done_time=408 ns request_type=PC_LOOKUP task_id=52 msg_type=PC_LOOKUP device_id=10 iova=0x16600 hit=0 affected=0 exec_latency=4 ns total_latency=4 ns
[cache-task] level=detail phase=end cache=dc_cache op=lookup enter_time=404 ns done_time=408 ns request_type=DC_LOOKUP task_id=52 msg_type=DC_LOOKUP device_id=10 iova=0x16600 hit=1 affected=0 exec_latency=4 ns total_latency=4 ns
[cache-task] level=detail phase=end cache=pt_cache op=lookup enter_time=404 ns done_time=408 ns request_type=PT_LOOKUP task_id=48 msg_type=PT_LOOKUP stage=STAGE1_ONLY iova=0x15e00 hit=0 affected=0 exec_latency=4 ns total_latency=4 ns
[cache-task] level=detail phase=end cache=walker_cache op=lookup enter_time=405 ns done_time=413 ns request_type=WALKER_LOOKUP task_id=41 msg_type=WALKER_LOOKUP stage=STAGE1_AND_2 iova=0x15000 hit=0 affected=0 exec_latency=8 ns total_latency=8 ns
[cache-task] level=detail phase=begin cache=walker_cache op=update enter_time=413 ns request_type=WALKER_UPDATE task_id=1 msg_type=WALKER_UPDATE stage=STAGE1_AND_2 iova=0x10000
[cache-task] level=detail phase=begin cache=pt_cache op=lookup enter_time=413 ns request_type=PT_LOOKUP task_id=49 msg_type=PT_LOOKUP stage=STAGE1_ONLY iova=0x16000
[cache-task] level=detail phase=begin cache=dc_cache op=lookup enter_time=413 ns request_type=DC_LOOKUP task_id=53 msg_type=DC_LOOKUP device_id=10 iova=0x16800
[cache-task] level=detail phase=begin cache=pc_cache op=lookup enter_time=413 ns request_type=PC_LOOKUP task_id=53 msg_type=PC_LOOKUP device_id=10 iova=0x16800
[cache-task] level=detail phase=end cache=pt_cache op=update enter_time=406 ns done_time=414 ns request_type=PT_UPDATE task_id=1 msg_type=PT_UPDATE stage=STAGE1_ONLY iova=0x10000 hit=0 affected=0 exec_latency=0 s total_latency=8 ns
[cache-task] level=detail phase=end cache=dc_cache op=lookup enter_time=413 ns done_time=417 ns request_type=DC_LOOKUP task_id=53 msg_type=DC_LOOKUP device_id=10 iova=0x16800 hit=1 affected=0 exec_latency=4 ns total_latency=4 ns
[cache-task] level=detail phase=end cache=pc_cache op=lookup enter_time=413 ns done_time=417 ns request_type=PC_LOOKUP task_id=53 msg_type=PC_LOOKUP device_id=10 iova=0x16800 hit=0 affected=0 exec_latency=4 ns total_latency=4 ns
[cache-task] level=detail phase=end cache=pt_cache op=lookup enter_time=413 ns done_time=418 ns request_type=PT_LOOKUP task_id=49 msg_type=PT_LOOKUP stage=STAGE1_ONLY iova=0x16000 hit=0 affected=0 exec_latency=4 ns total_latency=5 ns
[cache-task] level=detail phase=end cache=walker_cache op=update enter_time=413 ns done_time=419 ns request_type=WALKER_UPDATE task_id=1 msg_type=WALKER_UPDATE stage=STAGE1_AND_2 iova=0x10000 hit=0 affected=0 exec_latency=6 ns total_latency=6 ns
[cache-task] level=detail phase=begin cache=walker_cache op=lookup enter_time=419 ns request_type=WALKER_LOOKUP task_id=42 msg_type=WALKER_LOOKUP stage=STAGE1_AND_2 iova=0x15200
[cache-task] level=detail phase=end cache=walker_cache op=lookup enter_time=419 ns done_time=423 ns request_type=WALKER_LOOKUP task_id=42 msg_type=WALKER_LOOKUP stage=STAGE1_AND_2 iova=0x15200 hit=1 affected=0 exec_latency=4 ns total_latency=4 ns
[cache-task] level=detail phase=begin cache=pt_cache op=lookup enter_time=423 ns request_type=PT_LOOKUP task_id=50 msg_type=PT_LOOKUP stage=STAGE1_ONLY iova=0x16200
[cache-task] level=detail phase=begin cache=dc_cache op=lookup enter_time=423 ns request_type=DC_LOOKUP task_id=54 msg_type=DC_LOOKUP device_id=10 iova=0x16a00
[cache-task] level=detail phase=begin cache=pc_cache op=lookup enter_time=423 ns request_type=PC_LOOKUP task_id=54 msg_type=PC_LOOKUP device_id=10 iova=0x16a00
[cache-task] level=detail phase=begin cache=walker_cache op=lookup enter_time=424 ns request_type=WALKER_LOOKUP task_id=43 msg_type=WALKER_LOOKUP stage=STAGE1_AND_2 iova=0x15400
[cache-task] level=detail phase=end cache=pt_cache op=lookup enter_time=423 ns done_time=427 ns request_type=PT_LOOKUP task_id=50 msg_type=PT_LOOKUP stage=STAGE1_ONLY iova=0x16200 hit=0 affected=0 exec_latency=4 ns total_latency=4 ns
[cache-task] level=detail phase=end cache=pc_cache op=lookup enter_time=423 ns done_time=427 ns request_type=PC_LOOKUP task_id=54 msg_type=PC_LOOKUP device_id=10 iova=0x16a00 hit=0 affected=0 exec_latency=4 ns total_latency=4 ns
[cache-task] level=detail phase=end cache=dc_cache op=lookup enter_time=423 ns done_time=427 ns request_type=DC_LOOKUP task_id=54 msg_type=DC_LOOKUP device_id=10 iova=0x16a00 hit=1 affected=0 exec_latency=4 ns total_latency=4 ns
[cache-task] level=detail phase=end cache=walker_cache op=lookup enter_time=424 ns done_time=428 ns request_type=WALKER_LOOKUP task_id=43 msg_type=WALKER_LOOKUP stage=STAGE1_AND_2 iova=0x15400 hit=1 affected=0 exec_latency=4 ns total_latency=4 ns
[cache-task] level=detail phase=begin cache=pt_cache op=lookup enter_time=428 ns request_type=PT_LOOKUP task_id=51 msg_type=PT_LOOKUP stage=STAGE1_ONLY iova=0x16400
[cache-task] level=detail phase=begin cache=dc_cache op=lookup enter_time=428 ns request_type=DC_LOOKUP task_id=55 msg_type=DC_LOOKUP device_id=10 iova=0x16c00
[cache-task] level=detail phase=begin cache=pc_cache op=lookup enter_time=428 ns request_type=PC_LOOKUP task_id=55 msg_type=PC_LOOKUP device_id=10 iova=0x16c00
[cache-task] level=detail phase=begin cache=walker_cache op=lookup enter_time=429 ns request_type=WALKER_LOOKUP task_id=44 msg_type=WALKER_LOOKUP stage=STAGE1_AND_2 iova=0x15600
[cache-task] level=detail phase=end cache=pt_cache op=lookup enter_time=428 ns done_time=432 ns request_type=PT_LOOKUP task_id=51 msg_type=PT_LOOKUP stage=STAGE1_ONLY iova=0x16400 hit=0 affected=0 exec_latency=4 ns total_latency=4 ns
[cache-task] level=detail phase=end cache=dc_cache op=lookup enter_time=428 ns done_time=432 ns request_type=DC_LOOKUP task_id=55 msg_type=DC_LOOKUP device_id=10 iova=0x16c00 hit=1 affected=0 exec_latency=4 ns total_latency=4 ns
[cache-task] level=detail phase=end cache=pc_cache op=lookup enter_time=428 ns done_time=432 ns request_type=PC_LOOKUP task_id=55 msg_type=PC_LOOKUP device_id=10 iova=0x16c00 hit=0 affected=0 exec_latency=4 ns total_latency=4 ns
[cache-task] level=detail phase=end cache=walker_cache op=lookup enter_time=429 ns done_time=433 ns request_type=WALKER_LOOKUP task_id=44 msg_type=WALKER_LOOKUP stage=STAGE1_AND_2 iova=0x15600 hit=1 affected=0 exec_latency=4 ns total_latency=4 ns
[cache-task] level=detail phase=begin cache=pt_cache op=lookup enter_time=433 ns request_type=PT_LOOKUP task_id=52 msg_type=PT_LOOKUP stage=STAGE1_ONLY iova=0x16600
[cache-task] level=detail phase=begin cache=dc_cache op=lookup enter_time=433 ns request_type=DC_LOOKUP task_id=56 msg_type=DC_LOOKUP device_id=10 iova=0x16e00
[cache-task] level=detail phase=begin cache=pc_cache op=lookup enter_time=433 ns request_type=PC_LOOKUP task_id=56 msg_type=PC_LOOKUP device_id=10 iova=0x16e00
[cache-task] level=detail phase=begin cache=walker_cache op=lookup enter_time=434 ns request_type=WALKER_LOOKUP task_id=45 msg_type=WALKER_LOOKUP stage=STAGE1_AND_2 iova=0x15800
[cache-task] level=detail phase=end cache=dc_cache op=lookup enter_time=433 ns done_time=437 ns request_type=DC_LOOKUP task_id=56 msg_type=DC_LOOKUP device_id=10 iova=0x16e00 hit=1 affected=0 exec_latency=4 ns total_latency=4 ns
[cache-task] level=detail phase=end cache=pt_cache op=lookup enter_time=433 ns done_time=437 ns request_type=PT_LOOKUP task_id=52 msg_type=PT_LOOKUP stage=STAGE1_ONLY iova=0x16600 hit=0 affected=0 exec_latency=4 ns total_latency=4 ns
[cache-task] level=detail phase=end cache=pc_cache op=lookup enter_time=433 ns done_time=437 ns request_type=PC_LOOKUP task_id=56 msg_type=PC_LOOKUP device_id=10 iova=0x16e00 hit=0 affected=0 exec_latency=4 ns total_latency=4 ns
[cache-task] level=detail phase=end cache=walker_cache op=lookup enter_time=434 ns done_time=438 ns request_type=WALKER_LOOKUP task_id=45 msg_type=WALKER_LOOKUP stage=STAGE1_AND_2 iova=0x15800 hit=1 affected=0 exec_latency=4 ns total_latency=4 ns
[cache-task] level=detail phase=begin cache=pt_cache op=lookup enter_time=438 ns request_type=PT_LOOKUP task_id=53 msg_type=PT_LOOKUP stage=STAGE1_ONLY iova=0x16800
[cache-task] level=detail phase=begin cache=dc_cache op=lookup enter_time=438 ns request_type=DC_LOOKUP task_id=57 msg_type=DC_LOOKUP device_id=10 iova=0x17000
[cache-task] level=detail phase=begin cache=pc_cache op=lookup enter_time=438 ns request_type=PC_LOOKUP task_id=57 msg_type=PC_LOOKUP device_id=10 iova=0x17000
[cache-task] level=detail phase=begin cache=walker_cache op=lookup enter_time=439 ns request_type=WALKER_LOOKUP task_id=46 msg_type=WALKER_LOOKUP stage=STAGE1_AND_2 iova=0x15a00
[cache-task] level=detail phase=end cache=pt_cache op=lookup enter_time=438 ns done_time=442 ns request_type=PT_LOOKUP task_id=53 msg_type=PT_LOOKUP stage=STAGE1_ONLY iova=0x16800 hit=0 affected=0 exec_latency=4 ns total_latency=4 ns
[cache-task] level=detail phase=end cache=pc_cache op=lookup enter_time=438 ns done_time=442 ns request_type=PC_LOOKUP task_id=57 msg_type=PC_LOOKUP device_id=10 iova=0x17000 hit=0 affected=0 exec_latency=4 ns total_latency=4 ns
[cache-task] level=detail phase=end cache=dc_cache op=lookup enter_time=438 ns done_time=442 ns request_type=DC_LOOKUP task_id=57 msg_type=DC_LOOKUP device_id=10 iova=0x17000 hit=1 affected=0 exec_latency=4 ns total_latency=4 ns
[cache-task] level=detail phase=end cache=walker_cache op=lookup enter_time=439 ns done_time=443 ns request_type=WALKER_LOOKUP task_id=46 msg_type=WALKER_LOOKUP stage=STAGE1_AND_2 iova=0x15a00 hit=1 affected=0 exec_latency=4 ns total_latency=4 ns
[cache-task] level=detail phase=begin cache=pt_cache op=lookup enter_time=443 ns request_type=PT_LOOKUP task_id=54 msg_type=PT_LOOKUP stage=STAGE1_ONLY iova=0x16a00
[cache-task] level=detail phase=begin cache=dc_cache op=lookup enter_time=443 ns request_type=DC_LOOKUP task_id=58 msg_type=DC_LOOKUP device_id=10 iova=0x17200
[cache-task] level=detail phase=begin cache=pc_cache op=lookup enter_time=443 ns request_type=PC_LOOKUP task_id=58 msg_type=PC_LOOKUP device_id=10 iova=0x17200
[cache-task] level=detail phase=begin cache=walker_cache op=lookup enter_time=444 ns request_type=WALKER_LOOKUP task_id=47 msg_type=WALKER_LOOKUP stage=STAGE1_AND_2 iova=0x15c00
[cache-task] level=detail phase=begin cache=pt_cache op=update enter_time=446 ns request_type=PT_UPDATE task_id=7 msg_type=PT_UPDATE stage=STAGE1_ONLY iova=0x10c00
[cache-task] level=detail phase=end cache=pc_cache op=lookup enter_time=443 ns done_time=447 ns request_type=PC_LOOKUP task_id=58 msg_type=PC_LOOKUP device_id=10 iova=0x17200 hit=0 affected=0 exec_latency=4 ns total_latency=4 ns
[cache-task] level=detail phase=end cache=dc_cache op=lookup enter_time=443 ns done_time=447 ns request_type=DC_LOOKUP task_id=58 msg_type=DC_LOOKUP device_id=10 iova=0x17200 hit=1 affected=0 exec_latency=4 ns total_latency=4 ns
[cache-task] level=detail phase=end cache=pt_cache op=lookup enter_time=443 ns done_time=447 ns request_type=PT_LOOKUP task_id=54 msg_type=PT_LOOKUP stage=STAGE1_ONLY iova=0x16a00 hit=0 affected=0 exec_latency=4 ns total_latency=4 ns
[cache-task] level=detail phase=end cache=walker_cache op=lookup enter_time=444 ns done_time=448 ns request_type=WALKER_LOOKUP task_id=47 msg_type=WALKER_LOOKUP stage=STAGE1_AND_2 iova=0x15c00 hit=1 affected=0 exec_latency=4 ns total_latency=4 ns
[cache-task] level=detail phase=begin cache=walker_cache op=update enter_time=448 ns request_type=WALKER_UPDATE task_id=7 msg_type=WALKER_UPDATE stage=STAGE1_AND_2 iova=0x10c00
[cache-task] level=detail phase=begin cache=pt_cache op=lookup enter_time=448 ns request_type=PT_LOOKUP task_id=55 msg_type=PT_LOOKUP stage=STAGE1_ONLY iova=0x16c00
[cache-task] level=detail phase=begin cache=dc_cache op=lookup enter_time=448 ns request_type=DC_LOOKUP task_id=59 msg_type=DC_LOOKUP device_id=10 iova=0x17400
[cache-task] level=detail phase=begin cache=pc_cache op=lookup enter_time=448 ns request_type=PC_LOOKUP task_id=59 msg_type=PC_LOOKUP device_id=10 iova=0x17400
[cache-task] level=detail phase=end cache=pt_cache op=update enter_time=446 ns done_time=452 ns request_type=PT_UPDATE task_id=7 msg_type=PT_UPDATE stage=STAGE1_ONLY iova=0x10c00 hit=0 affected=0 exec_latency=0 s total_latency=6 ns
[cache-task] level=detail phase=end cache=dc_cache op=lookup enter_time=448 ns done_time=452 ns request_type=DC_LOOKUP task_id=59 msg_type=DC_LOOKUP device_id=10 iova=0x17400 hit=1 affected=0 exec_latency=4 ns total_latency=4 ns
[cache-task] level=detail phase=end cache=pc_cache op=lookup enter_time=448 ns done_time=452 ns request_type=PC_LOOKUP task_id=59 msg_type=PC_LOOKUP device_id=10 iova=0x17400 hit=0 affected=0 exec_latency=4 ns total_latency=4 ns
[cache-task] level=detail phase=end cache=walker_cache op=update enter_time=448 ns done_time=453 ns request_type=WALKER_UPDATE task_id=7 msg_type=WALKER_UPDATE stage=STAGE1_AND_2 iova=0x10c00 hit=0 affected=0 exec_latency=5 ns total_latency=5 ns
[cache-task] level=detail phase=begin cache=walker_cache op=lookup enter_time=453 ns request_type=WALKER_LOOKUP task_id=48 msg_type=WALKER_LOOKUP stage=STAGE1_AND_2 iova=0x15e00
[cache-task] level=detail phase=end cache=pt_cache op=lookup enter_time=448 ns done_time=456 ns request_type=PT_LOOKUP task_id=55 msg_type=PT_LOOKUP stage=STAGE1_ONLY iova=0x16c00 hit=0 affected=0 exec_latency=4 ns total_latency=8 ns
[cache-task] level=detail phase=end cache=walker_cache op=lookup enter_time=453 ns done_time=457 ns request_type=WALKER_LOOKUP task_id=48 msg_type=WALKER_LOOKUP stage=STAGE1_AND_2 iova=0x15e00 hit=1 affected=0 exec_latency=4 ns total_latency=4 ns
[cache-task] level=detail phase=begin cache=pt_cache op=lookup enter_time=457 ns request_type=PT_LOOKUP task_id=56 msg_type=PT_LOOKUP stage=STAGE1_ONLY iova=0x16e00
[cache-task] level=detail phase=begin cache=dc_cache op=lookup enter_time=457 ns request_type=DC_LOOKUP task_id=60 msg_type=DC_LOOKUP device_id=10 iova=0x17600
[cache-task] level=detail phase=begin cache=pc_cache op=lookup enter_time=457 ns request_type=PC_LOOKUP task_id=60 msg_type=PC_LOOKUP device_id=10 iova=0x17600
[cache-task] level=detail phase=begin cache=walker_cache op=lookup enter_time=458 ns request_type=WALKER_LOOKUP task_id=49 msg_type=WALKER_LOOKUP stage=STAGE1_AND_2 iova=0x16000
[cache-task] level=detail phase=end cache=pc_cache op=lookup enter_time=457 ns done_time=461 ns request_type=PC_LOOKUP task_id=60 msg_type=PC_LOOKUP device_id=10 iova=0x17600 hit=0 affected=0 exec_latency=4 ns total_latency=4 ns
[cache-task] level=detail phase=end cache=dc_cache op=lookup enter_time=457 ns done_time=461 ns request_type=DC_LOOKUP task_id=60 msg_type=DC_LOOKUP device_id=10 iova=0x17600 hit=1 affected=0 exec_latency=4 ns total_latency=4 ns
[cache-task] level=detail phase=end cache=pt_cache op=lookup enter_time=457 ns done_time=461 ns request_type=PT_LOOKUP task_id=56 msg_type=PT_LOOKUP stage=STAGE1_ONLY iova=0x16e00 hit=0 affected=0 exec_latency=4 ns total_latency=4 ns
[cache-task] level=detail phase=end cache=walker_cache op=lookup enter_time=458 ns done_time=462 ns request_type=WALKER_LOOKUP task_id=49 msg_type=WALKER_LOOKUP stage=STAGE1_AND_2 iova=0x16000 hit=1 affected=0 exec_latency=4 ns total_latency=4 ns
[cache-task] level=detail phase=begin cache=pt_cache op=lookup enter_time=462 ns request_type=PT_LOOKUP task_id=57 msg_type=PT_LOOKUP stage=STAGE1_ONLY iova=0x17000
[cache-task] level=detail phase=begin cache=dc_cache op=lookup enter_time=462 ns request_type=DC_LOOKUP task_id=61 msg_type=DC_LOOKUP device_id=10 iova=0x17800
[cache-task] level=detail phase=begin cache=pc_cache op=lookup enter_time=462 ns request_type=PC_LOOKUP task_id=61 msg_type=PC_LOOKUP device_id=10 iova=0x17800
[cache-task] level=detail phase=begin cache=walker_cache op=lookup enter_time=463 ns request_type=WALKER_LOOKUP task_id=50 msg_type=WALKER_LOOKUP stage=STAGE1_AND_2 iova=0x16200
[cache-task] level=detail phase=end cache=pc_cache op=lookup enter_time=462 ns done_time=466 ns request_type=PC_LOOKUP task_id=61 msg_type=PC_LOOKUP device_id=10 iova=0x17800 hit=0 affected=0 exec_latency=4 ns total_latency=4 ns
[cache-task] level=detail phase=end cache=dc_cache op=lookup enter_time=462 ns done_time=466 ns request_type=DC_LOOKUP task_id=61 msg_type=DC_LOOKUP device_id=10 iova=0x17800 hit=1 affected=0 exec_latency=4 ns total_latency=4 ns
[cache-task] level=detail phase=end cache=pt_cache op=lookup enter_time=462 ns done_time=466 ns request_type=PT_LOOKUP task_id=57 msg_type=PT_LOOKUP stage=STAGE1_ONLY iova=0x17000 hit=0 affected=0 exec_latency=4 ns total_latency=4 ns
[cache-task] level=detail phase=end cache=walker_cache op=lookup enter_time=463 ns done_time=467 ns request_type=WALKER_LOOKUP task_id=50 msg_type=WALKER_LOOKUP stage=STAGE1_AND_2 iova=0x16200 hit=1 affected=0 exec_latency=4 ns total_latency=4 ns
[cache-task] level=detail phase=begin cache=pt_cache op=lookup enter_time=467 ns request_type=PT_LOOKUP task_id=58 msg_type=PT_LOOKUP stage=STAGE1_ONLY iova=0x17200
[cache-task] level=detail phase=begin cache=dc_cache op=lookup enter_time=467 ns request_type=DC_LOOKUP task_id=62 msg_type=DC_LOOKUP device_id=10 iova=0x17a00
[cache-task] level=detail phase=begin cache=pc_cache op=lookup enter_time=467 ns request_type=PC_LOOKUP task_id=62 msg_type=PC_LOOKUP device_id=10 iova=0x17a00
[cache-task] level=detail phase=begin cache=walker_cache op=lookup enter_time=468 ns request_type=WALKER_LOOKUP task_id=51 msg_type=WALKER_LOOKUP stage=STAGE1_AND_2 iova=0x16400
[cache-task] level=detail phase=end cache=pc_cache op=lookup enter_time=467 ns done_time=471 ns request_type=PC_LOOKUP task_id=62 msg_type=PC_LOOKUP device_id=10 iova=0x17a00 hit=0 affected=0 exec_latency=4 ns total_latency=4 ns
[cache-task] level=detail phase=end cache=dc_cache op=lookup enter_time=467 ns done_time=471 ns request_type=DC_LOOKUP task_id=62 msg_type=DC_LOOKUP device_id=10 iova=0x17a00 hit=1 affected=0 exec_latency=4 ns total_latency=4 ns
[cache-task] level=detail phase=end cache=pt_cache op=lookup enter_time=467 ns done_time=471 ns request_type=PT_LOOKUP task_id=58 msg_type=PT_LOOKUP stage=STAGE1_ONLY iova=0x17200 hit=0 affected=0 exec_latency=4 ns total_latency=4 ns
[cache-task] level=detail phase=end cache=walker_cache op=lookup enter_time=468 ns done_time=472 ns request_type=WALKER_LOOKUP task_id=51 msg_type=WALKER_LOOKUP stage=STAGE1_AND_2 iova=0x16400 hit=1 affected=0 exec_latency=4 ns total_latency=4 ns
[cache-task] level=detail phase=begin cache=pt_cache op=lookup enter_time=472 ns request_type=PT_LOOKUP task_id=59 msg_type=PT_LOOKUP stage=STAGE1_ONLY iova=0x17400
[cache-task] level=detail phase=begin cache=dc_cache op=lookup enter_time=472 ns request_type=DC_LOOKUP task_id=63 msg_type=DC_LOOKUP device_id=10 iova=0x17c00
[cache-task] level=detail phase=begin cache=pc_cache op=lookup enter_time=472 ns request_type=PC_LOOKUP task_id=63 msg_type=PC_LOOKUP device_id=10 iova=0x17c00
[cache-task] level=detail phase=begin cache=walker_cache op=lookup enter_time=473 ns request_type=WALKER_LOOKUP task_id=52 msg_type=WALKER_LOOKUP stage=STAGE1_AND_2 iova=0x16600
[cache-task] level=detail phase=end cache=pt_cache op=lookup enter_time=472 ns done_time=476 ns request_type=PT_LOOKUP task_id=59 msg_type=PT_LOOKUP stage=STAGE1_ONLY iova=0x17400 hit=0 affected=0 exec_latency=4 ns total_latency=4 ns
[cache-task] level=detail phase=end cache=dc_cache op=lookup enter_time=472 ns done_time=476 ns request_type=DC_LOOKUP task_id=63 msg_type=DC_LOOKUP device_id=10 iova=0x17c00 hit=1 affected=0 exec_latency=4 ns total_latency=4 ns
[cache-task] level=detail phase=end cache=pc_cache op=lookup enter_time=472 ns done_time=476 ns request_type=PC_LOOKUP task_id=63 msg_type=PC_LOOKUP device_id=10 iova=0x17c00 hit=0 affected=0 exec_latency=4 ns total_latency=4 ns
[cache-task] level=detail phase=end cache=walker_cache op=lookup enter_time=473 ns done_time=477 ns request_type=WALKER_LOOKUP task_id=52 msg_type=WALKER_LOOKUP stage=STAGE1_AND_2 iova=0x16600 hit=1 affected=0 exec_latency=4 ns total_latency=4 ns
[cache-task] level=detail phase=begin cache=pt_cache op=lookup enter_time=477 ns request_type=PT_LOOKUP task_id=60 msg_type=PT_LOOKUP stage=STAGE1_ONLY iova=0x17600
[cache-task] level=detail phase=begin cache=dc_cache op=lookup enter_time=477 ns request_type=DC_LOOKUP task_id=64 msg_type=DC_LOOKUP device_id=10 iova=0x17e00
[cache-task] level=detail phase=begin cache=pc_cache op=lookup enter_time=477 ns request_type=PC_LOOKUP task_id=64 msg_type=PC_LOOKUP device_id=10 iova=0x17e00
[cache-task] level=detail phase=begin cache=walker_cache op=lookup enter_time=478 ns request_type=WALKER_LOOKUP task_id=53 msg_type=WALKER_LOOKUP stage=STAGE1_AND_2 iova=0x16800
[cache-task] level=detail phase=end cache=pt_cache op=lookup enter_time=477 ns done_time=481 ns request_type=PT_LOOKUP task_id=60 msg_type=PT_LOOKUP stage=STAGE1_ONLY iova=0x17600 hit=0 affected=0 exec_latency=4 ns total_latency=4 ns
[cache-task] level=detail phase=end cache=dc_cache op=lookup enter_time=477 ns done_time=481 ns request_type=DC_LOOKUP task_id=64 msg_type=DC_LOOKUP device_id=10 iova=0x17e00 hit=1 affected=0 exec_latency=4 ns total_latency=4 ns
[cache-task] level=detail phase=end cache=pc_cache op=lookup enter_time=477 ns done_time=481 ns request_type=PC_LOOKUP task_id=64 msg_type=PC_LOOKUP device_id=10 iova=0x17e00 hit=0 affected=0 exec_latency=4 ns total_latency=4 ns
[cache-task] level=detail phase=end cache=walker_cache op=lookup enter_time=478 ns done_time=482 ns request_type=WALKER_LOOKUP task_id=53 msg_type=WALKER_LOOKUP stage=STAGE1_AND_2 iova=0x16800 hit=1 affected=0 exec_latency=4 ns total_latency=4 ns
[cache-task] level=detail phase=begin cache=pt_cache op=lookup enter_time=482 ns request_type=PT_LOOKUP task_id=61 msg_type=PT_LOOKUP stage=STAGE1_ONLY iova=0x17800
[cache-task] level=detail phase=begin cache=walker_cache op=lookup enter_time=483 ns request_type=WALKER_LOOKUP task_id=54 msg_type=WALKER_LOOKUP stage=STAGE1_AND_2 iova=0x16a00
[cache-task] level=detail phase=begin cache=pt_cache op=update enter_time=484 ns request_type=PT_UPDATE task_id=2 msg_type=PT_UPDATE stage=STAGE1_ONLY iova=0x10200
[cache-task] level=detail phase=end cache=pt_cache op=lookup enter_time=482 ns done_time=486 ns request_type=PT_LOOKUP task_id=61 msg_type=PT_LOOKUP stage=STAGE1_ONLY iova=0x17800 hit=0 affected=0 exec_latency=4 ns total_latency=4 ns
[cache-task] level=detail phase=end cache=walker_cache op=lookup enter_time=483 ns done_time=487 ns request_type=WALKER_LOOKUP task_id=54 msg_type=WALKER_LOOKUP stage=STAGE1_AND_2 iova=0x16a00 hit=1 affected=0 exec_latency=4 ns total_latency=4 ns
[cache-task] level=detail phase=begin cache=walker_cache op=update enter_time=487 ns request_type=WALKER_UPDATE task_id=2 msg_type=WALKER_UPDATE stage=STAGE1_AND_2 iova=0x10200
[cache-task] level=detail phase=begin cache=pt_cache op=lookup enter_time=487 ns request_type=PT_LOOKUP task_id=62 msg_type=PT_LOOKUP stage=STAGE1_ONLY iova=0x17a00
[cache-task] level=detail phase=end cache=pt_cache op=update enter_time=484 ns done_time=491 ns request_type=PT_UPDATE task_id=2 msg_type=PT_UPDATE stage=STAGE1_ONLY iova=0x10200 hit=0 affected=0 exec_latency=0 s total_latency=7 ns
[cache-task] level=detail phase=end cache=walker_cache op=update enter_time=487 ns done_time=492 ns request_type=WALKER_UPDATE task_id=2 msg_type=WALKER_UPDATE stage=STAGE1_AND_2 iova=0x10200 hit=0 affected=0 exec_latency=5 ns total_latency=5 ns
[cache-task] level=detail phase=begin cache=walker_cache op=lookup enter_time=492 ns request_type=WALKER_LOOKUP task_id=55 msg_type=WALKER_LOOKUP stage=STAGE1_AND_2 iova=0x16c00
[cache-task] level=detail phase=begin cache=dc_cache op=lookup enter_time=494 ns request_type=DC_LOOKUP task_id=65 msg_type=DC_LOOKUP device_id=10 iova=0x18000
[cache-task] level=detail phase=begin cache=pc_cache op=lookup enter_time=494 ns request_type=PC_LOOKUP task_id=65 msg_type=PC_LOOKUP device_id=10 iova=0x18000
[cache-task] level=detail phase=end cache=pt_cache op=lookup enter_time=487 ns done_time=495 ns request_type=PT_LOOKUP task_id=62 msg_type=PT_LOOKUP stage=STAGE1_ONLY iova=0x17a00 hit=0 affected=0 exec_latency=4 ns total_latency=8 ns
[cache-task] level=detail phase=end cache=walker_cache op=lookup enter_time=492 ns done_time=496 ns request_type=WALKER_LOOKUP task_id=55 msg_type=WALKER_LOOKUP stage=STAGE1_AND_2 iova=0x16c00 hit=1 affected=0 exec_latency=4 ns total_latency=4 ns
[cache-task] level=detail phase=begin cache=pt_cache op=lookup enter_time=496 ns request_type=PT_LOOKUP task_id=63 msg_type=PT_LOOKUP stage=STAGE1_ONLY iova=0x17c00
[cache-task] level=detail phase=begin cache=walker_cache op=lookup enter_time=497 ns request_type=WALKER_LOOKUP task_id=56 msg_type=WALKER_LOOKUP stage=STAGE1_AND_2 iova=0x16e00
[cache-task] level=detail phase=end cache=dc_cache op=lookup enter_time=494 ns done_time=498 ns request_type=DC_LOOKUP task_id=65 msg_type=DC_LOOKUP device_id=10 iova=0x18000 hit=1 affected=0 exec_latency=4 ns total_latency=4 ns
[cache-task] level=detail phase=begin cache=dc_cache op=lookup enter_time=498 ns request_type=DC_LOOKUP task_id=66 msg_type=DC_LOOKUP device_id=10 iova=0x18200
[cache-task] level=detail phase=end cache=pc_cache op=lookup enter_time=494 ns done_time=498 ns request_type=PC_LOOKUP task_id=65 msg_type=PC_LOOKUP device_id=10 iova=0x18000 hit=0 affected=0 exec_latency=4 ns total_latency=4 ns
[cache-task] level=detail phase=begin cache=pc_cache op=lookup enter_time=498 ns request_type=PC_LOOKUP task_id=66 msg_type=PC_LOOKUP device_id=10 iova=0x18200
[cache-task] level=detail phase=end cache=pt_cache op=lookup enter_time=496 ns done_time=500 ns request_type=PT_LOOKUP task_id=63 msg_type=PT_LOOKUP stage=STAGE1_ONLY iova=0x17c00 hit=0 affected=0 exec_latency=4 ns total_latency=4 ns
[cache-task] level=detail phase=end cache=walker_cache op=lookup enter_time=497 ns done_time=501 ns request_type=WALKER_LOOKUP task_id=56 msg_type=WALKER_LOOKUP stage=STAGE1_AND_2 iova=0x16e00 hit=1 affected=0 exec_latency=4 ns total_latency=4 ns
[cache-task] level=detail phase=begin cache=pt_cache op=lookup enter_time=501 ns request_type=PT_LOOKUP task_id=64 msg_type=PT_LOOKUP stage=STAGE1_ONLY iova=0x17e00
[cache-task] level=detail phase=end cache=dc_cache op=lookup enter_time=498 ns done_time=502 ns request_type=DC_LOOKUP task_id=66 msg_type=DC_LOOKUP device_id=10 iova=0x18200 hit=1 affected=0 exec_latency=4 ns total_latency=4 ns
[cache-task] level=detail phase=begin cache=dc_cache op=lookup enter_time=502 ns request_type=DC_LOOKUP task_id=67 msg_type=DC_LOOKUP device_id=10 iova=0x18400
[cache-task] level=detail phase=end cache=pc_cache op=lookup enter_time=498 ns done_time=502 ns request_type=PC_LOOKUP task_id=66 msg_type=PC_LOOKUP device_id=10 iova=0x18200 hit=0 affected=0 exec_latency=4 ns total_latency=4 ns
[cache-task] level=detail phase=begin cache=pc_cache op=lookup enter_time=502 ns request_type=PC_LOOKUP task_id=67 msg_type=PC_LOOKUP device_id=10 iova=0x18400
[cache-task] level=detail phase=begin cache=walker_cache op=lookup enter_time=502 ns request_type=WALKER_LOOKUP task_id=57 msg_type=WALKER_LOOKUP stage=STAGE1_AND_2 iova=0x17000
[cache-task] level=detail phase=end cache=pt_cache op=lookup enter_time=501 ns done_time=505 ns request_type=PT_LOOKUP task_id=64 msg_type=PT_LOOKUP stage=STAGE1_ONLY iova=0x17e00 hit=0 affected=0 exec_latency=4 ns total_latency=4 ns
[cache-task] level=detail phase=end cache=pc_cache op=lookup enter_time=502 ns done_time=506 ns request_type=PC_LOOKUP task_id=67 msg_type=PC_LOOKUP device_id=10 iova=0x18400 hit=0 affected=0 exec_latency=4 ns total_latency=4 ns
[cache-task] level=detail phase=begin cache=pc_cache op=lookup enter_time=506 ns request_type=PC_LOOKUP task_id=68 msg_type=PC_LOOKUP device_id=10 iova=0x18600
[cache-task] level=detail phase=end cache=walker_cache op=lookup enter_time=502 ns done_time=506 ns request_type=WALKER_LOOKUP task_id=57 msg_type=WALKER_LOOKUP stage=STAGE1_AND_2 iova=0x17000 hit=1 affected=0 exec_latency=4 ns total_latency=4 ns
[cache-task] level=detail phase=end cache=dc_cache op=lookup enter_time=502 ns done_time=506 ns request_type=DC_LOOKUP task_id=67 msg_type=DC_LOOKUP device_id=10 iova=0x18400 hit=1 affected=0 exec_latency=4 ns total_latency=4 ns
[cache-task] level=detail phase=begin cache=dc_cache op=lookup enter_time=506 ns request_type=DC_LOOKUP task_id=68 msg_type=DC_LOOKUP device_id=10 iova=0x18600
[cache-task] level=detail phase=begin cache=pt_cache op=lookup enter_time=506 ns request_type=PT_LOOKUP task_id=65 msg_type=PT_LOOKUP stage=STAGE1_ONLY iova=0x18000
[cache-task] level=detail phase=begin cache=walker_cache op=lookup enter_time=507 ns request_type=WALKER_LOOKUP task_id=58 msg_type=WALKER_LOOKUP stage=STAGE1_AND_2 iova=0x17200
[cache-task] level=detail phase=end cache=dc_cache op=lookup enter_time=506 ns done_time=510 ns request_type=DC_LOOKUP task_id=68 msg_type=DC_LOOKUP device_id=10 iova=0x18600 hit=1 affected=0 exec_latency=4 ns total_latency=4 ns
[cache-task] level=detail phase=begin cache=dc_cache op=lookup enter_time=510 ns request_type=DC_LOOKUP task_id=69 msg_type=DC_LOOKUP device_id=10 iova=0x18800
[cache-task] level=detail phase=end cache=pt_cache op=lookup enter_time=506 ns done_time=510 ns request_type=PT_LOOKUP task_id=65 msg_type=PT_LOOKUP stage=STAGE1_ONLY iova=0x18000 hit=0 affected=0 exec_latency=4 ns total_latency=4 ns
[cache-task] level=detail phase=end cache=pc_cache op=lookup enter_time=506 ns done_time=510 ns request_type=PC_LOOKUP task_id=68 msg_type=PC_LOOKUP device_id=10 iova=0x18600 hit=0 affected=0 exec_latency=4 ns total_latency=4 ns
[cache-task] level=detail phase=begin cache=pc_cache op=lookup enter_time=510 ns request_type=PC_LOOKUP task_id=69 msg_type=PC_LOOKUP device_id=10 iova=0x18800
[cache-task] level=detail phase=end cache=walker_cache op=lookup enter_time=507 ns done_time=511 ns request_type=WALKER_LOOKUP task_id=58 msg_type=WALKER_LOOKUP stage=STAGE1_AND_2 iova=0x17200 hit=1 affected=0 exec_latency=4 ns total_latency=4 ns
[cache-task] level=detail phase=begin cache=pt_cache op=lookup enter_time=511 ns request_type=PT_LOOKUP task_id=66 msg_type=PT_LOOKUP stage=STAGE1_ONLY iova=0x18200
[cache-task] level=detail phase=begin cache=walker_cache op=lookup enter_time=512 ns request_type=WALKER_LOOKUP task_id=59 msg_type=WALKER_LOOKUP stage=STAGE1_AND_2 iova=0x17400
[cache-task] level=detail phase=end cache=pc_cache op=lookup enter_time=510 ns done_time=514 ns request_type=PC_LOOKUP task_id=69 msg_type=PC_LOOKUP device_id=10 iova=0x18800 hit=0 affected=0 exec_latency=4 ns total_latency=4 ns
[cache-task] level=detail phase=begin cache=pc_cache op=lookup enter_time=514 ns request_type=PC_LOOKUP task_id=70 msg_type=PC_LOOKUP device_id=10 iova=0x18a00
[cache-task] level=detail phase=end cache=dc_cache op=lookup enter_time=510 ns done_time=514 ns request_type=DC_LOOKUP task_id=69 msg_type=DC_LOOKUP device_id=10 iova=0x18800 hit=1 affected=0 exec_latency=4 ns total_latency=4 ns
[cache-task] level=detail phase=begin cache=dc_cache op=lookup enter_time=514 ns request_type=DC_LOOKUP task_id=70 msg_type=DC_LOOKUP device_id=10 iova=0x18a00
[cache-task] level=detail phase=end cache=pt_cache op=lookup enter_time=511 ns done_time=515 ns request_type=PT_LOOKUP task_id=66 msg_type=PT_LOOKUP stage=STAGE1_ONLY iova=0x18200 hit=0 affected=0 exec_latency=4 ns total_latency=4 ns
[cache-task] level=detail phase=end cache=walker_cache op=lookup enter_time=512 ns done_time=516 ns request_type=WALKER_LOOKUP task_id=59 msg_type=WALKER_LOOKUP stage=STAGE1_AND_2 iova=0x17400 hit=1 affected=0 exec_latency=4 ns total_latency=4 ns
[cache-task] level=detail phase=begin cache=pt_cache op=lookup enter_time=516 ns request_type=PT_LOOKUP task_id=67 msg_type=PT_LOOKUP stage=STAGE1_ONLY iova=0x18400
[cache-task] level=detail phase=begin cache=walker_cache op=lookup enter_time=517 ns request_type=WALKER_LOOKUP task_id=60 msg_type=WALKER_LOOKUP stage=STAGE1_AND_2 iova=0x17600
[cache-task] level=detail phase=end cache=pc_cache op=lookup enter_time=514 ns done_time=518 ns request_type=PC_LOOKUP task_id=70 msg_type=PC_LOOKUP device_id=10 iova=0x18a00 hit=0 affected=0 exec_latency=4 ns total_latency=4 ns
[cache-task] level=detail phase=begin cache=pc_cache op=lookup enter_time=518 ns request_type=PC_LOOKUP task_id=71 msg_type=PC_LOOKUP device_id=10 iova=0x18c00
[cache-task] level=detail phase=end cache=dc_cache op=lookup enter_time=514 ns done_time=518 ns request_type=DC_LOOKUP task_id=70 msg_type=DC_LOOKUP device_id=10 iova=0x18a00 hit=1 affected=0 exec_latency=4 ns total_latency=4 ns
[cache-task] level=detail phase=begin cache=dc_cache op=lookup enter_time=518 ns request_type=DC_LOOKUP task_id=71 msg_type=DC_LOOKUP device_id=10 iova=0x18c00
[cache-task] level=detail phase=end cache=pt_cache op=lookup enter_time=516 ns done_time=520 ns request_type=PT_LOOKUP task_id=67 msg_type=PT_LOOKUP stage=STAGE1_ONLY iova=0x18400 hit=0 affected=0 exec_latency=4 ns total_latency=4 ns
[cache-task] level=detail phase=end cache=walker_cache op=lookup enter_time=517 ns done_time=521 ns request_type=WALKER_LOOKUP task_id=60 msg_type=WALKER_LOOKUP stage=STAGE1_AND_2 iova=0x17600 hit=1 affected=0 exec_latency=4 ns total_latency=4 ns
[cache-task] level=detail phase=begin cache=pt_cache op=lookup enter_time=521 ns request_type=PT_LOOKUP task_id=68 msg_type=PT_LOOKUP stage=STAGE1_ONLY iova=0x18600
[cache-task] level=detail phase=end cache=pc_cache op=lookup enter_time=518 ns done_time=522 ns request_type=PC_LOOKUP task_id=71 msg_type=PC_LOOKUP device_id=10 iova=0x18c00 hit=0 affected=0 exec_latency=4 ns total_latency=4 ns
[cache-task] level=detail phase=begin cache=pc_cache op=lookup enter_time=522 ns request_type=PC_LOOKUP task_id=72 msg_type=PC_LOOKUP device_id=10 iova=0x18e00
[cache-task] level=detail phase=end cache=dc_cache op=lookup enter_time=518 ns done_time=522 ns request_type=DC_LOOKUP task_id=71 msg_type=DC_LOOKUP device_id=10 iova=0x18c00 hit=1 affected=0 exec_latency=4 ns total_latency=4 ns
[cache-task] level=detail phase=begin cache=dc_cache op=lookup enter_time=522 ns request_type=DC_LOOKUP task_id=72 msg_type=DC_LOOKUP device_id=10 iova=0x18e00
[cache-task] level=detail phase=begin cache=walker_cache op=lookup enter_time=522 ns request_type=WALKER_LOOKUP task_id=61 msg_type=WALKER_LOOKUP stage=STAGE1_AND_2 iova=0x17800
[cache-task] level=detail phase=begin cache=pt_cache op=update enter_time=524 ns request_type=PT_UPDATE task_id=4 msg_type=PT_UPDATE stage=STAGE1_ONLY iova=0x10600
[cache-task] level=detail phase=end cache=pt_cache op=lookup enter_time=521 ns done_time=525 ns request_type=PT_LOOKUP task_id=68 msg_type=PT_LOOKUP stage=STAGE1_ONLY iova=0x18600 hit=0 affected=0 exec_latency=4 ns total_latency=4 ns
[cache-task] level=detail phase=end cache=walker_cache op=lookup enter_time=522 ns done_time=526 ns request_type=WALKER_LOOKUP task_id=61 msg_type=WALKER_LOOKUP stage=STAGE1_AND_2 iova=0x17800 hit=1 affected=0 exec_latency=4 ns total_latency=4 ns
[cache-task] level=detail phase=end cache=dc_cache op=lookup enter_time=522 ns done_time=526 ns request_type=DC_LOOKUP task_id=72 msg_type=DC_LOOKUP device_id=10 iova=0x18e00 hit=1 affected=0 exec_latency=4 ns total_latency=4 ns
[cache-task] level=detail phase=end cache=pc_cache op=lookup enter_time=522 ns done_time=526 ns request_type=PC_LOOKUP task_id=72 msg_type=PC_LOOKUP device_id=10 iova=0x18e00 hit=0 affected=0 exec_latency=4 ns total_latency=4 ns
[cache-task] level=detail phase=begin cache=walker_cache op=update enter_time=526 ns request_type=WALKER_UPDATE task_id=4 msg_type=WALKER_UPDATE stage=STAGE1_AND_2 iova=0x10600
[cache-task] level=detail phase=begin cache=pt_cache op=lookup enter_time=526 ns request_type=PT_LOOKUP task_id=69 msg_type=PT_LOOKUP stage=STAGE1_ONLY iova=0x18800
[cache-task] level=detail phase=end cache=pt_cache op=update enter_time=524 ns done_time=530 ns request_type=PT_UPDATE task_id=4 msg_type=PT_UPDATE stage=STAGE1_ONLY iova=0x10600 hit=0 affected=0 exec_latency=0 s total_latency=6 ns
[cache-task] level=detail phase=end cache=walker_cache op=update enter_time=526 ns done_time=531 ns request_type=WALKER_UPDATE task_id=4 msg_type=WALKER_UPDATE stage=STAGE1_AND_2 iova=0x10600 hit=0 affected=0 exec_latency=5 ns total_latency=5 ns
[cache-task] level=detail phase=begin cache=walker_cache op=lookup enter_time=531 ns request_type=WALKER_LOOKUP task_id=62 msg_type=WALKER_LOOKUP stage=STAGE1_AND_2 iova=0x17a00
[cache-task] level=detail phase=end cache=pt_cache op=lookup enter_time=526 ns done_time=534 ns request_type=PT_LOOKUP task_id=69 msg_type=PT_LOOKUP stage=STAGE1_ONLY iova=0x18800 hit=0 affected=0 exec_latency=4 ns total_latency=8 ns
[cache-task] level=detail phase=end cache=walker_cache op=lookup enter_time=531 ns done_time=535 ns request_type=WALKER_LOOKUP task_id=62 msg_type=WALKER_LOOKUP stage=STAGE1_AND_2 iova=0x17a00 hit=1 affected=0 exec_latency=4 ns total_latency=4 ns
[cache-task] level=detail phase=begin cache=pt_cache op=lookup enter_time=535 ns request_type=PT_LOOKUP task_id=70 msg_type=PT_LOOKUP stage=STAGE1_ONLY iova=0x18a00
[cache-task] level=detail phase=begin cache=walker_cache op=lookup enter_time=536 ns request_type=WALKER_LOOKUP task_id=63 msg_type=WALKER_LOOKUP stage=STAGE1_AND_2 iova=0x17c00
[cache-task] level=detail phase=end cache=pt_cache op=lookup enter_time=535 ns done_time=539 ns request_type=PT_LOOKUP task_id=70 msg_type=PT_LOOKUP stage=STAGE1_ONLY iova=0x18a00 hit=0 affected=0 exec_latency=4 ns total_latency=4 ns
[cache-task] level=detail phase=end cache=walker_cache op=lookup enter_time=536 ns done_time=540 ns request_type=WALKER_LOOKUP task_id=63 msg_type=WALKER_LOOKUP stage=STAGE1_AND_2 iova=0x17c00 hit=1 affected=0 exec_latency=4 ns total_latency=4 ns
[cache-task] level=detail phase=begin cache=pt_cache op=lookup enter_time=540 ns request_type=PT_LOOKUP task_id=71 msg_type=PT_LOOKUP stage=STAGE1_ONLY iova=0x18c00
[cache-task] level=detail phase=begin cache=walker_cache op=lookup enter_time=541 ns request_type=WALKER_LOOKUP task_id=64 msg_type=WALKER_LOOKUP stage=STAGE1_AND_2 iova=0x17e00
[cache-task] level=detail phase=end cache=pt_cache op=lookup enter_time=540 ns done_time=544 ns request_type=PT_LOOKUP task_id=71 msg_type=PT_LOOKUP stage=STAGE1_ONLY iova=0x18c00 hit=0 affected=0 exec_latency=4 ns total_latency=4 ns
[cache-task] level=detail phase=end cache=walker_cache op=lookup enter_time=541 ns done_time=545 ns request_type=WALKER_LOOKUP task_id=64 msg_type=WALKER_LOOKUP stage=STAGE1_AND_2 iova=0x17e00 hit=1 affected=0 exec_latency=4 ns total_latency=4 ns
[cache-task] level=detail phase=begin cache=pt_cache op=lookup enter_time=545 ns request_type=PT_LOOKUP task_id=72 msg_type=PT_LOOKUP stage=STAGE1_ONLY iova=0x18e00
[cache-task] level=detail phase=begin cache=walker_cache op=lookup enter_time=546 ns request_type=WALKER_LOOKUP task_id=65 msg_type=WALKER_LOOKUP stage=STAGE1_AND_2 iova=0x18000
[cache-task] level=detail phase=end cache=pt_cache op=lookup enter_time=545 ns done_time=549 ns request_type=PT_LOOKUP task_id=72 msg_type=PT_LOOKUP stage=STAGE1_ONLY iova=0x18e00 hit=0 affected=0 exec_latency=4 ns total_latency=4 ns
[cache-task] level=detail phase=begin cache=dc_cache op=lookup enter_time=549 ns request_type=DC_LOOKUP task_id=73 msg_type=DC_LOOKUP device_id=10 iova=0x19000
[cache-task] level=detail phase=begin cache=pc_cache op=lookup enter_time=549 ns request_type=PC_LOOKUP task_id=73 msg_type=PC_LOOKUP device_id=10 iova=0x19000
[cache-task] level=detail phase=end cache=walker_cache op=lookup enter_time=546 ns done_time=550 ns request_type=WALKER_LOOKUP task_id=65 msg_type=WALKER_LOOKUP stage=STAGE1_AND_2 iova=0x18000 hit=1 affected=0 exec_latency=4 ns total_latency=4 ns
[cache-task] level=detail phase=begin cache=walker_cache op=lookup enter_time=551 ns request_type=WALKER_LOOKUP task_id=66 msg_type=WALKER_LOOKUP stage=STAGE1_AND_2 iova=0x18200
[cache-task] level=detail phase=end cache=pc_cache op=lookup enter_time=549 ns done_time=553 ns request_type=PC_LOOKUP task_id=73 msg_type=PC_LOOKUP device_id=10 iova=0x19000 hit=0 affected=0 exec_latency=4 ns total_latency=4 ns
[cache-task] level=detail phase=begin cache=pc_cache op=lookup enter_time=553 ns request_type=PC_LOOKUP task_id=74 msg_type=PC_LOOKUP device_id=10 iova=0x19200
[cache-task] level=detail phase=end cache=dc_cache op=lookup enter_time=549 ns done_time=553 ns request_type=DC_LOOKUP task_id=73 msg_type=DC_LOOKUP device_id=10 iova=0x19000 hit=1 affected=0 exec_latency=4 ns total_latency=4 ns
[cache-task] level=detail phase=begin cache=dc_cache op=lookup enter_time=553 ns request_type=DC_LOOKUP task_id=74 msg_type=DC_LOOKUP device_id=10 iova=0x19200
[cache-task] level=detail phase=begin cache=pt_cache op=lookup enter_time=554 ns request_type=PT_LOOKUP task_id=73 msg_type=PT_LOOKUP stage=STAGE1_ONLY iova=0x19000
[cache-task] level=detail phase=end cache=walker_cache op=lookup enter_time=551 ns done_time=555 ns request_type=WALKER_LOOKUP task_id=66 msg_type=WALKER_LOOKUP stage=STAGE1_AND_2 iova=0x18200 hit=1 affected=0 exec_latency=4 ns total_latency=4 ns
[cache-task] level=detail phase=begin cache=walker_cache op=lookup enter_time=556 ns request_type=WALKER_LOOKUP task_id=67 msg_type=WALKER_LOOKUP stage=STAGE1_AND_2 iova=0x18400
[cache-task] level=detail phase=end cache=pc_cache op=lookup enter_time=553 ns done_time=557 ns request_type=PC_LOOKUP task_id=74 msg_type=PC_LOOKUP device_id=10 iova=0x19200 hit=0 affected=0 exec_latency=4 ns total_latency=4 ns
[cache-task] level=detail phase=begin cache=pc_cache op=lookup enter_time=557 ns request_type=PC_LOOKUP task_id=75 msg_type=PC_LOOKUP device_id=10 iova=0x19400
[cache-task] level=detail phase=end cache=dc_cache op=lookup enter_time=553 ns done_time=557 ns request_type=DC_LOOKUP task_id=74 msg_type=DC_LOOKUP device_id=10 iova=0x19200 hit=1 affected=0 exec_latency=4 ns total_latency=4 ns
[cache-task] level=detail phase=begin cache=dc_cache op=lookup enter_time=557 ns request_type=DC_LOOKUP task_id=75 msg_type=DC_LOOKUP device_id=10 iova=0x19400
[cache-task] level=detail phase=end cache=pt_cache op=lookup enter_time=554 ns done_time=558 ns request_type=PT_LOOKUP task_id=73 msg_type=PT_LOOKUP stage=STAGE1_ONLY iova=0x19000 hit=0 affected=0 exec_latency=4 ns total_latency=4 ns
[cache-task] level=detail phase=begin cache=pt_cache op=lookup enter_time=558 ns request_type=PT_LOOKUP task_id=74 msg_type=PT_LOOKUP stage=STAGE1_ONLY iova=0x19200
[cache-task] level=detail phase=end cache=walker_cache op=lookup enter_time=556 ns done_time=560 ns request_type=WALKER_LOOKUP task_id=67 msg_type=WALKER_LOOKUP stage=STAGE1_AND_2 iova=0x18400 hit=1 affected=0 exec_latency=4 ns total_latency=4 ns
[cache-task] level=detail phase=end cache=pc_cache op=lookup enter_time=557 ns done_time=561 ns request_type=PC_LOOKUP task_id=75 msg_type=PC_LOOKUP device_id=10 iova=0x19400 hit=0 affected=0 exec_latency=4 ns total_latency=4 ns
[cache-task] level=detail phase=begin cache=pc_cache op=lookup enter_time=561 ns request_type=PC_LOOKUP task_id=76 msg_type=PC_LOOKUP device_id=10 iova=0x19600
[cache-task] level=detail phase=end cache=dc_cache op=lookup enter_time=557 ns done_time=561 ns request_type=DC_LOOKUP task_id=75 msg_type=DC_LOOKUP device_id=10 iova=0x19400 hit=1 affected=0 exec_latency=4 ns total_latency=4 ns
[cache-task] level=detail phase=begin cache=dc_cache op=lookup enter_time=561 ns request_type=DC_LOOKUP task_id=76 msg_type=DC_LOOKUP device_id=10 iova=0x19600
[cache-task] level=detail phase=begin cache=walker_cache op=lookup enter_time=561 ns request_type=WALKER_LOOKUP task_id=68 msg_type=WALKER_LOOKUP stage=STAGE1_AND_2 iova=0x18600
[cache-task] level=detail phase=end cache=pt_cache op=lookup enter_time=558 ns done_time=562 ns request_type=PT_LOOKUP task_id=74 msg_type=PT_LOOKUP stage=STAGE1_ONLY iova=0x19200 hit=0 affected=0 exec_latency=4 ns total_latency=4 ns
[cache-task] level=detail phase=begin cache=pt_cache op=lookup enter_time=562 ns request_type=PT_LOOKUP task_id=75 msg_type=PT_LOOKUP stage=STAGE1_ONLY iova=0x19400
[cache-task] level=detail phase=end cache=pc_cache op=lookup enter_time=561 ns done_time=565 ns request_type=PC_LOOKUP task_id=76 msg_type=PC_LOOKUP device_id=10 iova=0x19600 hit=0 affected=0 exec_latency=4 ns total_latency=4 ns
[cache-task] level=detail phase=begin cache=pc_cache op=lookup enter_time=565 ns request_type=PC_LOOKUP task_id=77 msg_type=PC_LOOKUP device_id=10 iova=0x19800
[cache-task] level=detail phase=end cache=walker_cache op=lookup enter_time=561 ns done_time=565 ns request_type=WALKER_LOOKUP task_id=68 msg_type=WALKER_LOOKUP stage=STAGE1_AND_2 iova=0x18600 hit=1 affected=0 exec_latency=4 ns total_latency=4 ns
[cache-task] level=detail phase=end cache=dc_cache op=lookup enter_time=561 ns done_time=565 ns request_type=DC_LOOKUP task_id=76 msg_type=DC_LOOKUP device_id=10 iova=0x19600 hit=1 affected=0 exec_latency=4 ns total_latency=4 ns
[cache-task] level=detail phase=begin cache=dc_cache op=lookup enter_time=565 ns request_type=DC_LOOKUP task_id=77 msg_type=DC_LOOKUP device_id=10 iova=0x19800
[cache-task] level=detail phase=end cache=pt_cache op=lookup enter_time=562 ns done_time=566 ns request_type=PT_LOOKUP task_id=75 msg_type=PT_LOOKUP stage=STAGE1_ONLY iova=0x19400 hit=0 affected=0 exec_latency=4 ns total_latency=4 ns
[cache-task] level=detail phase=begin cache=walker_cache op=lookup enter_time=566 ns request_type=WALKER_LOOKUP task_id=69 msg_type=WALKER_LOOKUP stage=STAGE1_AND_2 iova=0x18800
[cache-task] level=detail phase=begin cache=pt_cache op=lookup enter_time=566 ns request_type=PT_LOOKUP task_id=76 msg_type=PT_LOOKUP stage=STAGE1_ONLY iova=0x19600
[cache-task] level=detail phase=end cache=dc_cache op=lookup enter_time=565 ns done_time=569 ns request_type=DC_LOOKUP task_id=77 msg_type=DC_LOOKUP device_id=10 iova=0x19800 hit=1 affected=0 exec_latency=4 ns total_latency=4 ns
[cache-task] level=detail phase=begin cache=dc_cache op=lookup enter_time=569 ns request_type=DC_LOOKUP task_id=78 msg_type=DC_LOOKUP device_id=10 iova=0x19a00
[cache-task] level=detail phase=end cache=pc_cache op=lookup enter_time=565 ns done_time=569 ns request_type=PC_LOOKUP task_id=77 msg_type=PC_LOOKUP device_id=10 iova=0x19800 hit=0 affected=0 exec_latency=4 ns total_latency=4 ns
[cache-task] level=detail phase=begin cache=pc_cache op=lookup enter_time=569 ns request_type=PC_LOOKUP task_id=78 msg_type=PC_LOOKUP device_id=10 iova=0x19a00
[cache-task] level=detail phase=end cache=walker_cache op=lookup enter_time=566 ns done_time=570 ns request_type=WALKER_LOOKUP task_id=69 msg_type=WALKER_LOOKUP stage=STAGE1_AND_2 iova=0x18800 hit=1 affected=0 exec_latency=4 ns total_latency=4 ns
[cache-task] level=detail phase=end cache=pt_cache op=lookup enter_time=566 ns done_time=570 ns request_type=PT_LOOKUP task_id=76 msg_type=PT_LOOKUP stage=STAGE1_ONLY iova=0x19600 hit=0 affected=0 exec_latency=4 ns total_latency=4 ns
[cache-task] level=detail phase=begin cache=pt_cache op=lookup enter_time=570 ns request_type=PT_LOOKUP task_id=77 msg_type=PT_LOOKUP stage=STAGE1_ONLY iova=0x19800
[cache-task] level=detail phase=begin cache=walker_cache op=lookup enter_time=571 ns request_type=WALKER_LOOKUP task_id=70 msg_type=WALKER_LOOKUP stage=STAGE1_AND_2 iova=0x18a00
[cache-task] level=detail phase=end cache=dc_cache op=lookup enter_time=569 ns done_time=573 ns request_type=DC_LOOKUP task_id=78 msg_type=DC_LOOKUP device_id=10 iova=0x19a00 hit=1 affected=0 exec_latency=4 ns total_latency=4 ns
[cache-task] level=detail phase=begin cache=dc_cache op=lookup enter_time=573 ns request_type=DC_LOOKUP task_id=79 msg_type=DC_LOOKUP device_id=10 iova=0x19c00
[cache-task] level=detail phase=end cache=pc_cache op=lookup enter_time=569 ns done_time=573 ns request_type=PC_LOOKUP task_id=78 msg_type=PC_LOOKUP device_id=10 iova=0x19a00 hit=0 affected=0 exec_latency=4 ns total_latency=4 ns
[cache-task] level=detail phase=begin cache=pc_cache op=lookup enter_time=573 ns request_type=PC_LOOKUP task_id=79 msg_type=PC_LOOKUP device_id=10 iova=0x19c00
[cache-task] level=detail phase=end cache=pt_cache op=lookup enter_time=570 ns done_time=574 ns request_type=PT_LOOKUP task_id=77 msg_type=PT_LOOKUP stage=STAGE1_ONLY iova=0x19800 hit=0 affected=0 exec_latency=4 ns total_latency=4 ns
[cache-task] level=detail phase=begin cache=pt_cache op=update enter_time=574 ns request_type=PT_UPDATE task_id=8 msg_type=PT_UPDATE stage=STAGE1_ONLY iova=0x10e00
[cache-task] level=detail phase=end cache=walker_cache op=lookup enter_time=571 ns done_time=575 ns request_type=WALKER_LOOKUP task_id=70 msg_type=WALKER_LOOKUP stage=STAGE1_AND_2 iova=0x18a00 hit=1 affected=0 exec_latency=4 ns total_latency=4 ns
[cache-task] level=detail phase=begin cache=walker_cache op=update enter_time=575 ns request_type=WALKER_UPDATE task_id=8 msg_type=WALKER_UPDATE stage=STAGE1_AND_2 iova=0x10e00
[cache-task] level=detail phase=begin cache=pt_cache op=lookup enter_time=575 ns request_type=PT_LOOKUP task_id=78 msg_type=PT_LOOKUP stage=STAGE1_ONLY iova=0x19a00
[cache-task] level=detail phase=end cache=dc_cache op=lookup enter_time=573 ns done_time=577 ns request_type=DC_LOOKUP task_id=79 msg_type=DC_LOOKUP device_id=10 iova=0x19c00 hit=1 affected=0 exec_latency=4 ns total_latency=4 ns
[cache-task] level=detail phase=begin cache=dc_cache op=lookup enter_time=577 ns request_type=DC_LOOKUP task_id=80 msg_type=DC_LOOKUP device_id=10 iova=0x19e00
[cache-task] level=detail phase=end cache=pc_cache op=lookup enter_time=573 ns done_time=577 ns request_type=PC_LOOKUP task_id=79 msg_type=PC_LOOKUP device_id=10 iova=0x19c00 hit=0 affected=0 exec_latency=4 ns total_latency=4 ns
[cache-task] level=detail phase=begin cache=pc_cache op=lookup enter_time=577 ns request_type=PC_LOOKUP task_id=80 msg_type=PC_LOOKUP device_id=10 iova=0x19e00
[cache-task] level=detail phase=end cache=pt_cache op=update enter_time=574 ns done_time=579 ns request_type=PT_UPDATE task_id=8 msg_type=PT_UPDATE stage=STAGE1_ONLY iova=0x10e00 hit=0 affected=0 exec_latency=0 s total_latency=5 ns
[cache-task] level=detail phase=end cache=walker_cache op=update enter_time=575 ns done_time=580 ns request_type=WALKER_UPDATE task_id=8 msg_type=WALKER_UPDATE stage=STAGE1_AND_2 iova=0x10e00 hit=0 affected=0 exec_latency=5 ns total_latency=5 ns
[cache-task] level=detail phase=begin cache=walker_cache op=lookup enter_time=580 ns request_type=WALKER_LOOKUP task_id=71 msg_type=WALKER_LOOKUP stage=STAGE1_AND_2 iova=0x18c00
[cache-task] level=detail phase=end cache=pc_cache op=lookup enter_time=577 ns done_time=581 ns request_type=PC_LOOKUP task_id=80 msg_type=PC_LOOKUP device_id=10 iova=0x19e00 hit=0 affected=0 exec_latency=4 ns total_latency=4 ns
[cache-task] level=detail phase=end cache=dc_cache op=lookup enter_time=577 ns done_time=581 ns request_type=DC_LOOKUP task_id=80 msg_type=DC_LOOKUP device_id=10 iova=0x19e00 hit=1 affected=0 exec_latency=4 ns total_latency=4 ns
[cache-task] level=detail phase=end cache=pt_cache op=lookup enter_time=575 ns done_time=583 ns request_type=PT_LOOKUP task_id=78 msg_type=PT_LOOKUP stage=STAGE1_ONLY iova=0x19a00 hit=0 affected=0 exec_latency=4 ns total_latency=8 ns
[cache-task] level=detail phase=end cache=walker_cache op=lookup enter_time=580 ns done_time=584 ns request_type=WALKER_LOOKUP task_id=71 msg_type=WALKER_LOOKUP stage=STAGE1_AND_2 iova=0x18c00 hit=1 affected=0 exec_latency=4 ns total_latency=4 ns
[cache-task] level=detail phase=begin cache=pt_cache op=lookup enter_time=584 ns request_type=PT_LOOKUP task_id=79 msg_type=PT_LOOKUP stage=STAGE1_ONLY iova=0x19c00
[cache-task] level=detail phase=begin cache=walker_cache op=lookup enter_time=585 ns request_type=WALKER_LOOKUP task_id=72 msg_type=WALKER_LOOKUP stage=STAGE1_AND_2 iova=0x18e00
[cache-task] level=detail phase=end cache=pt_cache op=lookup enter_time=584 ns done_time=588 ns request_type=PT_LOOKUP task_id=79 msg_type=PT_LOOKUP stage=STAGE1_ONLY iova=0x19c00 hit=0 affected=0 exec_latency=4 ns total_latency=4 ns
[cache-task] level=detail phase=end cache=walker_cache op=lookup enter_time=585 ns done_time=589 ns request_type=WALKER_LOOKUP task_id=72 msg_type=WALKER_LOOKUP stage=STAGE1_AND_2 iova=0x18e00 hit=1 affected=0 exec_latency=4 ns total_latency=4 ns
[cache-task] level=detail phase=begin cache=pt_cache op=lookup enter_time=589 ns request_type=PT_LOOKUP task_id=80 msg_type=PT_LOOKUP stage=STAGE1_ONLY iova=0x19e00
[cache-task] level=detail phase=begin cache=walker_cache op=lookup enter_time=590 ns request_type=WALKER_LOOKUP task_id=73 msg_type=WALKER_LOOKUP stage=STAGE1_AND_2 iova=0x19000
[cache-task] level=detail phase=end cache=pt_cache op=lookup enter_time=589 ns done_time=593 ns request_type=PT_LOOKUP task_id=80 msg_type=PT_LOOKUP stage=STAGE1_ONLY iova=0x19e00 hit=0 affected=0 exec_latency=4 ns total_latency=4 ns
[cache-task] level=detail phase=end cache=walker_cache op=lookup enter_time=590 ns done_time=594 ns request_type=WALKER_LOOKUP task_id=73 msg_type=WALKER_LOOKUP stage=STAGE1_AND_2 iova=0x19000 hit=1 affected=0 exec_latency=4 ns total_latency=4 ns
[cache-task] level=detail phase=begin cache=walker_cache op=lookup enter_time=595 ns request_type=WALKER_LOOKUP task_id=74 msg_type=WALKER_LOOKUP stage=STAGE1_AND_2 iova=0x19200
[cache-task] level=detail phase=end cache=walker_cache op=lookup enter_time=595 ns done_time=599 ns request_type=WALKER_LOOKUP task_id=74 msg_type=WALKER_LOOKUP stage=STAGE1_AND_2 iova=0x19200 hit=1 affected=0 exec_latency=4 ns total_latency=4 ns
[cache-task] level=detail phase=begin cache=walker_cache op=lookup enter_time=600 ns request_type=WALKER_LOOKUP task_id=75 msg_type=WALKER_LOOKUP stage=STAGE1_AND_2 iova=0x19400
[cache-task] level=detail phase=end cache=walker_cache op=lookup enter_time=600 ns done_time=604 ns request_type=WALKER_LOOKUP task_id=75 msg_type=WALKER_LOOKUP stage=STAGE1_AND_2 iova=0x19400 hit=1 affected=0 exec_latency=4 ns total_latency=4 ns
[cache-task] level=detail phase=begin cache=dc_cache op=lookup enter_time=604 ns request_type=DC_LOOKUP task_id=81 msg_type=DC_LOOKUP device_id=10 iova=0x1a000
[cache-task] level=detail phase=begin cache=pc_cache op=lookup enter_time=604 ns request_type=PC_LOOKUP task_id=81 msg_type=PC_LOOKUP device_id=10 iova=0x1a000
[cache-task] level=detail phase=begin cache=walker_cache op=lookup enter_time=605 ns request_type=WALKER_LOOKUP task_id=76 msg_type=WALKER_LOOKUP stage=STAGE1_AND_2 iova=0x19600
[cache-task] level=detail phase=end cache=dc_cache op=lookup enter_time=604 ns done_time=608 ns request_type=DC_LOOKUP task_id=81 msg_type=DC_LOOKUP device_id=10 iova=0x1a000 hit=1 affected=0 exec_latency=4 ns total_latency=4 ns
[cache-task] level=detail phase=begin cache=dc_cache op=lookup enter_time=608 ns request_type=DC_LOOKUP task_id=82 msg_type=DC_LOOKUP device_id=10 iova=0x1a200
[cache-task] level=detail phase=end cache=pc_cache op=lookup enter_time=604 ns done_time=608 ns request_type=PC_LOOKUP task_id=81 msg_type=PC_LOOKUP device_id=10 iova=0x1a000 hit=0 affected=0 exec_latency=4 ns total_latency=4 ns
[cache-task] level=detail phase=begin cache=pc_cache op=lookup enter_time=608 ns request_type=PC_LOOKUP task_id=82 msg_type=PC_LOOKUP device_id=10 iova=0x1a200
[cache-task] level=detail phase=end cache=walker_cache op=lookup enter_time=605 ns done_time=609 ns request_type=WALKER_LOOKUP task_id=76 msg_type=WALKER_LOOKUP stage=STAGE1_AND_2 iova=0x19600 hit=1 affected=0 exec_latency=4 ns total_latency=4 ns
[cache-task] level=detail phase=begin cache=pt_cache op=lookup enter_time=609 ns request_type=PT_LOOKUP task_id=81 msg_type=PT_LOOKUP stage=STAGE1_ONLY iova=0x1a000
[cache-task] level=detail phase=begin cache=walker_cache op=lookup enter_time=610 ns request_type=WALKER_LOOKUP task_id=77 msg_type=WALKER_LOOKUP stage=STAGE1_AND_2 iova=0x19800
[cache-task] level=detail phase=end cache=dc_cache op=lookup enter_time=608 ns done_time=612 ns request_type=DC_LOOKUP task_id=82 msg_type=DC_LOOKUP device_id=10 iova=0x1a200 hit=1 affected=0 exec_latency=4 ns total_latency=4 ns
[cache-task] level=detail phase=begin cache=dc_cache op=lookup enter_time=612 ns request_type=DC_LOOKUP task_id=83 msg_type=DC_LOOKUP device_id=10 iova=0x1a400
[cache-task] level=detail phase=end cache=pc_cache op=lookup enter_time=608 ns done_time=612 ns request_type=PC_LOOKUP task_id=82 msg_type=PC_LOOKUP device_id=10 iova=0x1a200 hit=0 affected=0 exec_latency=4 ns total_latency=4 ns
[cache-task] level=detail phase=begin cache=pc_cache op=lookup enter_time=612 ns request_type=PC_LOOKUP task_id=83 msg_type=PC_LOOKUP device_id=10 iova=0x1a400
[cache-task] level=detail phase=begin cache=pt_cache op=update enter_time=612 ns request_type=PT_UPDATE task_id=6 msg_type=PT_UPDATE stage=STAGE1_ONLY iova=0x10a00
[cache-task] level=detail phase=end cache=pt_cache op=lookup enter_time=609 ns done_time=613 ns request_type=PT_LOOKUP task_id=81 msg_type=PT_LOOKUP stage=STAGE1_ONLY iova=0x1a000 hit=0 affected=0 exec_latency=4 ns total_latency=4 ns
[cache-task] level=detail phase=begin cache=pt_cache op=lookup enter_time=613 ns request_type=PT_LOOKUP task_id=82 msg_type=PT_LOOKUP stage=STAGE1_ONLY iova=0x1a200
[cache-task] level=detail phase=end cache=walker_cache op=lookup enter_time=610 ns done_time=614 ns request_type=WALKER_LOOKUP task_id=77 msg_type=WALKER_LOOKUP stage=STAGE1_AND_2 iova=0x19800 hit=1 affected=0 exec_latency=4 ns total_latency=4 ns
[cache-task] level=detail phase=begin cache=walker_cache op=update enter_time=614 ns request_type=WALKER_UPDATE task_id=6 msg_type=WALKER_UPDATE stage=STAGE1_AND_2 iova=0x10a00
[cache-task] level=detail phase=end cache=pc_cache op=lookup enter_time=612 ns done_time=616 ns request_type=PC_LOOKUP task_id=83 msg_type=PC_LOOKUP device_id=10 iova=0x1a400 hit=0 affected=0 exec_latency=4 ns total_latency=4 ns
[cache-task] level=detail phase=begin cache=pc_cache op=lookup enter_time=616 ns request_type=PC_LOOKUP task_id=84 msg_type=PC_LOOKUP device_id=10 iova=0x1a600
[cache-task] level=detail phase=end cache=dc_cache op=lookup enter_time=612 ns done_time=616 ns request_type=DC_LOOKUP task_id=83 msg_type=DC_LOOKUP device_id=10 iova=0x1a400 hit=1 affected=0 exec_latency=4 ns total_latency=4 ns
[cache-task] level=detail phase=begin cache=dc_cache op=lookup enter_time=616 ns request_type=DC_LOOKUP task_id=84 msg_type=DC_LOOKUP device_id=10 iova=0x1a600
[cache-task] level=detail phase=end cache=pt_cache op=update enter_time=612 ns done_time=618 ns request_type=PT_UPDATE task_id=6 msg_type=PT_UPDATE stage=STAGE1_ONLY iova=0x10a00 hit=0 affected=0 exec_latency=0 s total_latency=6 ns
[cache-task] level=detail phase=end cache=walker_cache op=update enter_time=614 ns done_time=619 ns request_type=WALKER_UPDATE task_id=6 msg_type=WALKER_UPDATE stage=STAGE1_AND_2 iova=0x10a00 hit=0 affected=0 exec_latency=5 ns total_latency=5 ns
[cache-task] level=detail phase=begin cache=walker_cache op=lookup enter_time=619 ns request_type=WALKER_LOOKUP task_id=78 msg_type=WALKER_LOOKUP stage=STAGE1_AND_2 iova=0x19a00
[cache-task] level=detail phase=end cache=dc_cache op=lookup enter_time=616 ns done_time=620 ns request_type=DC_LOOKUP task_id=84 msg_type=DC_LOOKUP device_id=10 iova=0x1a600 hit=1 affected=0 exec_latency=4 ns total_latency=4 ns
[cache-task] level=detail phase=begin cache=dc_cache op=lookup enter_time=620 ns request_type=DC_LOOKUP task_id=85 msg_type=DC_LOOKUP device_id=10 iova=0x1a800
[cache-task] level=detail phase=end cache=pc_cache op=lookup enter_time=616 ns done_time=620 ns request_type=PC_LOOKUP task_id=84 msg_type=PC_LOOKUP device_id=10 iova=0x1a600 hit=0 affected=0 exec_latency=4 ns total_latency=4 ns
[cache-task] level=detail phase=begin cache=pc_cache op=lookup enter_time=620 ns request_type=PC_LOOKUP task_id=85 msg_type=PC_LOOKUP device_id=10 iova=0x1a800
[cache-task] level=detail phase=end cache=pt_cache op=lookup enter_time=613 ns done_time=622 ns request_type=PT_LOOKUP task_id=82 msg_type=PT_LOOKUP stage=STAGE1_ONLY iova=0x1a200 hit=0 affected=0 exec_latency=4 ns total_latency=9 ns
[cache-task] level=detail phase=begin cache=pt_cache op=lookup enter_time=622 ns request_type=PT_LOOKUP task_id=83 msg_type=PT_LOOKUP stage=STAGE1_ONLY iova=0x1a400
[cache-task] level=detail phase=end cache=walker_cache op=lookup enter_time=619 ns done_time=623 ns request_type=WALKER_LOOKUP task_id=78 msg_type=WALKER_LOOKUP stage=STAGE1_AND_2 iova=0x19a00 hit=1 affected=0 exec_latency=4 ns total_latency=4 ns
[cache-task] level=detail phase=end cache=dc_cache op=lookup enter_time=620 ns done_time=624 ns request_type=DC_LOOKUP task_id=85 msg_type=DC_LOOKUP device_id=10 iova=0x1a800 hit=1 affected=0 exec_latency=4 ns total_latency=4 ns
[cache-task] level=detail phase=begin cache=dc_cache op=lookup enter_time=624 ns request_type=DC_LOOKUP task_id=86 msg_type=DC_LOOKUP device_id=10 iova=0x1aa00
[cache-task] level=detail phase=end cache=pc_cache op=lookup enter_time=620 ns done_time=624 ns request_type=PC_LOOKUP task_id=85 msg_type=PC_LOOKUP device_id=10 iova=0x1a800 hit=0 affected=0 exec_latency=4 ns total_latency=4 ns
[cache-task] level=detail phase=begin cache=pc_cache op=lookup enter_time=624 ns request_type=PC_LOOKUP task_id=86 msg_type=PC_LOOKUP device_id=10 iova=0x1aa00
[cache-task] level=detail phase=begin cache=walker_cache op=lookup enter_time=624 ns request_type=WALKER_LOOKUP task_id=79 msg_type=WALKER_LOOKUP stage=STAGE1_AND_2 iova=0x19c00
[cache-task] level=detail phase=end cache=pt_cache op=lookup enter_time=622 ns done_time=626 ns request_type=PT_LOOKUP task_id=83 msg_type=PT_LOOKUP stage=STAGE1_ONLY iova=0x1a400 hit=0 affected=0 exec_latency=4 ns total_latency=4 ns
[cache-task] level=detail phase=begin cache=pt_cache op=lookup enter_time=626 ns request_type=PT_LOOKUP task_id=84 msg_type=PT_LOOKUP stage=STAGE1_ONLY iova=0x1a600
[cache-task] level=detail phase=end cache=walker_cache op=lookup enter_time=624 ns done_time=628 ns request_type=WALKER_LOOKUP task_id=79 msg_type=WALKER_LOOKUP stage=STAGE1_AND_2 iova=0x19c00 hit=1 affected=0 exec_latency=4 ns total_latency=4 ns
[cache-task] level=detail phase=end cache=pc_cache op=lookup enter_time=624 ns done_time=628 ns request_type=PC_LOOKUP task_id=86 msg_type=PC_LOOKUP device_id=10 iova=0x1aa00 hit=0 affected=0 exec_latency=4 ns total_latency=4 ns
[cache-task] level=detail phase=begin cache=pc_cache op=lookup enter_time=628 ns request_type=PC_LOOKUP task_id=87 msg_type=PC_LOOKUP device_id=10 iova=0x1ac00
[cache-task] level=detail phase=end cache=dc_cache op=lookup enter_time=624 ns done_time=628 ns request_type=DC_LOOKUP task_id=86 msg_type=DC_LOOKUP device_id=10 iova=0x1aa00 hit=1 affected=0 exec_latency=4 ns total_latency=4 ns
[cache-task] level=detail phase=begin cache=dc_cache op=lookup enter_time=628 ns request_type=DC_LOOKUP task_id=87 msg_type=DC_LOOKUP device_id=10 iova=0x1ac00
[cache-task] level=detail phase=begin cache=walker_cache op=lookup enter_time=629 ns request_type=WALKER_LOOKUP task_id=80 msg_type=WALKER_LOOKUP stage=STAGE1_AND_2 iova=0x19e00
[cache-task] level=detail phase=end cache=pt_cache op=lookup enter_time=626 ns done_time=630 ns request_type=PT_LOOKUP task_id=84 msg_type=PT_LOOKUP stage=STAGE1_ONLY iova=0x1a600 hit=0 affected=0 exec_latency=4 ns total_latency=4 ns
[cache-task] level=detail phase=begin cache=pt_cache op=lookup enter_time=630 ns request_type=PT_LOOKUP task_id=85 msg_type=PT_LOOKUP stage=STAGE1_ONLY iova=0x1a800
[cache-task] level=detail phase=end cache=pc_cache op=lookup enter_time=628 ns done_time=632 ns request_type=PC_LOOKUP task_id=87 msg_type=PC_LOOKUP device_id=10 iova=0x1ac00 hit=0 affected=0 exec_latency=4 ns total_latency=4 ns
[cache-task] level=detail phase=begin cache=pc_cache op=lookup enter_time=632 ns request_type=PC_LOOKUP task_id=88 msg_type=PC_LOOKUP device_id=10 iova=0x1ae00
[cache-task] level=detail phase=end cache=dc_cache op=lookup enter_time=628 ns done_time=632 ns request_type=DC_LOOKUP task_id=87 msg_type=DC_LOOKUP device_id=10 iova=0x1ac00 hit=1 affected=0 exec_latency=4 ns total_latency=4 ns
[cache-task] level=detail phase=begin cache=dc_cache op=lookup enter_time=632 ns request_type=DC_LOOKUP task_id=88 msg_type=DC_LOOKUP device_id=10 iova=0x1ae00
[cache-task] level=detail phase=end cache=walker_cache op=lookup enter_time=629 ns done_time=633 ns request_type=WALKER_LOOKUP task_id=80 msg_type=WALKER_LOOKUP stage=STAGE1_AND_2 iova=0x19e00 hit=1 affected=0 exec_latency=4 ns total_latency=4 ns
[cache-task] level=detail phase=end cache=pt_cache op=lookup enter_time=630 ns done_time=634 ns request_type=PT_LOOKUP task_id=85 msg_type=PT_LOOKUP stage=STAGE1_ONLY iova=0x1a800 hit=0 affected=0 exec_latency=4 ns total_latency=4 ns
[cache-task] level=detail phase=begin cache=pt_cache op=lookup enter_time=634 ns request_type=PT_LOOKUP task_id=86 msg_type=PT_LOOKUP stage=STAGE1_ONLY iova=0x1aa00
[cache-task] level=detail phase=begin cache=walker_cache op=lookup enter_time=634 ns request_type=WALKER_LOOKUP task_id=81 msg_type=WALKER_LOOKUP stage=STAGE1_AND_2 iova=0x1a000
[cache-task] level=detail phase=end cache=pc_cache op=lookup enter_time=632 ns done_time=636 ns request_type=PC_LOOKUP task_id=88 msg_type=PC_LOOKUP device_id=10 iova=0x1ae00 hit=0 affected=0 exec_latency=4 ns total_latency=4 ns
[cache-task] level=detail phase=end cache=dc_cache op=lookup enter_time=632 ns done_time=636 ns request_type=DC_LOOKUP task_id=88 msg_type=DC_LOOKUP device_id=10 iova=0x1ae00 hit=1 affected=0 exec_latency=4 ns total_latency=4 ns
[cache-task] level=detail phase=end cache=pt_cache op=lookup enter_time=634 ns done_time=638 ns request_type=PT_LOOKUP task_id=86 msg_type=PT_LOOKUP stage=STAGE1_ONLY iova=0x1aa00 hit=0 affected=0 exec_latency=4 ns total_latency=4 ns
[cache-task] level=detail phase=begin cache=pt_cache op=lookup enter_time=638 ns request_type=PT_LOOKUP task_id=87 msg_type=PT_LOOKUP stage=STAGE1_ONLY iova=0x1ac00
[cache-task] level=detail phase=end cache=walker_cache op=lookup enter_time=634 ns done_time=638 ns request_type=WALKER_LOOKUP task_id=81 msg_type=WALKER_LOOKUP stage=STAGE1_AND_2 iova=0x1a000 hit=1 affected=0 exec_latency=4 ns total_latency=4 ns
[cache-task] level=detail phase=begin cache=walker_cache op=lookup enter_time=639 ns request_type=WALKER_LOOKUP task_id=82 msg_type=WALKER_LOOKUP stage=STAGE1_AND_2 iova=0x1a200
[cache-task] level=detail phase=end cache=pt_cache op=lookup enter_time=638 ns done_time=642 ns request_type=PT_LOOKUP task_id=87 msg_type=PT_LOOKUP stage=STAGE1_ONLY iova=0x1ac00 hit=0 affected=0 exec_latency=4 ns total_latency=4 ns
[cache-task] level=detail phase=begin cache=pt_cache op=lookup enter_time=642 ns request_type=PT_LOOKUP task_id=88 msg_type=PT_LOOKUP stage=STAGE1_ONLY iova=0x1ae00
[cache-task] level=detail phase=end cache=walker_cache op=lookup enter_time=639 ns done_time=643 ns request_type=WALKER_LOOKUP task_id=82 msg_type=WALKER_LOOKUP stage=STAGE1_AND_2 iova=0x1a200 hit=1 affected=0 exec_latency=4 ns total_latency=4 ns
[cache-task] level=detail phase=begin cache=walker_cache op=lookup enter_time=644 ns request_type=WALKER_LOOKUP task_id=83 msg_type=WALKER_LOOKUP stage=STAGE1_AND_2 iova=0x1a400
[cache-task] level=detail phase=end cache=pt_cache op=lookup enter_time=642 ns done_time=646 ns request_type=PT_LOOKUP task_id=88 msg_type=PT_LOOKUP stage=STAGE1_ONLY iova=0x1ae00 hit=0 affected=0 exec_latency=4 ns total_latency=4 ns
[cache-task] level=detail phase=end cache=walker_cache op=lookup enter_time=644 ns done_time=648 ns request_type=WALKER_LOOKUP task_id=83 msg_type=WALKER_LOOKUP stage=STAGE1_AND_2 iova=0x1a400 hit=1 affected=0 exec_latency=4 ns total_latency=4 ns
[cache-task] level=detail phase=begin cache=walker_cache op=lookup enter_time=649 ns request_type=WALKER_LOOKUP task_id=84 msg_type=WALKER_LOOKUP stage=STAGE1_AND_2 iova=0x1a600
[cache-task] level=detail phase=begin cache=pt_cache op=update enter_time=652 ns request_type=PT_UPDATE task_id=5 msg_type=PT_UPDATE stage=STAGE1_ONLY iova=0x10800
[cache-task] level=detail phase=end cache=walker_cache op=lookup enter_time=649 ns done_time=653 ns request_type=WALKER_LOOKUP task_id=84 msg_type=WALKER_LOOKUP stage=STAGE1_AND_2 iova=0x1a600 hit=1 affected=0 exec_latency=4 ns total_latency=4 ns
[cache-task] level=detail phase=begin cache=walker_cache op=update enter_time=653 ns request_type=WALKER_UPDATE task_id=5 msg_type=WALKER_UPDATE stage=STAGE1_AND_2 iova=0x10800
[cache-task] level=detail phase=end cache=pt_cache op=update enter_time=652 ns done_time=657 ns request_type=PT_UPDATE task_id=5 msg_type=PT_UPDATE stage=STAGE1_ONLY iova=0x10800 hit=0 affected=0 exec_latency=0 s total_latency=5 ns
[cache-task] level=detail phase=end cache=walker_cache op=update enter_time=653 ns done_time=658 ns request_type=WALKER_UPDATE task_id=5 msg_type=WALKER_UPDATE stage=STAGE1_AND_2 iova=0x10800 hit=0 affected=0 exec_latency=5 ns total_latency=5 ns
[cache-task] level=detail phase=begin cache=walker_cache op=lookup enter_time=658 ns request_type=WALKER_LOOKUP task_id=85 msg_type=WALKER_LOOKUP stage=STAGE1_AND_2 iova=0x1a800
[cache-task] level=detail phase=begin cache=dc_cache op=lookup enter_time=659 ns request_type=DC_LOOKUP task_id=89 msg_type=DC_LOOKUP device_id=10 iova=0x1b000
[cache-task] level=detail phase=begin cache=pc_cache op=lookup enter_time=659 ns request_type=PC_LOOKUP task_id=89 msg_type=PC_LOOKUP device_id=10 iova=0x1b000
[cache-task] level=detail phase=end cache=walker_cache op=lookup enter_time=658 ns done_time=662 ns request_type=WALKER_LOOKUP task_id=85 msg_type=WALKER_LOOKUP stage=STAGE1_AND_2 iova=0x1a800 hit=1 affected=0 exec_latency=4 ns total_latency=4 ns
[cache-task] level=detail phase=end cache=pc_cache op=lookup enter_time=659 ns done_time=663 ns request_type=PC_LOOKUP task_id=89 msg_type=PC_LOOKUP device_id=10 iova=0x1b000 hit=0 affected=0 exec_latency=4 ns total_latency=4 ns
[cache-task] level=detail phase=begin cache=pc_cache op=lookup enter_time=663 ns request_type=PC_LOOKUP task_id=90 msg_type=PC_LOOKUP device_id=10 iova=0x1b200
[cache-task] level=detail phase=end cache=dc_cache op=lookup enter_time=659 ns done_time=663 ns request_type=DC_LOOKUP task_id=89 msg_type=DC_LOOKUP device_id=10 iova=0x1b000 hit=1 affected=0 exec_latency=4 ns total_latency=4 ns
[cache-task] level=detail phase=begin cache=dc_cache op=lookup enter_time=663 ns request_type=DC_LOOKUP task_id=90 msg_type=DC_LOOKUP device_id=10 iova=0x1b200
[cache-task] level=detail phase=begin cache=walker_cache op=lookup enter_time=663 ns request_type=WALKER_LOOKUP task_id=86 msg_type=WALKER_LOOKUP stage=STAGE1_AND_2 iova=0x1aa00
[cache-task] level=detail phase=begin cache=pt_cache op=lookup enter_time=664 ns request_type=PT_LOOKUP task_id=89 msg_type=PT_LOOKUP stage=STAGE1_ONLY iova=0x1b000
[cache-task] level=detail phase=end cache=walker_cache op=lookup enter_time=663 ns done_time=667 ns request_type=WALKER_LOOKUP task_id=86 msg_type=WALKER_LOOKUP stage=STAGE1_AND_2 iova=0x1aa00 hit=1 affected=0 exec_latency=4 ns total_latency=4 ns
[cache-task] level=detail phase=end cache=dc_cache op=lookup enter_time=663 ns done_time=667 ns request_type=DC_LOOKUP task_id=90 msg_type=DC_LOOKUP device_id=10 iova=0x1b200 hit=1 affected=0 exec_latency=4 ns total_latency=4 ns
[cache-task] level=detail phase=begin cache=dc_cache op=lookup enter_time=667 ns request_type=DC_LOOKUP task_id=91 msg_type=DC_LOOKUP device_id=10 iova=0x1b400
[cache-task] level=detail phase=end cache=pc_cache op=lookup enter_time=663 ns done_time=667 ns request_type=PC_LOOKUP task_id=90 msg_type=PC_LOOKUP device_id=10 iova=0x1b200 hit=0 affected=0 exec_latency=4 ns total_latency=4 ns
[cache-task] level=detail phase=begin cache=pc_cache op=lookup enter_time=667 ns request_type=PC_LOOKUP task_id=91 msg_type=PC_LOOKUP device_id=10 iova=0x1b400
[cache-task] level=detail phase=end cache=pt_cache op=lookup enter_time=664 ns done_time=668 ns request_type=PT_LOOKUP task_id=89 msg_type=PT_LOOKUP stage=STAGE1_ONLY iova=0x1b000 hit=0 affected=0 exec_latency=4 ns total_latency=4 ns
[cache-task] level=detail phase=begin cache=pt_cache op=lookup enter_time=668 ns request_type=PT_LOOKUP task_id=90 msg_type=PT_LOOKUP stage=STAGE1_ONLY iova=0x1b200
[cache-task] level=detail phase=begin cache=walker_cache op=lookup enter_time=668 ns request_type=WALKER_LOOKUP task_id=87 msg_type=WALKER_LOOKUP stage=STAGE1_AND_2 iova=0x1ac00
[cache-task] level=detail phase=end cache=pc_cache op=lookup enter_time=667 ns done_time=671 ns request_type=PC_LOOKUP task_id=91 msg_type=PC_LOOKUP device_id=10 iova=0x1b400 hit=0 affected=0 exec_latency=4 ns total_latency=4 ns
[cache-task] level=detail phase=begin cache=pc_cache op=lookup enter_time=671 ns request_type=PC_LOOKUP task_id=92 msg_type=PC_LOOKUP device_id=10 iova=0x1b600
[cache-task] level=detail phase=end cache=dc_cache op=lookup enter_time=667 ns done_time=671 ns request_type=DC_LOOKUP task_id=91 msg_type=DC_LOOKUP device_id=10 iova=0x1b400 hit=1 affected=0 exec_latency=4 ns total_latency=4 ns
[cache-task] level=detail phase=begin cache=dc_cache op=lookup enter_time=671 ns request_type=DC_LOOKUP task_id=92 msg_type=DC_LOOKUP device_id=10 iova=0x1b600
[cache-task] level=detail phase=end cache=walker_cache op=lookup enter_time=668 ns done_time=672 ns request_type=WALKER_LOOKUP task_id=87 msg_type=WALKER_LOOKUP stage=STAGE1_AND_2 iova=0x1ac00 hit=1 affected=0 exec_latency=4 ns total_latency=4 ns
[cache-task] level=detail phase=end cache=pt_cache op=lookup enter_time=668 ns done_time=672 ns request_type=PT_LOOKUP task_id=90 msg_type=PT_LOOKUP stage=STAGE1_ONLY iova=0x1b200 hit=0 affected=0 exec_latency=4 ns total_latency=4 ns
[cache-task] level=detail phase=begin cache=pt_cache op=lookup enter_time=672 ns request_type=PT_LOOKUP task_id=91 msg_type=PT_LOOKUP stage=STAGE1_ONLY iova=0x1b400
[cache-task] level=detail phase=begin cache=walker_cache op=lookup enter_time=673 ns request_type=WALKER_LOOKUP task_id=88 msg_type=WALKER_LOOKUP stage=STAGE1_AND_2 iova=0x1ae00
[cache-task] level=detail phase=end cache=pc_cache op=lookup enter_time=671 ns done_time=675 ns request_type=PC_LOOKUP task_id=92 msg_type=PC_LOOKUP device_id=10 iova=0x1b600 hit=0 affected=0 exec_latency=4 ns total_latency=4 ns
[cache-task] level=detail phase=begin cache=pc_cache op=lookup enter_time=675 ns request_type=PC_LOOKUP task_id=93 msg_type=PC_LOOKUP device_id=10 iova=0x1b800
[cache-task] level=detail phase=end cache=dc_cache op=lookup enter_time=671 ns done_time=675 ns request_type=DC_LOOKUP task_id=92 msg_type=DC_LOOKUP device_id=10 iova=0x1b600 hit=1 affected=0 exec_latency=4 ns total_latency=4 ns
[cache-task] level=detail phase=begin cache=dc_cache op=lookup enter_time=675 ns request_type=DC_LOOKUP task_id=93 msg_type=DC_LOOKUP device_id=10 iova=0x1b800
[cache-task] level=detail phase=end cache=pt_cache op=lookup enter_time=672 ns done_time=676 ns request_type=PT_LOOKUP task_id=91 msg_type=PT_LOOKUP stage=STAGE1_ONLY iova=0x1b400 hit=0 affected=0 exec_latency=4 ns total_latency=4 ns
[cache-task] level=detail phase=begin cache=pt_cache op=lookup enter_time=676 ns request_type=PT_LOOKUP task_id=92 msg_type=PT_LOOKUP stage=STAGE1_ONLY iova=0x1b600
[cache-task] level=detail phase=end cache=walker_cache op=lookup enter_time=673 ns done_time=677 ns request_type=WALKER_LOOKUP task_id=88 msg_type=WALKER_LOOKUP stage=STAGE1_AND_2 iova=0x1ae00 hit=1 affected=0 exec_latency=4 ns total_latency=4 ns
[cache-task] level=detail phase=begin cache=walker_cache op=lookup enter_time=678 ns request_type=WALKER_LOOKUP task_id=89 msg_type=WALKER_LOOKUP stage=STAGE1_AND_2 iova=0x1b000
[cache-task] level=detail phase=end cache=pc_cache op=lookup enter_time=675 ns done_time=679 ns request_type=PC_LOOKUP task_id=93 msg_type=PC_LOOKUP device_id=10 iova=0x1b800 hit=0 affected=0 exec_latency=4 ns total_latency=4 ns
[cache-task] level=detail phase=begin cache=pc_cache op=lookup enter_time=679 ns request_type=PC_LOOKUP task_id=94 msg_type=PC_LOOKUP device_id=10 iova=0x1ba00
[cache-task] level=detail phase=end cache=dc_cache op=lookup enter_time=675 ns done_time=679 ns request_type=DC_LOOKUP task_id=93 msg_type=DC_LOOKUP device_id=10 iova=0x1b800 hit=1 affected=0 exec_latency=4 ns total_latency=4 ns
[cache-task] level=detail phase=begin cache=dc_cache op=lookup enter_time=679 ns request_type=DC_LOOKUP task_id=94 msg_type=DC_LOOKUP device_id=10 iova=0x1ba00
[cache-task] level=detail phase=end cache=pt_cache op=lookup enter_time=676 ns done_time=680 ns request_type=PT_LOOKUP task_id=92 msg_type=PT_LOOKUP stage=STAGE1_ONLY iova=0x1b600 hit=0 affected=0 exec_latency=4 ns total_latency=4 ns
[cache-task] level=detail phase=begin cache=pt_cache op=lookup enter_time=680 ns request_type=PT_LOOKUP task_id=93 msg_type=PT_LOOKUP stage=STAGE1_ONLY iova=0x1b800
[cache-task] level=detail phase=end cache=walker_cache op=lookup enter_time=678 ns done_time=682 ns request_type=WALKER_LOOKUP task_id=89 msg_type=WALKER_LOOKUP stage=STAGE1_AND_2 iova=0x1b000 hit=1 affected=0 exec_latency=4 ns total_latency=4 ns
[cache-task] level=detail phase=end cache=pc_cache op=lookup enter_time=679 ns done_time=683 ns request_type=PC_LOOKUP task_id=94 msg_type=PC_LOOKUP device_id=10 iova=0x1ba00 hit=0 affected=0 exec_latency=4 ns total_latency=4 ns
[cache-task] level=detail phase=begin cache=pc_cache op=lookup enter_time=683 ns request_type=PC_LOOKUP task_id=95 msg_type=PC_LOOKUP device_id=10 iova=0x1bc00
[cache-task] level=detail phase=end cache=dc_cache op=lookup enter_time=679 ns done_time=683 ns request_type=DC_LOOKUP task_id=94 msg_type=DC_LOOKUP device_id=10 iova=0x1ba00 hit=1 affected=0 exec_latency=4 ns total_latency=4 ns
[cache-task] level=detail phase=begin cache=dc_cache op=lookup enter_time=683 ns request_type=DC_LOOKUP task_id=95 msg_type=DC_LOOKUP device_id=10 iova=0x1bc00
[cache-task] level=detail phase=begin cache=walker_cache op=lookup enter_time=683 ns request_type=WALKER_LOOKUP task_id=90 msg_type=WALKER_LOOKUP stage=STAGE1_AND_2 iova=0x1b200
[cache-task] level=detail phase=end cache=pt_cache op=lookup enter_time=680 ns done_time=684 ns request_type=PT_LOOKUP task_id=93 msg_type=PT_LOOKUP stage=STAGE1_ONLY iova=0x1b800 hit=0 affected=0 exec_latency=4 ns total_latency=4 ns
[cache-task] level=detail phase=begin cache=pt_cache op=lookup enter_time=684 ns request_type=PT_LOOKUP task_id=94 msg_type=PT_LOOKUP stage=STAGE1_ONLY iova=0x1ba00
[cache-task] level=detail phase=end cache=pc_cache op=lookup enter_time=683 ns done_time=687 ns request_type=PC_LOOKUP task_id=95 msg_type=PC_LOOKUP device_id=10 iova=0x1bc00 hit=0 affected=0 exec_latency=4 ns total_latency=4 ns
[cache-task] level=detail phase=begin cache=pc_cache op=lookup enter_time=687 ns request_type=PC_LOOKUP task_id=96 msg_type=PC_LOOKUP device_id=10 iova=0x1be00
[cache-task] level=detail phase=end cache=dc_cache op=lookup enter_time=683 ns done_time=687 ns request_type=DC_LOOKUP task_id=95 msg_type=DC_LOOKUP device_id=10 iova=0x1bc00 hit=1 affected=0 exec_latency=4 ns total_latency=4 ns
[cache-task] level=detail phase=begin cache=dc_cache op=lookup enter_time=687 ns request_type=DC_LOOKUP task_id=96 msg_type=DC_LOOKUP device_id=10 iova=0x1be00
[cache-task] level=detail phase=end cache=walker_cache op=lookup enter_time=683 ns done_time=687 ns request_type=WALKER_LOOKUP task_id=90 msg_type=WALKER_LOOKUP stage=STAGE1_AND_2 iova=0x1b200 hit=1 affected=0 exec_latency=4 ns total_latency=4 ns
[cache-task] level=detail phase=end cache=pt_cache op=lookup enter_time=684 ns done_time=688 ns request_type=PT_LOOKUP task_id=94 msg_type=PT_LOOKUP stage=STAGE1_ONLY iova=0x1ba00 hit=0 affected=0 exec_latency=4 ns total_latency=4 ns
[cache-task] level=detail phase=begin cache=walker_cache op=lookup enter_time=688 ns request_type=WALKER_LOOKUP task_id=91 msg_type=WALKER_LOOKUP stage=STAGE1_AND_2 iova=0x1b400
[cache-task] level=detail phase=begin cache=pt_cache op=lookup enter_time=688 ns request_type=PT_LOOKUP task_id=95 msg_type=PT_LOOKUP stage=STAGE1_ONLY iova=0x1bc00
[cache-task] level=detail phase=end cache=dc_cache op=lookup enter_time=687 ns done_time=691 ns request_type=DC_LOOKUP task_id=96 msg_type=DC_LOOKUP device_id=10 iova=0x1be00 hit=1 affected=0 exec_latency=4 ns total_latency=4 ns
[cache-task] level=detail phase=end cache=pc_cache op=lookup enter_time=687 ns done_time=691 ns request_type=PC_LOOKUP task_id=96 msg_type=PC_LOOKUP device_id=10 iova=0x1be00 hit=0 affected=0 exec_latency=4 ns total_latency=4 ns
[cache-task] level=detail phase=end cache=pt_cache op=lookup enter_time=688 ns done_time=692 ns request_type=PT_LOOKUP task_id=95 msg_type=PT_LOOKUP stage=STAGE1_ONLY iova=0x1bc00 hit=0 affected=0 exec_latency=4 ns total_latency=4 ns
[cache-task] level=detail phase=end cache=walker_cache op=lookup enter_time=688 ns done_time=692 ns request_type=WALKER_LOOKUP task_id=91 msg_type=WALKER_LOOKUP stage=STAGE1_AND_2 iova=0x1b400 hit=1 affected=0 exec_latency=4 ns total_latency=4 ns
[cache-task] level=detail phase=begin cache=pt_cache op=lookup enter_time=692 ns request_type=PT_LOOKUP task_id=96 msg_type=PT_LOOKUP stage=STAGE1_ONLY iova=0x1be00
[cache-task] level=detail phase=begin cache=walker_cache op=lookup enter_time=693 ns request_type=WALKER_LOOKUP task_id=92 msg_type=WALKER_LOOKUP stage=STAGE1_AND_2 iova=0x1b600
[cache-task] level=detail phase=end cache=pt_cache op=lookup enter_time=692 ns done_time=696 ns request_type=PT_LOOKUP task_id=96 msg_type=PT_LOOKUP stage=STAGE1_ONLY iova=0x1be00 hit=0 affected=0 exec_latency=4 ns total_latency=4 ns
[cache-task] level=detail phase=end cache=walker_cache op=lookup enter_time=693 ns done_time=697 ns request_type=WALKER_LOOKUP task_id=92 msg_type=WALKER_LOOKUP stage=STAGE1_AND_2 iova=0x1b600 hit=1 affected=0 exec_latency=4 ns total_latency=4 ns
[cache-task] level=detail phase=begin cache=walker_cache op=lookup enter_time=698 ns request_type=WALKER_LOOKUP task_id=93 msg_type=WALKER_LOOKUP stage=STAGE1_AND_2 iova=0x1b800
[cache-task] level=detail phase=end cache=walker_cache op=lookup enter_time=698 ns done_time=702 ns request_type=WALKER_LOOKUP task_id=93 msg_type=WALKER_LOOKUP stage=STAGE1_AND_2 iova=0x1b800 hit=1 affected=0 exec_latency=4 ns total_latency=4 ns
[cache-task] level=detail phase=begin cache=walker_cache op=lookup enter_time=703 ns request_type=WALKER_LOOKUP task_id=94 msg_type=WALKER_LOOKUP stage=STAGE1_AND_2 iova=0x1ba00
[cache-task] level=detail phase=end cache=walker_cache op=lookup enter_time=703 ns done_time=707 ns request_type=WALKER_LOOKUP task_id=94 msg_type=WALKER_LOOKUP stage=STAGE1_AND_2 iova=0x1ba00 hit=1 affected=0 exec_latency=4 ns total_latency=4 ns
[cache-task] level=detail phase=begin cache=walker_cache op=lookup enter_time=708 ns request_type=WALKER_LOOKUP task_id=95 msg_type=WALKER_LOOKUP stage=STAGE1_AND_2 iova=0x1bc00
[cache-task] level=detail phase=begin cache=pt_cache op=update enter_time=710 ns request_type=PT_UPDATE task_id=3 msg_type=PT_UPDATE stage=STAGE1_ONLY iova=0x10400
[cache-task] level=detail phase=end cache=walker_cache op=lookup enter_time=708 ns done_time=712 ns request_type=WALKER_LOOKUP task_id=95 msg_type=WALKER_LOOKUP stage=STAGE1_AND_2 iova=0x1bc00 hit=1 affected=0 exec_latency=4 ns total_latency=4 ns
[cache-task] level=detail phase=begin cache=walker_cache op=update enter_time=712 ns request_type=WALKER_UPDATE task_id=3 msg_type=WALKER_UPDATE stage=STAGE1_AND_2 iova=0x10400
[cache-task] level=detail phase=begin cache=dc_cache op=lookup enter_time=714 ns request_type=DC_LOOKUP task_id=97 msg_type=DC_LOOKUP device_id=10 iova=0x1c000
[cache-task] level=detail phase=begin cache=pc_cache op=lookup enter_time=714 ns request_type=PC_LOOKUP task_id=97 msg_type=PC_LOOKUP device_id=10 iova=0x1c000
[cache-task] level=detail phase=end cache=pt_cache op=update enter_time=710 ns done_time=715 ns request_type=PT_UPDATE task_id=3 msg_type=PT_UPDATE stage=STAGE1_ONLY iova=0x10400 hit=0 affected=0 exec_latency=0 s total_latency=5 ns
[cache-task] level=detail phase=end cache=walker_cache op=update enter_time=712 ns done_time=717 ns request_type=WALKER_UPDATE task_id=3 msg_type=WALKER_UPDATE stage=STAGE1_AND_2 iova=0x10400 hit=0 affected=0 exec_latency=5 ns total_latency=5 ns
[cache-task] level=detail phase=begin cache=walker_cache op=lookup enter_time=717 ns request_type=WALKER_LOOKUP task_id=96 msg_type=WALKER_LOOKUP stage=STAGE1_AND_2 iova=0x1be00
[cache-task] level=detail phase=end cache=dc_cache op=lookup enter_time=714 ns done_time=718 ns request_type=DC_LOOKUP task_id=97 msg_type=DC_LOOKUP device_id=10 iova=0x1c000 hit=1 affected=0 exec_latency=4 ns total_latency=4 ns
[cache-task] level=detail phase=begin cache=dc_cache op=lookup enter_time=718 ns request_type=DC_LOOKUP task_id=98 msg_type=DC_LOOKUP device_id=10 iova=0x1c200
[cache-task] level=detail phase=end cache=pc_cache op=lookup enter_time=714 ns done_time=718 ns request_type=PC_LOOKUP task_id=97 msg_type=PC_LOOKUP device_id=10 iova=0x1c000 hit=0 affected=0 exec_latency=4 ns total_latency=4 ns
[cache-task] level=detail phase=begin cache=pc_cache op=lookup enter_time=718 ns request_type=PC_LOOKUP task_id=98 msg_type=PC_LOOKUP device_id=10 iova=0x1c200
[cache-task] level=detail phase=begin cache=pt_cache op=lookup enter_time=719 ns request_type=PT_LOOKUP task_id=97 msg_type=PT_LOOKUP stage=STAGE1_ONLY iova=0x1c000
[cache-task] level=detail phase=end cache=walker_cache op=lookup enter_time=717 ns done_time=721 ns request_type=WALKER_LOOKUP task_id=96 msg_type=WALKER_LOOKUP stage=STAGE1_AND_2 iova=0x1be00 hit=1 affected=0 exec_latency=4 ns total_latency=4 ns
[cache-task] level=detail phase=end cache=pc_cache op=lookup enter_time=718 ns done_time=722 ns request_type=PC_LOOKUP task_id=98 msg_type=PC_LOOKUP device_id=10 iova=0x1c200 hit=0 affected=0 exec_latency=4 ns total_latency=4 ns
[cache-task] level=detail phase=begin cache=pc_cache op=lookup enter_time=722 ns request_type=PC_LOOKUP task_id=99 msg_type=PC_LOOKUP device_id=10 iova=0x1c400
[cache-task] level=detail phase=end cache=dc_cache op=lookup enter_time=718 ns done_time=722 ns request_type=DC_LOOKUP task_id=98 msg_type=DC_LOOKUP device_id=10 iova=0x1c200 hit=1 affected=0 exec_latency=4 ns total_latency=4 ns
[cache-task] level=detail phase=begin cache=dc_cache op=lookup enter_time=722 ns request_type=DC_LOOKUP task_id=99 msg_type=DC_LOOKUP device_id=10 iova=0x1c400
[cache-task] level=detail phase=end cache=pt_cache op=lookup enter_time=719 ns done_time=723 ns request_type=PT_LOOKUP task_id=97 msg_type=PT_LOOKUP stage=STAGE1_ONLY iova=0x1c000 hit=0 affected=0 exec_latency=4 ns total_latency=4 ns
[cache-task] level=detail phase=begin cache=pt_cache op=lookup enter_time=723 ns request_type=PT_LOOKUP task_id=98 msg_type=PT_LOOKUP stage=STAGE1_ONLY iova=0x1c200
[cache-task] level=detail phase=begin cache=walker_cache op=lookup enter_time=724 ns request_type=WALKER_LOOKUP task_id=97 msg_type=WALKER_LOOKUP stage=STAGE1_AND_2 iova=0x1c000
[cache-task] level=detail phase=end cache=dc_cache op=lookup enter_time=722 ns done_time=726 ns request_type=DC_LOOKUP task_id=99 msg_type=DC_LOOKUP device_id=10 iova=0x1c400 hit=1 affected=0 exec_latency=4 ns total_latency=4 ns
[cache-task] level=detail phase=begin cache=dc_cache op=lookup enter_time=726 ns request_type=DC_LOOKUP task_id=100 msg_type=DC_LOOKUP device_id=10 iova=0x1c600
[cache-task] level=detail phase=end cache=pc_cache op=lookup enter_time=722 ns done_time=726 ns request_type=PC_LOOKUP task_id=99 msg_type=PC_LOOKUP device_id=10 iova=0x1c400 hit=0 affected=0 exec_latency=4 ns total_latency=4 ns
[cache-task] level=detail phase=begin cache=pc_cache op=lookup enter_time=726 ns request_type=PC_LOOKUP task_id=100 msg_type=PC_LOOKUP device_id=10 iova=0x1c600
[cache-task] level=detail phase=end cache=pt_cache op=lookup enter_time=723 ns done_time=727 ns request_type=PT_LOOKUP task_id=98 msg_type=PT_LOOKUP stage=STAGE1_ONLY iova=0x1c200 hit=0 affected=0 exec_latency=4 ns total_latency=4 ns
[cache-task] level=detail phase=begin cache=pt_cache op=lookup enter_time=727 ns request_type=PT_LOOKUP task_id=99 msg_type=PT_LOOKUP stage=STAGE1_ONLY iova=0x1c400
[cache-task] level=detail phase=end cache=walker_cache op=lookup enter_time=724 ns done_time=728 ns request_type=WALKER_LOOKUP task_id=97 msg_type=WALKER_LOOKUP stage=STAGE1_AND_2 iova=0x1c000 hit=1 affected=0 exec_latency=4 ns total_latency=4 ns
[cache-task] level=detail phase=begin cache=walker_cache op=lookup enter_time=729 ns request_type=WALKER_LOOKUP task_id=98 msg_type=WALKER_LOOKUP stage=STAGE1_AND_2 iova=0x1c200
[cache-task] level=detail phase=end cache=pc_cache op=lookup enter_time=726 ns done_time=730 ns request_type=PC_LOOKUP task_id=100 msg_type=PC_LOOKUP device_id=10 iova=0x1c600 hit=0 affected=0 exec_latency=4 ns total_latency=4 ns
[cache-task] level=detail phase=end cache=dc_cache op=lookup enter_time=726 ns done_time=730 ns request_type=DC_LOOKUP task_id=100 msg_type=DC_LOOKUP device_id=10 iova=0x1c600 hit=1 affected=0 exec_latency=4 ns total_latency=4 ns
[cache-task] level=detail phase=end cache=pt_cache op=lookup enter_time=727 ns done_time=731 ns request_type=PT_LOOKUP task_id=99 msg_type=PT_LOOKUP stage=STAGE1_ONLY iova=0x1c400 hit=0 affected=0 exec_latency=4 ns total_latency=4 ns
[cache-task] level=detail phase=begin cache=pt_cache op=lookup enter_time=731 ns request_type=PT_LOOKUP task_id=100 msg_type=PT_LOOKUP stage=STAGE1_ONLY iova=0x1c600
[cache-task] level=detail phase=end cache=walker_cache op=lookup enter_time=729 ns done_time=733 ns request_type=WALKER_LOOKUP task_id=98 msg_type=WALKER_LOOKUP stage=STAGE1_AND_2 iova=0x1c200 hit=1 affected=0 exec_latency=4 ns total_latency=4 ns
[cache-task] level=detail phase=begin cache=walker_cache op=lookup enter_time=734 ns request_type=WALKER_LOOKUP task_id=99 msg_type=WALKER_LOOKUP stage=STAGE1_AND_2 iova=0x1c400
[cache-task] level=detail phase=end cache=pt_cache op=lookup enter_time=731 ns done_time=735 ns request_type=PT_LOOKUP task_id=100 msg_type=PT_LOOKUP stage=STAGE1_ONLY iova=0x1c600 hit=0 affected=0 exec_latency=4 ns total_latency=4 ns
[cache-task] level=detail phase=end cache=walker_cache op=lookup enter_time=734 ns done_time=738 ns request_type=WALKER_LOOKUP task_id=99 msg_type=WALKER_LOOKUP stage=STAGE1_AND_2 iova=0x1c400 hit=1 affected=0 exec_latency=4 ns total_latency=4 ns
[cache-task] level=detail phase=begin cache=walker_cache op=lookup enter_time=739 ns request_type=WALKER_LOOKUP task_id=100 msg_type=WALKER_LOOKUP stage=STAGE1_AND_2 iova=0x1c600
[cache-task] level=detail phase=end cache=walker_cache op=lookup enter_time=739 ns done_time=743 ns request_type=WALKER_LOOKUP task_id=100 msg_type=WALKER_LOOKUP stage=STAGE1_AND_2 iova=0x1c600 hit=1 affected=0 exec_latency=4 ns total_latency=4 ns
[cache-task] level=detail phase=begin cache=pt_cache op=update enter_time=1678 ns request_type=PT_UPDATE task_id=9 msg_type=PT_UPDATE stage=STAGE1_ONLY iova=0x11000
[cache-task] level=detail phase=begin cache=walker_cache op=update enter_time=1678 ns request_type=WALKER_UPDATE task_id=9 msg_type=WALKER_UPDATE stage=STAGE1_AND_2 iova=0x11000
[cache-task] level=detail phase=end cache=walker_cache op=update enter_time=1678 ns done_time=1683 ns request_type=WALKER_UPDATE task_id=9 msg_type=WALKER_UPDATE stage=STAGE1_AND_2 iova=0x11000 hit=0 affected=0 exec_latency=5 ns total_latency=5 ns
[cache-task] level=detail phase=end cache=pt_cache op=update enter_time=1678 ns done_time=1684 ns request_type=PT_UPDATE task_id=9 msg_type=PT_UPDATE stage=STAGE1_ONLY iova=0x11000 hit=0 affected=0 exec_latency=0 s total_latency=6 ns
[cache-task] level=detail phase=begin cache=pt_cache op=update enter_time=1736 ns request_type=PT_UPDATE task_id=42 msg_type=PT_UPDATE stage=STAGE1_ONLY iova=0x15200
[cache-task] level=detail phase=begin cache=walker_cache op=update enter_time=1736 ns request_type=WALKER_UPDATE task_id=42 msg_type=WALKER_UPDATE stage=STAGE1_AND_2 iova=0x15200
[cache-task] level=detail phase=end cache=walker_cache op=update enter_time=1736 ns done_time=1741 ns request_type=WALKER_UPDATE task_id=42 msg_type=WALKER_UPDATE stage=STAGE1_AND_2 iova=0x15200 hit=0 affected=0 exec_latency=5 ns total_latency=5 ns
[cache-task] level=detail phase=end cache=pt_cache op=update enter_time=1736 ns done_time=1742 ns request_type=PT_UPDATE task_id=42 msg_type=PT_UPDATE stage=STAGE1_ONLY iova=0x15200 hit=0 affected=0 exec_latency=0 s total_latency=6 ns
[cache-task] level=detail phase=begin cache=pt_cache op=update enter_time=1744 ns request_type=PT_UPDATE task_id=10 msg_type=PT_UPDATE stage=STAGE1_ONLY iova=0x11200
[cache-task] level=detail phase=begin cache=walker_cache op=update enter_time=1744 ns request_type=WALKER_UPDATE task_id=10 msg_type=WALKER_UPDATE stage=STAGE1_AND_2 iova=0x11200
[cache-task] level=detail phase=end cache=pt_cache op=update enter_time=1744 ns done_time=1749 ns request_type=PT_UPDATE task_id=10 msg_type=PT_UPDATE stage=STAGE1_ONLY iova=0x11200 hit=0 affected=0 exec_latency=0 s total_latency=5 ns
[cache-task] level=detail phase=end cache=walker_cache op=update enter_time=1744 ns done_time=1749 ns request_type=WALKER_UPDATE task_id=10 msg_type=WALKER_UPDATE stage=STAGE1_AND_2 iova=0x11200 hit=0 affected=0 exec_latency=5 ns total_latency=5 ns
[cache-task] level=detail phase=begin cache=pt_cache op=update enter_time=1752 ns request_type=PT_UPDATE task_id=43 msg_type=PT_UPDATE stage=STAGE1_ONLY iova=0x15400
[cache-task] level=detail phase=begin cache=walker_cache op=update enter_time=1752 ns request_type=WALKER_UPDATE task_id=43 msg_type=WALKER_UPDATE stage=STAGE1_AND_2 iova=0x15400
[cache-task] level=detail phase=end cache=pt_cache op=update enter_time=1752 ns done_time=1757 ns request_type=PT_UPDATE task_id=43 msg_type=PT_UPDATE stage=STAGE1_ONLY iova=0x15400 hit=0 affected=0 exec_latency=0 s total_latency=5 ns
[cache-task] level=detail phase=end cache=walker_cache op=update enter_time=1752 ns done_time=1757 ns request_type=WALKER_UPDATE task_id=43 msg_type=WALKER_UPDATE stage=STAGE1_AND_2 iova=0x15400 hit=0 affected=0 exec_latency=5 ns total_latency=5 ns
[cache-task] level=detail phase=begin cache=pt_cache op=update enter_time=1760 ns request_type=PT_UPDATE task_id=44 msg_type=PT_UPDATE stage=STAGE1_ONLY iova=0x15600
[cache-task] level=detail phase=begin cache=walker_cache op=update enter_time=1760 ns request_type=WALKER_UPDATE task_id=44 msg_type=WALKER_UPDATE stage=STAGE1_AND_2 iova=0x15600
[cache-task] level=detail phase=end cache=pt_cache op=update enter_time=1760 ns done_time=1765 ns request_type=PT_UPDATE task_id=44 msg_type=PT_UPDATE stage=STAGE1_ONLY iova=0x15600 hit=0 affected=0 exec_latency=0 s total_latency=5 ns
[cache-task] level=detail phase=end cache=walker_cache op=update enter_time=1760 ns done_time=1765 ns request_type=WALKER_UPDATE task_id=44 msg_type=WALKER_UPDATE stage=STAGE1_AND_2 iova=0x15600 hit=0 affected=0 exec_latency=5 ns total_latency=5 ns
[cache-task] level=detail phase=begin cache=pt_cache op=update enter_time=1778 ns request_type=PT_UPDATE task_id=45 msg_type=PT_UPDATE stage=STAGE1_ONLY iova=0x15800
[cache-task] level=detail phase=begin cache=walker_cache op=update enter_time=1778 ns request_type=WALKER_UPDATE task_id=45 msg_type=WALKER_UPDATE stage=STAGE1_AND_2 iova=0x15800
[cache-task] level=detail phase=end cache=pt_cache op=update enter_time=1778 ns done_time=1783 ns request_type=PT_UPDATE task_id=45 msg_type=PT_UPDATE stage=STAGE1_ONLY iova=0x15800 hit=0 affected=0 exec_latency=0 s total_latency=5 ns
[cache-task] level=detail phase=end cache=walker_cache op=update enter_time=1778 ns done_time=1783 ns request_type=WALKER_UPDATE task_id=45 msg_type=WALKER_UPDATE stage=STAGE1_AND_2 iova=0x15800 hit=0 affected=0 exec_latency=5 ns total_latency=5 ns
[cache-task] level=detail phase=begin cache=pt_cache op=update enter_time=1786 ns request_type=PT_UPDATE task_id=46 msg_type=PT_UPDATE stage=STAGE1_ONLY iova=0x15a00
[cache-task] level=detail phase=begin cache=walker_cache op=update enter_time=1786 ns request_type=WALKER_UPDATE task_id=46 msg_type=WALKER_UPDATE stage=STAGE1_AND_2 iova=0x15a00
[cache-task] level=detail phase=end cache=pt_cache op=update enter_time=1786 ns done_time=1791 ns request_type=PT_UPDATE task_id=46 msg_type=PT_UPDATE stage=STAGE1_ONLY iova=0x15a00 hit=0 affected=0 exec_latency=0 s total_latency=5 ns
[cache-task] level=detail phase=end cache=walker_cache op=update enter_time=1786 ns done_time=1791 ns request_type=WALKER_UPDATE task_id=46 msg_type=WALKER_UPDATE stage=STAGE1_AND_2 iova=0x15a00 hit=0 affected=0 exec_latency=5 ns total_latency=5 ns
[cache-task] level=detail phase=begin cache=pt_cache op=update enter_time=1794 ns request_type=PT_UPDATE task_id=47 msg_type=PT_UPDATE stage=STAGE1_ONLY iova=0x15c00
[cache-task] level=detail phase=begin cache=walker_cache op=update enter_time=1794 ns request_type=WALKER_UPDATE task_id=47 msg_type=WALKER_UPDATE stage=STAGE1_AND_2 iova=0x15c00
[cache-task] level=detail phase=end cache=pt_cache op=update enter_time=1794 ns done_time=1799 ns request_type=PT_UPDATE task_id=47 msg_type=PT_UPDATE stage=STAGE1_ONLY iova=0x15c00 hit=0 affected=0 exec_latency=0 s total_latency=5 ns
[cache-task] level=detail phase=end cache=walker_cache op=update enter_time=1794 ns done_time=1799 ns request_type=WALKER_UPDATE task_id=47 msg_type=WALKER_UPDATE stage=STAGE1_AND_2 iova=0x15c00 hit=0 affected=0 exec_latency=5 ns total_latency=5 ns
[cache-task] level=detail phase=begin cache=pt_cache op=update enter_time=1812 ns request_type=PT_UPDATE task_id=48 msg_type=PT_UPDATE stage=STAGE1_ONLY iova=0x15e00
[cache-task] level=detail phase=begin cache=walker_cache op=update enter_time=1812 ns request_type=WALKER_UPDATE task_id=48 msg_type=WALKER_UPDATE stage=STAGE1_AND_2 iova=0x15e00
[cache-task] level=detail phase=end cache=pt_cache op=update enter_time=1812 ns done_time=1817 ns request_type=PT_UPDATE task_id=48 msg_type=PT_UPDATE stage=STAGE1_ONLY iova=0x15e00 hit=0 affected=0 exec_latency=0 s total_latency=5 ns
[cache-task] level=detail phase=end cache=walker_cache op=update enter_time=1812 ns done_time=1817 ns request_type=WALKER_UPDATE task_id=48 msg_type=WALKER_UPDATE stage=STAGE1_AND_2 iova=0x15e00 hit=0 affected=0 exec_latency=5 ns total_latency=5 ns
[cache-task] level=detail phase=begin cache=pt_cache op=update enter_time=1820 ns request_type=PT_UPDATE task_id=49 msg_type=PT_UPDATE stage=STAGE1_ONLY iova=0x16000
[cache-task] level=detail phase=begin cache=walker_cache op=update enter_time=1820 ns request_type=WALKER_UPDATE task_id=49 msg_type=WALKER_UPDATE stage=STAGE1_AND_2 iova=0x16000
[cache-task] level=detail phase=end cache=walker_cache op=update enter_time=1820 ns done_time=1825 ns request_type=WALKER_UPDATE task_id=49 msg_type=WALKER_UPDATE stage=STAGE1_AND_2 iova=0x16000 hit=0 affected=0 exec_latency=5 ns total_latency=5 ns
[cache-task] level=detail phase=end cache=pt_cache op=update enter_time=1820 ns done_time=1826 ns request_type=PT_UPDATE task_id=49 msg_type=PT_UPDATE stage=STAGE1_ONLY iova=0x16000 hit=0 affected=0 exec_latency=0 s total_latency=6 ns
[cache-task] level=detail phase=begin cache=pt_cache op=update enter_time=1828 ns request_type=PT_UPDATE task_id=11 msg_type=PT_UPDATE stage=STAGE1_ONLY iova=0x11400
[cache-task] level=detail phase=begin cache=walker_cache op=update enter_time=1828 ns request_type=WALKER_UPDATE task_id=11 msg_type=WALKER_UPDATE stage=STAGE1_AND_2 iova=0x11400
[cache-task] level=detail phase=end cache=pt_cache op=update enter_time=1828 ns done_time=1833 ns request_type=PT_UPDATE task_id=11 msg_type=PT_UPDATE stage=STAGE1_ONLY iova=0x11400 hit=0 affected=0 exec_latency=0 s total_latency=5 ns
[cache-task] level=detail phase=end cache=walker_cache op=update enter_time=1828 ns done_time=1833 ns request_type=WALKER_UPDATE task_id=11 msg_type=WALKER_UPDATE stage=STAGE1_AND_2 iova=0x11400 hit=0 affected=0 exec_latency=5 ns total_latency=5 ns
[cache-task] level=detail phase=begin cache=pt_cache op=update enter_time=1836 ns request_type=PT_UPDATE task_id=50 msg_type=PT_UPDATE stage=STAGE1_ONLY iova=0x16200
[cache-task] level=detail phase=begin cache=walker_cache op=update enter_time=1836 ns request_type=WALKER_UPDATE task_id=50 msg_type=WALKER_UPDATE stage=STAGE1_AND_2 iova=0x16200
[cache-task] level=detail phase=end cache=pt_cache op=update enter_time=1836 ns done_time=1841 ns request_type=PT_UPDATE task_id=50 msg_type=PT_UPDATE stage=STAGE1_ONLY iova=0x16200 hit=0 affected=0 exec_latency=0 s total_latency=5 ns
[cache-task] level=detail phase=end cache=walker_cache op=update enter_time=1836 ns done_time=1841 ns request_type=WALKER_UPDATE task_id=50 msg_type=WALKER_UPDATE stage=STAGE1_AND_2 iova=0x16200 hit=0 affected=0 exec_latency=5 ns total_latency=5 ns
[cache-task] level=detail phase=begin cache=pt_cache op=update enter_time=1844 ns request_type=PT_UPDATE task_id=51 msg_type=PT_UPDATE stage=STAGE1_ONLY iova=0x16400
[cache-task] level=detail phase=begin cache=walker_cache op=update enter_time=1844 ns request_type=WALKER_UPDATE task_id=51 msg_type=WALKER_UPDATE stage=STAGE1_AND_2 iova=0x16400
[cache-task] level=detail phase=end cache=pt_cache op=update enter_time=1844 ns done_time=1849 ns request_type=PT_UPDATE task_id=51 msg_type=PT_UPDATE stage=STAGE1_ONLY iova=0x16400 hit=0 affected=0 exec_latency=0 s total_latency=5 ns
[cache-task] level=detail phase=end cache=walker_cache op=update enter_time=1844 ns done_time=1849 ns request_type=WALKER_UPDATE task_id=51 msg_type=WALKER_UPDATE stage=STAGE1_AND_2 iova=0x16400 hit=0 affected=0 exec_latency=5 ns total_latency=5 ns
[cache-task] level=detail phase=begin cache=pt_cache op=update enter_time=1862 ns request_type=PT_UPDATE task_id=52 msg_type=PT_UPDATE stage=STAGE1_ONLY iova=0x16600
[cache-task] level=detail phase=begin cache=walker_cache op=update enter_time=1862 ns request_type=WALKER_UPDATE task_id=52 msg_type=WALKER_UPDATE stage=STAGE1_AND_2 iova=0x16600
[cache-task] level=detail phase=end cache=pt_cache op=update enter_time=1862 ns done_time=1867 ns request_type=PT_UPDATE task_id=52 msg_type=PT_UPDATE stage=STAGE1_ONLY iova=0x16600 hit=0 affected=0 exec_latency=0 s total_latency=5 ns
[cache-task] level=detail phase=end cache=walker_cache op=update enter_time=1862 ns done_time=1867 ns request_type=WALKER_UPDATE task_id=52 msg_type=WALKER_UPDATE stage=STAGE1_AND_2 iova=0x16600 hit=0 affected=0 exec_latency=5 ns total_latency=5 ns
[cache-task] level=detail phase=begin cache=pt_cache op=update enter_time=1870 ns request_type=PT_UPDATE task_id=53 msg_type=PT_UPDATE stage=STAGE1_ONLY iova=0x16800
[cache-task] level=detail phase=begin cache=walker_cache op=update enter_time=1870 ns request_type=WALKER_UPDATE task_id=53 msg_type=WALKER_UPDATE stage=STAGE1_AND_2 iova=0x16800
[cache-task] level=detail phase=end cache=pt_cache op=update enter_time=1870 ns done_time=1875 ns request_type=PT_UPDATE task_id=53 msg_type=PT_UPDATE stage=STAGE1_ONLY iova=0x16800 hit=0 affected=0 exec_latency=0 s total_latency=5 ns
[cache-task] level=detail phase=end cache=walker_cache op=update enter_time=1870 ns done_time=1875 ns request_type=WALKER_UPDATE task_id=53 msg_type=WALKER_UPDATE stage=STAGE1_AND_2 iova=0x16800 hit=0 affected=0 exec_latency=5 ns total_latency=5 ns
[cache-task] level=detail phase=begin cache=pt_cache op=update enter_time=1878 ns request_type=PT_UPDATE task_id=54 msg_type=PT_UPDATE stage=STAGE1_ONLY iova=0x16a00
[cache-task] level=detail phase=begin cache=walker_cache op=update enter_time=1878 ns request_type=WALKER_UPDATE task_id=54 msg_type=WALKER_UPDATE stage=STAGE1_AND_2 iova=0x16a00
[cache-task] level=detail phase=end cache=pt_cache op=update enter_time=1878 ns done_time=1883 ns request_type=PT_UPDATE task_id=54 msg_type=PT_UPDATE stage=STAGE1_ONLY iova=0x16a00 hit=0 affected=0 exec_latency=0 s total_latency=5 ns
[cache-task] level=detail phase=end cache=walker_cache op=update enter_time=1878 ns done_time=1883 ns request_type=WALKER_UPDATE task_id=54 msg_type=WALKER_UPDATE stage=STAGE1_AND_2 iova=0x16a00 hit=0 affected=0 exec_latency=5 ns total_latency=5 ns
[cache-task] level=detail phase=begin cache=pt_cache op=update enter_time=1896 ns request_type=PT_UPDATE task_id=55 msg_type=PT_UPDATE stage=STAGE1_ONLY iova=0x16c00
[cache-task] level=detail phase=begin cache=walker_cache op=update enter_time=1896 ns request_type=WALKER_UPDATE task_id=55 msg_type=WALKER_UPDATE stage=STAGE1_AND_2 iova=0x16c00
[cache-task] level=detail phase=end cache=pt_cache op=update enter_time=1896 ns done_time=1901 ns request_type=PT_UPDATE task_id=55 msg_type=PT_UPDATE stage=STAGE1_ONLY iova=0x16c00 hit=0 affected=0 exec_latency=0 s total_latency=5 ns
[cache-task] level=detail phase=end cache=walker_cache op=update enter_time=1896 ns done_time=1901 ns request_type=WALKER_UPDATE task_id=55 msg_type=WALKER_UPDATE stage=STAGE1_AND_2 iova=0x16c00 hit=0 affected=0 exec_latency=5 ns total_latency=5 ns
[cache-task] level=detail phase=begin cache=pt_cache op=update enter_time=1904 ns request_type=PT_UPDATE task_id=56 msg_type=PT_UPDATE stage=STAGE1_ONLY iova=0x16e00
[cache-task] level=detail phase=begin cache=walker_cache op=update enter_time=1904 ns request_type=WALKER_UPDATE task_id=56 msg_type=WALKER_UPDATE stage=STAGE1_AND_2 iova=0x16e00
[cache-task] level=detail phase=end cache=pt_cache op=update enter_time=1904 ns done_time=1909 ns request_type=PT_UPDATE task_id=56 msg_type=PT_UPDATE stage=STAGE1_ONLY iova=0x16e00 hit=0 affected=0 exec_latency=0 s total_latency=5 ns
[cache-task] level=detail phase=end cache=walker_cache op=update enter_time=1904 ns done_time=1909 ns request_type=WALKER_UPDATE task_id=56 msg_type=WALKER_UPDATE stage=STAGE1_AND_2 iova=0x16e00 hit=0 affected=0 exec_latency=5 ns total_latency=5 ns
[cache-task] level=detail phase=begin cache=pt_cache op=update enter_time=1912 ns request_type=PT_UPDATE task_id=12 msg_type=PT_UPDATE stage=STAGE1_ONLY iova=0x11600
[cache-task] level=detail phase=begin cache=walker_cache op=update enter_time=1912 ns request_type=WALKER_UPDATE task_id=12 msg_type=WALKER_UPDATE stage=STAGE1_AND_2 iova=0x11600
[cache-task] level=detail phase=end cache=pt_cache op=update enter_time=1912 ns done_time=1917 ns request_type=PT_UPDATE task_id=12 msg_type=PT_UPDATE stage=STAGE1_ONLY iova=0x11600 hit=0 affected=0 exec_latency=0 s total_latency=5 ns
[cache-task] level=detail phase=end cache=walker_cache op=update enter_time=1912 ns done_time=1917 ns request_type=WALKER_UPDATE task_id=12 msg_type=WALKER_UPDATE stage=STAGE1_AND_2 iova=0x11600 hit=0 affected=0 exec_latency=5 ns total_latency=5 ns
[cache-task] level=detail phase=begin cache=pt_cache op=update enter_time=1920 ns request_type=PT_UPDATE task_id=57 msg_type=PT_UPDATE stage=STAGE1_ONLY iova=0x17000
[cache-task] level=detail phase=begin cache=walker_cache op=update enter_time=1920 ns request_type=WALKER_UPDATE task_id=57 msg_type=WALKER_UPDATE stage=STAGE1_AND_2 iova=0x17000
[cache-task] level=detail phase=end cache=walker_cache op=update enter_time=1920 ns done_time=1925 ns request_type=WALKER_UPDATE task_id=57 msg_type=WALKER_UPDATE stage=STAGE1_AND_2 iova=0x17000 hit=0 affected=0 exec_latency=5 ns total_latency=5 ns
[cache-task] level=detail phase=end cache=pt_cache op=update enter_time=1920 ns done_time=1926 ns request_type=PT_UPDATE task_id=57 msg_type=PT_UPDATE stage=STAGE1_ONLY iova=0x17000 hit=0 affected=0 exec_latency=0 s total_latency=6 ns
[cache-task] level=detail phase=begin cache=pt_cache op=update enter_time=1928 ns request_type=PT_UPDATE task_id=58 msg_type=PT_UPDATE stage=STAGE1_ONLY iova=0x17200
[cache-task] level=detail phase=begin cache=walker_cache op=update enter_time=1928 ns request_type=WALKER_UPDATE task_id=58 msg_type=WALKER_UPDATE stage=STAGE1_AND_2 iova=0x17200
[cache-task] level=detail phase=end cache=pt_cache op=update enter_time=1928 ns done_time=1933 ns request_type=PT_UPDATE task_id=58 msg_type=PT_UPDATE stage=STAGE1_ONLY iova=0x17200 hit=0 affected=0 exec_latency=0 s total_latency=5 ns
[cache-task] level=detail phase=end cache=walker_cache op=update enter_time=1928 ns done_time=1933 ns request_type=WALKER_UPDATE task_id=58 msg_type=WALKER_UPDATE stage=STAGE1_AND_2 iova=0x17200 hit=0 affected=0 exec_latency=5 ns total_latency=5 ns
[cache-task] level=detail phase=begin cache=pt_cache op=update enter_time=1946 ns request_type=PT_UPDATE task_id=59 msg_type=PT_UPDATE stage=STAGE1_ONLY iova=0x17400
[cache-task] level=detail phase=begin cache=walker_cache op=update enter_time=1946 ns request_type=WALKER_UPDATE task_id=59 msg_type=WALKER_UPDATE stage=STAGE1_AND_2 iova=0x17400
[cache-task] level=detail phase=end cache=pt_cache op=update enter_time=1946 ns done_time=1951 ns request_type=PT_UPDATE task_id=59 msg_type=PT_UPDATE stage=STAGE1_ONLY iova=0x17400 hit=0 affected=0 exec_latency=0 s total_latency=5 ns
[cache-task] level=detail phase=end cache=walker_cache op=update enter_time=1946 ns done_time=1951 ns request_type=WALKER_UPDATE task_id=59 msg_type=WALKER_UPDATE stage=STAGE1_AND_2 iova=0x17400 hit=0 affected=0 exec_latency=5 ns total_latency=5 ns
[cache-task] level=detail phase=begin cache=pt_cache op=update enter_time=1954 ns request_type=PT_UPDATE task_id=60 msg_type=PT_UPDATE stage=STAGE1_ONLY iova=0x17600
[cache-task] level=detail phase=begin cache=walker_cache op=update enter_time=1954 ns request_type=WALKER_UPDATE task_id=60 msg_type=WALKER_UPDATE stage=STAGE1_AND_2 iova=0x17600
[cache-task] level=detail phase=end cache=pt_cache op=update enter_time=1954 ns done_time=1959 ns request_type=PT_UPDATE task_id=60 msg_type=PT_UPDATE stage=STAGE1_ONLY iova=0x17600 hit=0 affected=0 exec_latency=0 s total_latency=5 ns
[cache-task] level=detail phase=end cache=walker_cache op=update enter_time=1954 ns done_time=1959 ns request_type=WALKER_UPDATE task_id=60 msg_type=WALKER_UPDATE stage=STAGE1_AND_2 iova=0x17600 hit=0 affected=0 exec_latency=5 ns total_latency=5 ns
[cache-task] level=detail phase=begin cache=pt_cache op=update enter_time=1962 ns request_type=PT_UPDATE task_id=61 msg_type=PT_UPDATE stage=STAGE1_ONLY iova=0x17800
[cache-task] level=detail phase=begin cache=walker_cache op=update enter_time=1962 ns request_type=WALKER_UPDATE task_id=61 msg_type=WALKER_UPDATE stage=STAGE1_AND_2 iova=0x17800
[cache-task] level=detail phase=end cache=pt_cache op=update enter_time=1962 ns done_time=1967 ns request_type=PT_UPDATE task_id=61 msg_type=PT_UPDATE stage=STAGE1_ONLY iova=0x17800 hit=0 affected=0 exec_latency=0 s total_latency=5 ns
[cache-task] level=detail phase=end cache=walker_cache op=update enter_time=1962 ns done_time=1967 ns request_type=WALKER_UPDATE task_id=61 msg_type=WALKER_UPDATE stage=STAGE1_AND_2 iova=0x17800 hit=0 affected=0 exec_latency=5 ns total_latency=5 ns
[cache-task] level=detail phase=begin cache=pt_cache op=update enter_time=1980 ns request_type=PT_UPDATE task_id=62 msg_type=PT_UPDATE stage=STAGE1_ONLY iova=0x17a00
[cache-task] level=detail phase=begin cache=walker_cache op=update enter_time=1980 ns request_type=WALKER_UPDATE task_id=62 msg_type=WALKER_UPDATE stage=STAGE1_AND_2 iova=0x17a00
[cache-task] level=detail phase=end cache=pt_cache op=update enter_time=1980 ns done_time=1985 ns request_type=PT_UPDATE task_id=62 msg_type=PT_UPDATE stage=STAGE1_ONLY iova=0x17a00 hit=0 affected=0 exec_latency=0 s total_latency=5 ns
[cache-task] level=detail phase=end cache=walker_cache op=update enter_time=1980 ns done_time=1985 ns request_type=WALKER_UPDATE task_id=62 msg_type=WALKER_UPDATE stage=STAGE1_AND_2 iova=0x17a00 hit=0 affected=0 exec_latency=5 ns total_latency=5 ns
[cache-task] level=detail phase=begin cache=pt_cache op=update enter_time=1988 ns request_type=PT_UPDATE task_id=63 msg_type=PT_UPDATE stage=STAGE1_ONLY iova=0x17c00
[cache-task] level=detail phase=begin cache=walker_cache op=update enter_time=1988 ns request_type=WALKER_UPDATE task_id=63 msg_type=WALKER_UPDATE stage=STAGE1_AND_2 iova=0x17c00
[cache-task] level=detail phase=end cache=pt_cache op=update enter_time=1988 ns done_time=1993 ns request_type=PT_UPDATE task_id=63 msg_type=PT_UPDATE stage=STAGE1_ONLY iova=0x17c00 hit=0 affected=0 exec_latency=0 s total_latency=5 ns
[cache-task] level=detail phase=end cache=walker_cache op=update enter_time=1988 ns done_time=1993 ns request_type=WALKER_UPDATE task_id=63 msg_type=WALKER_UPDATE stage=STAGE1_AND_2 iova=0x17c00 hit=0 affected=0 exec_latency=5 ns total_latency=5 ns
[cache-task] level=detail phase=begin cache=pt_cache op=update enter_time=2006 ns request_type=PT_UPDATE task_id=64 msg_type=PT_UPDATE stage=STAGE1_ONLY iova=0x17e00
[cache-task] level=detail phase=begin cache=walker_cache op=update enter_time=2006 ns request_type=WALKER_UPDATE task_id=64 msg_type=WALKER_UPDATE stage=STAGE1_AND_2 iova=0x17e00
[cache-task] level=detail phase=end cache=pt_cache op=update enter_time=2006 ns done_time=2011 ns request_type=PT_UPDATE task_id=64 msg_type=PT_UPDATE stage=STAGE1_ONLY iova=0x17e00 hit=0 affected=0 exec_latency=0 s total_latency=5 ns
[cache-task] level=detail phase=end cache=walker_cache op=update enter_time=2006 ns done_time=2011 ns request_type=WALKER_UPDATE task_id=64 msg_type=WALKER_UPDATE stage=STAGE1_AND_2 iova=0x17e00 hit=0 affected=0 exec_latency=5 ns total_latency=5 ns
[cache-task] level=detail phase=begin cache=pt_cache op=update enter_time=2014 ns request_type=PT_UPDATE task_id=65 msg_type=PT_UPDATE stage=STAGE1_ONLY iova=0x18000
[cache-task] level=detail phase=begin cache=walker_cache op=update enter_time=2014 ns request_type=WALKER_UPDATE task_id=65 msg_type=WALKER_UPDATE stage=STAGE1_AND_2 iova=0x18000
[cache-task] level=detail phase=end cache=walker_cache op=update enter_time=2014 ns done_time=2019 ns request_type=WALKER_UPDATE task_id=65 msg_type=WALKER_UPDATE stage=STAGE1_AND_2 iova=0x18000 hit=0 affected=0 exec_latency=5 ns total_latency=5 ns
[cache-task] level=detail phase=end cache=pt_cache op=update enter_time=2014 ns done_time=2020 ns request_type=PT_UPDATE task_id=65 msg_type=PT_UPDATE stage=STAGE1_ONLY iova=0x18000 hit=0 affected=0 exec_latency=0 s total_latency=6 ns
[cache-task] level=detail phase=begin cache=pt_cache op=update enter_time=2022 ns request_type=PT_UPDATE task_id=13 msg_type=PT_UPDATE stage=STAGE1_ONLY iova=0x11800
[cache-task] level=detail phase=begin cache=walker_cache op=update enter_time=2022 ns request_type=WALKER_UPDATE task_id=13 msg_type=WALKER_UPDATE stage=STAGE1_AND_2 iova=0x11800
[cache-task] level=detail phase=end cache=pt_cache op=update enter_time=2022 ns done_time=2027 ns request_type=PT_UPDATE task_id=13 msg_type=PT_UPDATE stage=STAGE1_ONLY iova=0x11800 hit=0 affected=0 exec_latency=0 s total_latency=5 ns
[cache-task] level=detail phase=end cache=walker_cache op=update enter_time=2022 ns done_time=2027 ns request_type=WALKER_UPDATE task_id=13 msg_type=WALKER_UPDATE stage=STAGE1_AND_2 iova=0x11800 hit=0 affected=0 exec_latency=5 ns total_latency=5 ns
[cache-task] level=detail phase=begin cache=pt_cache op=update enter_time=2030 ns request_type=PT_UPDATE task_id=66 msg_type=PT_UPDATE stage=STAGE1_ONLY iova=0x18200
[cache-task] level=detail phase=begin cache=walker_cache op=update enter_time=2030 ns request_type=WALKER_UPDATE task_id=66 msg_type=WALKER_UPDATE stage=STAGE1_AND_2 iova=0x18200
[cache-task] level=detail phase=end cache=pt_cache op=update enter_time=2030 ns done_time=2035 ns request_type=PT_UPDATE task_id=66 msg_type=PT_UPDATE stage=STAGE1_ONLY iova=0x18200 hit=0 affected=0 exec_latency=0 s total_latency=5 ns
[cache-task] level=detail phase=end cache=walker_cache op=update enter_time=2030 ns done_time=2035 ns request_type=WALKER_UPDATE task_id=66 msg_type=WALKER_UPDATE stage=STAGE1_AND_2 iova=0x18200 hit=0 affected=0 exec_latency=5 ns total_latency=5 ns
[cache-task] level=detail phase=begin cache=pt_cache op=update enter_time=2038 ns request_type=PT_UPDATE task_id=67 msg_type=PT_UPDATE stage=STAGE1_ONLY iova=0x18400
[cache-task] level=detail phase=begin cache=walker_cache op=update enter_time=2038 ns request_type=WALKER_UPDATE task_id=67 msg_type=WALKER_UPDATE stage=STAGE1_AND_2 iova=0x18400
[cache-task] level=detail phase=end cache=pt_cache op=update enter_time=2038 ns done_time=2043 ns request_type=PT_UPDATE task_id=67 msg_type=PT_UPDATE stage=STAGE1_ONLY iova=0x18400 hit=0 affected=0 exec_latency=0 s total_latency=5 ns
[cache-task] level=detail phase=end cache=walker_cache op=update enter_time=2038 ns done_time=2043 ns request_type=WALKER_UPDATE task_id=67 msg_type=WALKER_UPDATE stage=STAGE1_AND_2 iova=0x18400 hit=0 affected=0 exec_latency=5 ns total_latency=5 ns
[cache-task] level=detail phase=begin cache=pt_cache op=update enter_time=2056 ns request_type=PT_UPDATE task_id=68 msg_type=PT_UPDATE stage=STAGE1_ONLY iova=0x18600
[cache-task] level=detail phase=begin cache=walker_cache op=update enter_time=2056 ns request_type=WALKER_UPDATE task_id=68 msg_type=WALKER_UPDATE stage=STAGE1_AND_2 iova=0x18600
[cache-task] level=detail phase=end cache=pt_cache op=update enter_time=2056 ns done_time=2061 ns request_type=PT_UPDATE task_id=68 msg_type=PT_UPDATE stage=STAGE1_ONLY iova=0x18600 hit=0 affected=0 exec_latency=0 s total_latency=5 ns
[cache-task] level=detail phase=end cache=walker_cache op=update enter_time=2056 ns done_time=2061 ns request_type=WALKER_UPDATE task_id=68 msg_type=WALKER_UPDATE stage=STAGE1_AND_2 iova=0x18600 hit=0 affected=0 exec_latency=5 ns total_latency=5 ns
[cache-task] level=detail phase=begin cache=pt_cache op=update enter_time=2064 ns request_type=PT_UPDATE task_id=69 msg_type=PT_UPDATE stage=STAGE1_ONLY iova=0x18800
[cache-task] level=detail phase=begin cache=walker_cache op=update enter_time=2064 ns request_type=WALKER_UPDATE task_id=69 msg_type=WALKER_UPDATE stage=STAGE1_AND_2 iova=0x18800
[cache-task] level=detail phase=end cache=pt_cache op=update enter_time=2064 ns done_time=2069 ns request_type=PT_UPDATE task_id=69 msg_type=PT_UPDATE stage=STAGE1_ONLY iova=0x18800 hit=0 affected=0 exec_latency=0 s total_latency=5 ns
[cache-task] level=detail phase=end cache=walker_cache op=update enter_time=2064 ns done_time=2069 ns request_type=WALKER_UPDATE task_id=69 msg_type=WALKER_UPDATE stage=STAGE1_AND_2 iova=0x18800 hit=0 affected=0 exec_latency=5 ns total_latency=5 ns
[cache-task] level=detail phase=begin cache=pt_cache op=update enter_time=2072 ns request_type=PT_UPDATE task_id=70 msg_type=PT_UPDATE stage=STAGE1_ONLY iova=0x18a00
[cache-task] level=detail phase=begin cache=walker_cache op=update enter_time=2072 ns request_type=WALKER_UPDATE task_id=70 msg_type=WALKER_UPDATE stage=STAGE1_AND_2 iova=0x18a00
[cache-task] level=detail phase=end cache=pt_cache op=update enter_time=2072 ns done_time=2077 ns request_type=PT_UPDATE task_id=70 msg_type=PT_UPDATE stage=STAGE1_ONLY iova=0x18a00 hit=0 affected=0 exec_latency=0 s total_latency=5 ns
[cache-task] level=detail phase=end cache=walker_cache op=update enter_time=2072 ns done_time=2077 ns request_type=WALKER_UPDATE task_id=70 msg_type=WALKER_UPDATE stage=STAGE1_AND_2 iova=0x18a00 hit=0 affected=0 exec_latency=5 ns total_latency=5 ns
[cache-task] level=detail phase=begin cache=pt_cache op=update enter_time=2090 ns request_type=PT_UPDATE task_id=71 msg_type=PT_UPDATE stage=STAGE1_ONLY iova=0x18c00
[cache-task] level=detail phase=begin cache=walker_cache op=update enter_time=2090 ns request_type=WALKER_UPDATE task_id=71 msg_type=WALKER_UPDATE stage=STAGE1_AND_2 iova=0x18c00
[cache-task] level=detail phase=end cache=pt_cache op=update enter_time=2090 ns done_time=2095 ns request_type=PT_UPDATE task_id=71 msg_type=PT_UPDATE stage=STAGE1_ONLY iova=0x18c00 hit=0 affected=0 exec_latency=0 s total_latency=5 ns
[cache-task] level=detail phase=end cache=walker_cache op=update enter_time=2090 ns done_time=2095 ns request_type=WALKER_UPDATE task_id=71 msg_type=WALKER_UPDATE stage=STAGE1_AND_2 iova=0x18c00 hit=0 affected=0 exec_latency=5 ns total_latency=5 ns
[cache-task] level=detail phase=begin cache=pt_cache op=update enter_time=2098 ns request_type=PT_UPDATE task_id=72 msg_type=PT_UPDATE stage=STAGE1_ONLY iova=0x18e00
[cache-task] level=detail phase=begin cache=walker_cache op=update enter_time=2098 ns request_type=WALKER_UPDATE task_id=72 msg_type=WALKER_UPDATE stage=STAGE1_AND_2 iova=0x18e00
[cache-task] level=detail phase=end cache=pt_cache op=update enter_time=2098 ns done_time=2103 ns request_type=PT_UPDATE task_id=72 msg_type=PT_UPDATE stage=STAGE1_ONLY iova=0x18e00 hit=0 affected=0 exec_latency=0 s total_latency=5 ns
[cache-task] level=detail phase=end cache=walker_cache op=update enter_time=2098 ns done_time=2103 ns request_type=WALKER_UPDATE task_id=72 msg_type=WALKER_UPDATE stage=STAGE1_AND_2 iova=0x18e00 hit=0 affected=0 exec_latency=5 ns total_latency=5 ns
[cache-task] level=detail phase=begin cache=pt_cache op=update enter_time=2106 ns request_type=PT_UPDATE task_id=14 msg_type=PT_UPDATE stage=STAGE1_ONLY iova=0x11a00
[cache-task] level=detail phase=begin cache=walker_cache op=update enter_time=2106 ns request_type=WALKER_UPDATE task_id=14 msg_type=WALKER_UPDATE stage=STAGE1_AND_2 iova=0x11a00
[cache-task] level=detail phase=end cache=pt_cache op=update enter_time=2106 ns done_time=2111 ns request_type=PT_UPDATE task_id=14 msg_type=PT_UPDATE stage=STAGE1_ONLY iova=0x11a00 hit=0 affected=0 exec_latency=0 s total_latency=5 ns
[cache-task] level=detail phase=end cache=walker_cache op=update enter_time=2106 ns done_time=2111 ns request_type=WALKER_UPDATE task_id=14 msg_type=WALKER_UPDATE stage=STAGE1_AND_2 iova=0x11a00 hit=0 affected=0 exec_latency=5 ns total_latency=5 ns
[cache-task] level=detail phase=begin cache=pt_cache op=update enter_time=2114 ns request_type=PT_UPDATE task_id=73 msg_type=PT_UPDATE stage=STAGE1_ONLY iova=0x19000
[cache-task] level=detail phase=begin cache=walker_cache op=update enter_time=2114 ns request_type=WALKER_UPDATE task_id=73 msg_type=WALKER_UPDATE stage=STAGE1_AND_2 iova=0x19000
[cache-task] level=detail phase=end cache=walker_cache op=update enter_time=2114 ns done_time=2119 ns request_type=WALKER_UPDATE task_id=73 msg_type=WALKER_UPDATE stage=STAGE1_AND_2 iova=0x19000 hit=0 affected=0 exec_latency=5 ns total_latency=5 ns
[cache-task] level=detail phase=end cache=pt_cache op=update enter_time=2114 ns done_time=2120 ns request_type=PT_UPDATE task_id=73 msg_type=PT_UPDATE stage=STAGE1_ONLY iova=0x19000 hit=0 affected=0 exec_latency=0 s total_latency=6 ns
[cache-task] level=detail phase=begin cache=pt_cache op=update enter_time=2122 ns request_type=PT_UPDATE task_id=74 msg_type=PT_UPDATE stage=STAGE1_ONLY iova=0x19200
[cache-task] level=detail phase=begin cache=walker_cache op=update enter_time=2122 ns request_type=WALKER_UPDATE task_id=74 msg_type=WALKER_UPDATE stage=STAGE1_AND_2 iova=0x19200
[cache-task] level=detail phase=end cache=pt_cache op=update enter_time=2122 ns done_time=2127 ns request_type=PT_UPDATE task_id=74 msg_type=PT_UPDATE stage=STAGE1_ONLY iova=0x19200 hit=0 affected=0 exec_latency=0 s total_latency=5 ns
[cache-task] level=detail phase=end cache=walker_cache op=update enter_time=2122 ns done_time=2127 ns request_type=WALKER_UPDATE task_id=74 msg_type=WALKER_UPDATE stage=STAGE1_AND_2 iova=0x19200 hit=0 affected=0 exec_latency=5 ns total_latency=5 ns
[cache-task] level=detail phase=begin cache=pt_cache op=update enter_time=2140 ns request_type=PT_UPDATE task_id=75 msg_type=PT_UPDATE stage=STAGE1_ONLY iova=0x19400
[cache-task] level=detail phase=begin cache=walker_cache op=update enter_time=2140 ns request_type=WALKER_UPDATE task_id=75 msg_type=WALKER_UPDATE stage=STAGE1_AND_2 iova=0x19400
[cache-task] level=detail phase=end cache=pt_cache op=update enter_time=2140 ns done_time=2145 ns request_type=PT_UPDATE task_id=75 msg_type=PT_UPDATE stage=STAGE1_ONLY iova=0x19400 hit=0 affected=0 exec_latency=0 s total_latency=5 ns
[cache-task] level=detail phase=end cache=walker_cache op=update enter_time=2140 ns done_time=2145 ns request_type=WALKER_UPDATE task_id=75 msg_type=WALKER_UPDATE stage=STAGE1_AND_2 iova=0x19400 hit=0 affected=0 exec_latency=5 ns total_latency=5 ns
[cache-task] level=detail phase=begin cache=pt_cache op=update enter_time=2148 ns request_type=PT_UPDATE task_id=76 msg_type=PT_UPDATE stage=STAGE1_ONLY iova=0x19600
[cache-task] level=detail phase=begin cache=walker_cache op=update enter_time=2148 ns request_type=WALKER_UPDATE task_id=76 msg_type=WALKER_UPDATE stage=STAGE1_AND_2 iova=0x19600
[cache-task] level=detail phase=end cache=pt_cache op=update enter_time=2148 ns done_time=2153 ns request_type=PT_UPDATE task_id=76 msg_type=PT_UPDATE stage=STAGE1_ONLY iova=0x19600 hit=0 affected=0 exec_latency=0 s total_latency=5 ns
[cache-task] level=detail phase=end cache=walker_cache op=update enter_time=2148 ns done_time=2153 ns request_type=WALKER_UPDATE task_id=76 msg_type=WALKER_UPDATE stage=STAGE1_AND_2 iova=0x19600 hit=0 affected=0 exec_latency=5 ns total_latency=5 ns
[cache-task] level=detail phase=begin cache=pt_cache op=update enter_time=2156 ns request_type=PT_UPDATE task_id=77 msg_type=PT_UPDATE stage=STAGE1_ONLY iova=0x19800
[cache-task] level=detail phase=begin cache=walker_cache op=update enter_time=2156 ns request_type=WALKER_UPDATE task_id=77 msg_type=WALKER_UPDATE stage=STAGE1_AND_2 iova=0x19800
[cache-task] level=detail phase=end cache=pt_cache op=update enter_time=2156 ns done_time=2161 ns request_type=PT_UPDATE task_id=77 msg_type=PT_UPDATE stage=STAGE1_ONLY iova=0x19800 hit=0 affected=0 exec_latency=0 s total_latency=5 ns
[cache-task] level=detail phase=end cache=walker_cache op=update enter_time=2156 ns done_time=2161 ns request_type=WALKER_UPDATE task_id=77 msg_type=WALKER_UPDATE stage=STAGE1_AND_2 iova=0x19800 hit=0 affected=0 exec_latency=5 ns total_latency=5 ns
[cache-task] level=detail phase=begin cache=pt_cache op=update enter_time=2174 ns request_type=PT_UPDATE task_id=78 msg_type=PT_UPDATE stage=STAGE1_ONLY iova=0x19a00
[cache-task] level=detail phase=begin cache=walker_cache op=update enter_time=2174 ns request_type=WALKER_UPDATE task_id=78 msg_type=WALKER_UPDATE stage=STAGE1_AND_2 iova=0x19a00
[cache-task] level=detail phase=end cache=pt_cache op=update enter_time=2174 ns done_time=2179 ns request_type=PT_UPDATE task_id=78 msg_type=PT_UPDATE stage=STAGE1_ONLY iova=0x19a00 hit=0 affected=0 exec_latency=0 s total_latency=5 ns
[cache-task] level=detail phase=end cache=walker_cache op=update enter_time=2174 ns done_time=2179 ns request_type=WALKER_UPDATE task_id=78 msg_type=WALKER_UPDATE stage=STAGE1_AND_2 iova=0x19a00 hit=0 affected=0 exec_latency=5 ns total_latency=5 ns
[cache-task] level=detail phase=begin cache=pt_cache op=update enter_time=2182 ns request_type=PT_UPDATE task_id=79 msg_type=PT_UPDATE stage=STAGE1_ONLY iova=0x19c00
[cache-task] level=detail phase=begin cache=walker_cache op=update enter_time=2182 ns request_type=WALKER_UPDATE task_id=79 msg_type=WALKER_UPDATE stage=STAGE1_AND_2 iova=0x19c00
[cache-task] level=detail phase=end cache=pt_cache op=update enter_time=2182 ns done_time=2187 ns request_type=PT_UPDATE task_id=79 msg_type=PT_UPDATE stage=STAGE1_ONLY iova=0x19c00 hit=0 affected=0 exec_latency=0 s total_latency=5 ns
[cache-task] level=detail phase=end cache=walker_cache op=update enter_time=2182 ns done_time=2187 ns request_type=WALKER_UPDATE task_id=79 msg_type=WALKER_UPDATE stage=STAGE1_AND_2 iova=0x19c00 hit=0 affected=0 exec_latency=5 ns total_latency=5 ns
[cache-task] level=detail phase=begin cache=pt_cache op=update enter_time=2190 ns request_type=PT_UPDATE task_id=15 msg_type=PT_UPDATE stage=STAGE1_ONLY iova=0x11c00
[cache-task] level=detail phase=begin cache=walker_cache op=update enter_time=2190 ns request_type=WALKER_UPDATE task_id=15 msg_type=WALKER_UPDATE stage=STAGE1_AND_2 iova=0x11c00
[cache-task] level=detail phase=end cache=pt_cache op=update enter_time=2190 ns done_time=2195 ns request_type=PT_UPDATE task_id=15 msg_type=PT_UPDATE stage=STAGE1_ONLY iova=0x11c00 hit=0 affected=0 exec_latency=0 s total_latency=5 ns
[cache-task] level=detail phase=end cache=walker_cache op=update enter_time=2190 ns done_time=2195 ns request_type=WALKER_UPDATE task_id=15 msg_type=WALKER_UPDATE stage=STAGE1_AND_2 iova=0x11c00 hit=0 affected=0 exec_latency=5 ns total_latency=5 ns
[cache-task] level=detail phase=begin cache=pt_cache op=update enter_time=2198 ns request_type=PT_UPDATE task_id=80 msg_type=PT_UPDATE stage=STAGE1_ONLY iova=0x19e00
[cache-task] level=detail phase=begin cache=walker_cache op=update enter_time=2198 ns request_type=WALKER_UPDATE task_id=80 msg_type=WALKER_UPDATE stage=STAGE1_AND_2 iova=0x19e00
[cache-task] level=detail phase=end cache=pt_cache op=update enter_time=2198 ns done_time=2203 ns request_type=PT_UPDATE task_id=80 msg_type=PT_UPDATE stage=STAGE1_ONLY iova=0x19e00 hit=0 affected=0 exec_latency=0 s total_latency=5 ns
[cache-task] level=detail phase=end cache=walker_cache op=update enter_time=2198 ns done_time=2203 ns request_type=WALKER_UPDATE task_id=80 msg_type=WALKER_UPDATE stage=STAGE1_AND_2 iova=0x19e00 hit=0 affected=0 exec_latency=5 ns total_latency=5 ns
[cache-task] level=detail phase=begin cache=pt_cache op=update enter_time=2206 ns request_type=PT_UPDATE task_id=81 msg_type=PT_UPDATE stage=STAGE1_ONLY iova=0x1a000
[cache-task] level=detail phase=begin cache=walker_cache op=update enter_time=2206 ns request_type=WALKER_UPDATE task_id=81 msg_type=WALKER_UPDATE stage=STAGE1_AND_2 iova=0x1a000
[cache-task] level=detail phase=end cache=walker_cache op=update enter_time=2206 ns done_time=2211 ns request_type=WALKER_UPDATE task_id=81 msg_type=WALKER_UPDATE stage=STAGE1_AND_2 iova=0x1a000 hit=0 affected=0 exec_latency=5 ns total_latency=5 ns
[cache-task] level=detail phase=end cache=pt_cache op=update enter_time=2206 ns done_time=2212 ns request_type=PT_UPDATE task_id=81 msg_type=PT_UPDATE stage=STAGE1_ONLY iova=0x1a000 hit=0 affected=0 exec_latency=0 s total_latency=6 ns
[cache-task] level=detail phase=begin cache=pt_cache op=update enter_time=2224 ns request_type=PT_UPDATE task_id=82 msg_type=PT_UPDATE stage=STAGE1_ONLY iova=0x1a200
[cache-task] level=detail phase=begin cache=walker_cache op=update enter_time=2224 ns request_type=WALKER_UPDATE task_id=82 msg_type=WALKER_UPDATE stage=STAGE1_AND_2 iova=0x1a200
[cache-task] level=detail phase=end cache=pt_cache op=update enter_time=2224 ns done_time=2229 ns request_type=PT_UPDATE task_id=82 msg_type=PT_UPDATE stage=STAGE1_ONLY iova=0x1a200 hit=0 affected=0 exec_latency=0 s total_latency=5 ns
[cache-task] level=detail phase=end cache=walker_cache op=update enter_time=2224 ns done_time=2229 ns request_type=WALKER_UPDATE task_id=82 msg_type=WALKER_UPDATE stage=STAGE1_AND_2 iova=0x1a200 hit=0 affected=0 exec_latency=5 ns total_latency=5 ns
[cache-task] level=detail phase=begin cache=pt_cache op=update enter_time=2232 ns request_type=PT_UPDATE task_id=83 msg_type=PT_UPDATE stage=STAGE1_ONLY iova=0x1a400
[cache-task] level=detail phase=begin cache=walker_cache op=update enter_time=2232 ns request_type=WALKER_UPDATE task_id=83 msg_type=WALKER_UPDATE stage=STAGE1_AND_2 iova=0x1a400
[cache-task] level=detail phase=end cache=pt_cache op=update enter_time=2232 ns done_time=2237 ns request_type=PT_UPDATE task_id=83 msg_type=PT_UPDATE stage=STAGE1_ONLY iova=0x1a400 hit=0 affected=0 exec_latency=0 s total_latency=5 ns
[cache-task] level=detail phase=end cache=walker_cache op=update enter_time=2232 ns done_time=2237 ns request_type=WALKER_UPDATE task_id=83 msg_type=WALKER_UPDATE stage=STAGE1_AND_2 iova=0x1a400 hit=0 affected=0 exec_latency=5 ns total_latency=5 ns
[cache-task] level=detail phase=begin cache=pt_cache op=update enter_time=2240 ns request_type=PT_UPDATE task_id=84 msg_type=PT_UPDATE stage=STAGE1_ONLY iova=0x1a600
[cache-task] level=detail phase=begin cache=walker_cache op=update enter_time=2240 ns request_type=WALKER_UPDATE task_id=84 msg_type=WALKER_UPDATE stage=STAGE1_AND_2 iova=0x1a600
[cache-task] level=detail phase=end cache=pt_cache op=update enter_time=2240 ns done_time=2245 ns request_type=PT_UPDATE task_id=84 msg_type=PT_UPDATE stage=STAGE1_ONLY iova=0x1a600 hit=0 affected=0 exec_latency=0 s total_latency=5 ns
[cache-task] level=detail phase=end cache=walker_cache op=update enter_time=2240 ns done_time=2245 ns request_type=WALKER_UPDATE task_id=84 msg_type=WALKER_UPDATE stage=STAGE1_AND_2 iova=0x1a600 hit=0 affected=0 exec_latency=5 ns total_latency=5 ns
[cache-task] level=detail phase=begin cache=pt_cache op=update enter_time=2258 ns request_type=PT_UPDATE task_id=85 msg_type=PT_UPDATE stage=STAGE1_ONLY iova=0x1a800
[cache-task] level=detail phase=begin cache=walker_cache op=update enter_time=2258 ns request_type=WALKER_UPDATE task_id=85 msg_type=WALKER_UPDATE stage=STAGE1_AND_2 iova=0x1a800
[cache-task] level=detail phase=end cache=pt_cache op=update enter_time=2258 ns done_time=2263 ns request_type=PT_UPDATE task_id=85 msg_type=PT_UPDATE stage=STAGE1_ONLY iova=0x1a800 hit=0 affected=0 exec_latency=0 s total_latency=5 ns
[cache-task] level=detail phase=end cache=walker_cache op=update enter_time=2258 ns done_time=2263 ns request_type=WALKER_UPDATE task_id=85 msg_type=WALKER_UPDATE stage=STAGE1_AND_2 iova=0x1a800 hit=0 affected=0 exec_latency=5 ns total_latency=5 ns
[cache-task] level=detail phase=begin cache=pt_cache op=update enter_time=2266 ns request_type=PT_UPDATE task_id=86 msg_type=PT_UPDATE stage=STAGE1_ONLY iova=0x1aa00
[cache-task] level=detail phase=begin cache=walker_cache op=update enter_time=2266 ns request_type=WALKER_UPDATE task_id=86 msg_type=WALKER_UPDATE stage=STAGE1_AND_2 iova=0x1aa00
[cache-task] level=detail phase=end cache=pt_cache op=update enter_time=2266 ns done_time=2271 ns request_type=PT_UPDATE task_id=86 msg_type=PT_UPDATE stage=STAGE1_ONLY iova=0x1aa00 hit=0 affected=0 exec_latency=0 s total_latency=5 ns
[cache-task] level=detail phase=end cache=walker_cache op=update enter_time=2266 ns done_time=2271 ns request_type=WALKER_UPDATE task_id=86 msg_type=WALKER_UPDATE stage=STAGE1_AND_2 iova=0x1aa00 hit=0 affected=0 exec_latency=5 ns total_latency=5 ns
[cache-task] level=detail phase=begin cache=pt_cache op=update enter_time=2274 ns request_type=PT_UPDATE task_id=16 msg_type=PT_UPDATE stage=STAGE1_ONLY iova=0x11e00
[cache-task] level=detail phase=begin cache=walker_cache op=update enter_time=2274 ns request_type=WALKER_UPDATE task_id=16 msg_type=WALKER_UPDATE stage=STAGE1_AND_2 iova=0x11e00
[cache-task] level=detail phase=end cache=pt_cache op=update enter_time=2274 ns done_time=2279 ns request_type=PT_UPDATE task_id=16 msg_type=PT_UPDATE stage=STAGE1_ONLY iova=0x11e00 hit=0 affected=0 exec_latency=0 s total_latency=5 ns
[cache-task] level=detail phase=end cache=walker_cache op=update enter_time=2274 ns done_time=2279 ns request_type=WALKER_UPDATE task_id=16 msg_type=WALKER_UPDATE stage=STAGE1_AND_2 iova=0x11e00 hit=0 affected=0 exec_latency=5 ns total_latency=5 ns
[cache-task] level=detail phase=begin cache=pt_cache op=update enter_time=2282 ns request_type=PT_UPDATE task_id=87 msg_type=PT_UPDATE stage=STAGE1_ONLY iova=0x1ac00
[cache-task] level=detail phase=begin cache=walker_cache op=update enter_time=2282 ns request_type=WALKER_UPDATE task_id=87 msg_type=WALKER_UPDATE stage=STAGE1_AND_2 iova=0x1ac00
[cache-task] level=detail phase=end cache=pt_cache op=update enter_time=2282 ns done_time=2287 ns request_type=PT_UPDATE task_id=87 msg_type=PT_UPDATE stage=STAGE1_ONLY iova=0x1ac00 hit=0 affected=0 exec_latency=0 s total_latency=5 ns
[cache-task] level=detail phase=end cache=walker_cache op=update enter_time=2282 ns done_time=2287 ns request_type=WALKER_UPDATE task_id=87 msg_type=WALKER_UPDATE stage=STAGE1_AND_2 iova=0x1ac00 hit=0 affected=0 exec_latency=5 ns total_latency=5 ns
[cache-task] level=detail phase=begin cache=pt_cache op=update enter_time=2290 ns request_type=PT_UPDATE task_id=88 msg_type=PT_UPDATE stage=STAGE1_ONLY iova=0x1ae00
[cache-task] level=detail phase=begin cache=walker_cache op=update enter_time=2290 ns request_type=WALKER_UPDATE task_id=88 msg_type=WALKER_UPDATE stage=STAGE1_AND_2 iova=0x1ae00
[cache-task] level=detail phase=end cache=pt_cache op=update enter_time=2290 ns done_time=2295 ns request_type=PT_UPDATE task_id=88 msg_type=PT_UPDATE stage=STAGE1_ONLY iova=0x1ae00 hit=0 affected=0 exec_latency=0 s total_latency=5 ns
[cache-task] level=detail phase=end cache=walker_cache op=update enter_time=2290 ns done_time=2295 ns request_type=WALKER_UPDATE task_id=88 msg_type=WALKER_UPDATE stage=STAGE1_AND_2 iova=0x1ae00 hit=0 affected=0 exec_latency=5 ns total_latency=5 ns
[cache-task] level=detail phase=begin cache=pt_cache op=update enter_time=2308 ns request_type=PT_UPDATE task_id=89 msg_type=PT_UPDATE stage=STAGE1_ONLY iova=0x1b000
[cache-task] level=detail phase=begin cache=walker_cache op=update enter_time=2308 ns request_type=WALKER_UPDATE task_id=89 msg_type=WALKER_UPDATE stage=STAGE1_AND_2 iova=0x1b000
[cache-task] level=detail phase=end cache=walker_cache op=update enter_time=2308 ns done_time=2313 ns request_type=WALKER_UPDATE task_id=89 msg_type=WALKER_UPDATE stage=STAGE1_AND_2 iova=0x1b000 hit=0 affected=0 exec_latency=5 ns total_latency=5 ns
[cache-task] level=detail phase=end cache=pt_cache op=update enter_time=2308 ns done_time=2316 ns request_type=PT_UPDATE task_id=89 msg_type=PT_UPDATE stage=STAGE1_ONLY iova=0x1b000 hit=0 affected=0 exec_latency=0 s total_latency=8 ns
[cache-task] level=detail phase=begin cache=pt_cache op=update enter_time=2316 ns request_type=PT_UPDATE task_id=90 msg_type=PT_UPDATE stage=STAGE1_ONLY iova=0x1b200
[cache-task] level=detail phase=begin cache=walker_cache op=update enter_time=2316 ns request_type=WALKER_UPDATE task_id=90 msg_type=WALKER_UPDATE stage=STAGE1_AND_2 iova=0x1b200
[cache-task] level=detail phase=end cache=pt_cache op=update enter_time=2316 ns done_time=2321 ns request_type=PT_UPDATE task_id=90 msg_type=PT_UPDATE stage=STAGE1_ONLY iova=0x1b200 hit=0 affected=0 exec_latency=0 s total_latency=5 ns
[cache-task] level=detail phase=end cache=walker_cache op=update enter_time=2316 ns done_time=2321 ns request_type=WALKER_UPDATE task_id=90 msg_type=WALKER_UPDATE stage=STAGE1_AND_2 iova=0x1b200 hit=0 affected=0 exec_latency=5 ns total_latency=5 ns
[cache-task] level=detail phase=begin cache=pt_cache op=update enter_time=2324 ns request_type=PT_UPDATE task_id=17 msg_type=PT_UPDATE stage=STAGE1_ONLY iova=0x12000
[cache-task] level=detail phase=begin cache=walker_cache op=update enter_time=2324 ns request_type=WALKER_UPDATE task_id=17 msg_type=WALKER_UPDATE stage=STAGE1_AND_2 iova=0x12000
[cache-task] level=detail phase=end cache=walker_cache op=update enter_time=2324 ns done_time=2329 ns request_type=WALKER_UPDATE task_id=17 msg_type=WALKER_UPDATE stage=STAGE1_AND_2 iova=0x12000 hit=0 affected=0 exec_latency=5 ns total_latency=5 ns
[cache-task] level=detail phase=end cache=pt_cache op=update enter_time=2324 ns done_time=2332 ns request_type=PT_UPDATE task_id=17 msg_type=PT_UPDATE stage=STAGE1_ONLY iova=0x12000 hit=0 affected=0 exec_latency=0 s total_latency=8 ns
[cache-task] level=detail phase=begin cache=pt_cache op=update enter_time=2332 ns request_type=PT_UPDATE task_id=91 msg_type=PT_UPDATE stage=STAGE1_ONLY iova=0x1b400
[cache-task] level=detail phase=begin cache=walker_cache op=update enter_time=2332 ns request_type=WALKER_UPDATE task_id=91 msg_type=WALKER_UPDATE stage=STAGE1_AND_2 iova=0x1b400
[cache-task] level=detail phase=end cache=pt_cache op=update enter_time=2332 ns done_time=2337 ns request_type=PT_UPDATE task_id=91 msg_type=PT_UPDATE stage=STAGE1_ONLY iova=0x1b400 hit=0 affected=0 exec_latency=0 s total_latency=5 ns
[cache-task] level=detail phase=end cache=walker_cache op=update enter_time=2332 ns done_time=2337 ns request_type=WALKER_UPDATE task_id=91 msg_type=WALKER_UPDATE stage=STAGE1_AND_2 iova=0x1b400 hit=0 affected=0 exec_latency=5 ns total_latency=5 ns
[cache-task] level=detail phase=begin cache=pt_cache op=update enter_time=2340 ns request_type=PT_UPDATE task_id=92 msg_type=PT_UPDATE stage=STAGE1_ONLY iova=0x1b600
[cache-task] level=detail phase=begin cache=walker_cache op=update enter_time=2340 ns request_type=WALKER_UPDATE task_id=92 msg_type=WALKER_UPDATE stage=STAGE1_AND_2 iova=0x1b600
[cache-task] level=detail phase=end cache=pt_cache op=update enter_time=2340 ns done_time=2345 ns request_type=PT_UPDATE task_id=92 msg_type=PT_UPDATE stage=STAGE1_ONLY iova=0x1b600 hit=0 affected=0 exec_latency=0 s total_latency=5 ns
[cache-task] level=detail phase=end cache=walker_cache op=update enter_time=2340 ns done_time=2345 ns request_type=WALKER_UPDATE task_id=92 msg_type=WALKER_UPDATE stage=STAGE1_AND_2 iova=0x1b600 hit=0 affected=0 exec_latency=5 ns total_latency=5 ns
[cache-task] level=detail phase=begin cache=pt_cache op=update enter_time=2358 ns request_type=PT_UPDATE task_id=93 msg_type=PT_UPDATE stage=STAGE1_ONLY iova=0x1b800
[cache-task] level=detail phase=begin cache=walker_cache op=update enter_time=2358 ns request_type=WALKER_UPDATE task_id=93 msg_type=WALKER_UPDATE stage=STAGE1_AND_2 iova=0x1b800
[cache-task] level=detail phase=end cache=pt_cache op=update enter_time=2358 ns done_time=2363 ns request_type=PT_UPDATE task_id=93 msg_type=PT_UPDATE stage=STAGE1_ONLY iova=0x1b800 hit=0 affected=0 exec_latency=0 s total_latency=5 ns
[cache-task] level=detail phase=end cache=walker_cache op=update enter_time=2358 ns done_time=2363 ns request_type=WALKER_UPDATE task_id=93 msg_type=WALKER_UPDATE stage=STAGE1_AND_2 iova=0x1b800 hit=0 affected=0 exec_latency=5 ns total_latency=5 ns
[cache-task] level=detail phase=begin cache=pt_cache op=update enter_time=2366 ns request_type=PT_UPDATE task_id=94 msg_type=PT_UPDATE stage=STAGE1_ONLY iova=0x1ba00
[cache-task] level=detail phase=begin cache=walker_cache op=update enter_time=2366 ns request_type=WALKER_UPDATE task_id=94 msg_type=WALKER_UPDATE stage=STAGE1_AND_2 iova=0x1ba00
[cache-task] level=detail phase=end cache=pt_cache op=update enter_time=2366 ns done_time=2371 ns request_type=PT_UPDATE task_id=94 msg_type=PT_UPDATE stage=STAGE1_ONLY iova=0x1ba00 hit=0 affected=0 exec_latency=0 s total_latency=5 ns
[cache-task] level=detail phase=end cache=walker_cache op=update enter_time=2366 ns done_time=2371 ns request_type=WALKER_UPDATE task_id=94 msg_type=WALKER_UPDATE stage=STAGE1_AND_2 iova=0x1ba00 hit=0 affected=0 exec_latency=5 ns total_latency=5 ns
[cache-task] level=detail phase=begin cache=pt_cache op=update enter_time=2374 ns request_type=PT_UPDATE task_id=95 msg_type=PT_UPDATE stage=STAGE1_ONLY iova=0x1bc00
[cache-task] level=detail phase=begin cache=walker_cache op=update enter_time=2374 ns request_type=WALKER_UPDATE task_id=95 msg_type=WALKER_UPDATE stage=STAGE1_AND_2 iova=0x1bc00
[cache-task] level=detail phase=end cache=pt_cache op=update enter_time=2374 ns done_time=2379 ns request_type=PT_UPDATE task_id=95 msg_type=PT_UPDATE stage=STAGE1_ONLY iova=0x1bc00 hit=0 affected=0 exec_latency=0 s total_latency=5 ns
[cache-task] level=detail phase=end cache=walker_cache op=update enter_time=2374 ns done_time=2379 ns request_type=WALKER_UPDATE task_id=95 msg_type=WALKER_UPDATE stage=STAGE1_AND_2 iova=0x1bc00 hit=0 affected=0 exec_latency=5 ns total_latency=5 ns
[cache-task] level=detail phase=begin cache=pt_cache op=update enter_time=2392 ns request_type=PT_UPDATE task_id=96 msg_type=PT_UPDATE stage=STAGE1_ONLY iova=0x1be00
[cache-task] level=detail phase=begin cache=walker_cache op=update enter_time=2392 ns request_type=WALKER_UPDATE task_id=96 msg_type=WALKER_UPDATE stage=STAGE1_AND_2 iova=0x1be00
[cache-task] level=detail phase=end cache=pt_cache op=update enter_time=2392 ns done_time=2397 ns request_type=PT_UPDATE task_id=96 msg_type=PT_UPDATE stage=STAGE1_ONLY iova=0x1be00 hit=0 affected=0 exec_latency=0 s total_latency=5 ns
[cache-task] level=detail phase=end cache=walker_cache op=update enter_time=2392 ns done_time=2397 ns request_type=WALKER_UPDATE task_id=96 msg_type=WALKER_UPDATE stage=STAGE1_AND_2 iova=0x1be00 hit=0 affected=0 exec_latency=5 ns total_latency=5 ns
[cache-task] level=detail phase=begin cache=pt_cache op=update enter_time=2400 ns request_type=PT_UPDATE task_id=97 msg_type=PT_UPDATE stage=STAGE1_ONLY iova=0x1c000
[cache-task] level=detail phase=begin cache=walker_cache op=update enter_time=2400 ns request_type=WALKER_UPDATE task_id=97 msg_type=WALKER_UPDATE stage=STAGE1_AND_2 iova=0x1c000
[cache-task] level=detail phase=end cache=walker_cache op=update enter_time=2400 ns done_time=2405 ns request_type=WALKER_UPDATE task_id=97 msg_type=WALKER_UPDATE stage=STAGE1_AND_2 iova=0x1c000 hit=0 affected=0 exec_latency=5 ns total_latency=5 ns
[cache-task] level=detail phase=end cache=pt_cache op=update enter_time=2400 ns done_time=2408 ns request_type=PT_UPDATE task_id=97 msg_type=PT_UPDATE stage=STAGE1_ONLY iova=0x1c000 hit=0 affected=0 exec_latency=0 s total_latency=8 ns
[cache-task] level=detail phase=begin cache=pt_cache op=update enter_time=2418 ns request_type=PT_UPDATE task_id=98 msg_type=PT_UPDATE stage=STAGE1_ONLY iova=0x1c200
[cache-task] level=detail phase=begin cache=walker_cache op=update enter_time=2418 ns request_type=WALKER_UPDATE task_id=98 msg_type=WALKER_UPDATE stage=STAGE1_AND_2 iova=0x1c200
[cache-task] level=detail phase=end cache=pt_cache op=update enter_time=2418 ns done_time=2423 ns request_type=PT_UPDATE task_id=98 msg_type=PT_UPDATE stage=STAGE1_ONLY iova=0x1c200 hit=0 affected=0 exec_latency=0 s total_latency=5 ns
[cache-task] level=detail phase=end cache=walker_cache op=update enter_time=2418 ns done_time=2423 ns request_type=WALKER_UPDATE task_id=98 msg_type=WALKER_UPDATE stage=STAGE1_AND_2 iova=0x1c200 hit=0 affected=0 exec_latency=5 ns total_latency=5 ns
[cache-task] level=detail phase=begin cache=pt_cache op=update enter_time=2426 ns request_type=PT_UPDATE task_id=99 msg_type=PT_UPDATE stage=STAGE1_ONLY iova=0x1c400
[cache-task] level=detail phase=begin cache=walker_cache op=update enter_time=2426 ns request_type=WALKER_UPDATE task_id=99 msg_type=WALKER_UPDATE stage=STAGE1_AND_2 iova=0x1c400
[cache-task] level=detail phase=end cache=pt_cache op=update enter_time=2426 ns done_time=2431 ns request_type=PT_UPDATE task_id=99 msg_type=PT_UPDATE stage=STAGE1_ONLY iova=0x1c400 hit=0 affected=0 exec_latency=0 s total_latency=5 ns
[cache-task] level=detail phase=end cache=walker_cache op=update enter_time=2426 ns done_time=2431 ns request_type=WALKER_UPDATE task_id=99 msg_type=WALKER_UPDATE stage=STAGE1_AND_2 iova=0x1c400 hit=0 affected=0 exec_latency=5 ns total_latency=5 ns
[cache-task] level=detail phase=begin cache=pt_cache op=update enter_time=2434 ns request_type=PT_UPDATE task_id=18 msg_type=PT_UPDATE stage=STAGE1_ONLY iova=0x12200
[cache-task] level=detail phase=begin cache=walker_cache op=update enter_time=2434 ns request_type=WALKER_UPDATE task_id=18 msg_type=WALKER_UPDATE stage=STAGE1_AND_2 iova=0x12200
[cache-task] level=detail phase=end cache=pt_cache op=update enter_time=2434 ns done_time=2439 ns request_type=PT_UPDATE task_id=18 msg_type=PT_UPDATE stage=STAGE1_ONLY iova=0x12200 hit=0 affected=0 exec_latency=0 s total_latency=5 ns
[cache-task] level=detail phase=end cache=walker_cache op=update enter_time=2434 ns done_time=2439 ns request_type=WALKER_UPDATE task_id=18 msg_type=WALKER_UPDATE stage=STAGE1_AND_2 iova=0x12200 hit=0 affected=0 exec_latency=5 ns total_latency=5 ns
[cache-task] level=detail phase=begin cache=pt_cache op=update enter_time=2442 ns request_type=PT_UPDATE task_id=100 msg_type=PT_UPDATE stage=STAGE1_ONLY iova=0x1c600
[cache-task] level=detail phase=begin cache=walker_cache op=update enter_time=2442 ns request_type=WALKER_UPDATE task_id=100 msg_type=WALKER_UPDATE stage=STAGE1_AND_2 iova=0x1c600
[cache-task] level=detail phase=end cache=pt_cache op=update enter_time=2442 ns done_time=2447 ns request_type=PT_UPDATE task_id=100 msg_type=PT_UPDATE stage=STAGE1_ONLY iova=0x1c600 hit=0 affected=0 exec_latency=0 s total_latency=5 ns
[cache-task] level=detail phase=end cache=walker_cache op=update enter_time=2442 ns done_time=2447 ns request_type=WALKER_UPDATE task_id=100 msg_type=WALKER_UPDATE stage=STAGE1_AND_2 iova=0x1c600 hit=0 affected=0 exec_latency=5 ns total_latency=5 ns
[cache-task] level=detail phase=begin cache=pt_cache op=update enter_time=2470 ns request_type=PT_UPDATE task_id=19 msg_type=PT_UPDATE stage=STAGE1_ONLY iova=0x12400
[cache-task] level=detail phase=begin cache=walker_cache op=update enter_time=2470 ns request_type=WALKER_UPDATE task_id=19 msg_type=WALKER_UPDATE stage=STAGE1_AND_2 iova=0x12400
[cache-task] level=detail phase=end cache=pt_cache op=update enter_time=2470 ns done_time=2475 ns request_type=PT_UPDATE task_id=19 msg_type=PT_UPDATE stage=STAGE1_ONLY iova=0x12400 hit=0 affected=0 exec_latency=0 s total_latency=5 ns
[cache-task] level=detail phase=end cache=walker_cache op=update enter_time=2470 ns done_time=2475 ns request_type=WALKER_UPDATE task_id=19 msg_type=WALKER_UPDATE stage=STAGE1_AND_2 iova=0x12400 hit=0 affected=0 exec_latency=5 ns total_latency=5 ns
[cache-task] level=detail phase=begin cache=pt_cache op=update enter_time=2490 ns request_type=PT_UPDATE task_id=41 msg_type=PT_UPDATE stage=STAGE1_ONLY iova=0x15000
[cache-task] level=detail phase=begin cache=walker_cache op=update enter_time=2490 ns request_type=WALKER_UPDATE task_id=41 msg_type=WALKER_UPDATE stage=STAGE1_AND_2 iova=0x15000
[cache-task] level=detail phase=end cache=walker_cache op=update enter_time=2490 ns done_time=2495 ns request_type=WALKER_UPDATE task_id=41 msg_type=WALKER_UPDATE stage=STAGE1_AND_2 iova=0x15000 hit=0 affected=0 exec_latency=5 ns total_latency=5 ns
[cache-task] level=detail phase=end cache=pt_cache op=update enter_time=2490 ns done_time=2498 ns request_type=PT_UPDATE task_id=41 msg_type=PT_UPDATE stage=STAGE1_ONLY iova=0x15000 hit=0 affected=0 exec_latency=0 s total_latency=8 ns
[cache-task] level=detail phase=begin cache=pt_cache op=update enter_time=2498 ns request_type=PT_UPDATE task_id=20 msg_type=PT_UPDATE stage=STAGE1_ONLY iova=0x12600
[cache-task] level=detail phase=begin cache=walker_cache op=update enter_time=2498 ns request_type=WALKER_UPDATE task_id=20 msg_type=WALKER_UPDATE stage=STAGE1_AND_2 iova=0x12600
[cache-task] level=detail phase=end cache=pt_cache op=update enter_time=2498 ns done_time=2503 ns request_type=PT_UPDATE task_id=20 msg_type=PT_UPDATE stage=STAGE1_ONLY iova=0x12600 hit=0 affected=0 exec_latency=0 s total_latency=5 ns
[cache-task] level=detail phase=end cache=walker_cache op=update enter_time=2498 ns done_time=2503 ns request_type=WALKER_UPDATE task_id=20 msg_type=WALKER_UPDATE stage=STAGE1_AND_2 iova=0x12600 hit=0 affected=0 exec_latency=5 ns total_latency=5 ns
[cache-task] level=detail phase=begin cache=pt_cache op=update enter_time=2506 ns request_type=PT_UPDATE task_id=21 msg_type=PT_UPDATE stage=STAGE1_ONLY iova=0x12800
[cache-task] level=detail phase=begin cache=walker_cache op=update enter_time=2506 ns request_type=WALKER_UPDATE task_id=21 msg_type=WALKER_UPDATE stage=STAGE1_AND_2 iova=0x12800
[cache-task] level=detail phase=end cache=pt_cache op=update enter_time=2506 ns done_time=2511 ns request_type=PT_UPDATE task_id=21 msg_type=PT_UPDATE stage=STAGE1_ONLY iova=0x12800 hit=0 affected=0 exec_latency=0 s total_latency=5 ns
[cache-task] level=detail phase=end cache=walker_cache op=update enter_time=2506 ns done_time=2511 ns request_type=WALKER_UPDATE task_id=21 msg_type=WALKER_UPDATE stage=STAGE1_AND_2 iova=0x12800 hit=0 affected=0 exec_latency=5 ns total_latency=5 ns
[cache-task] level=detail phase=begin cache=pt_cache op=update enter_time=2514 ns request_type=PT_UPDATE task_id=22 msg_type=PT_UPDATE stage=STAGE1_ONLY iova=0x12a00
[cache-task] level=detail phase=begin cache=walker_cache op=update enter_time=2514 ns request_type=WALKER_UPDATE task_id=22 msg_type=WALKER_UPDATE stage=STAGE1_AND_2 iova=0x12a00
[cache-task] level=detail phase=end cache=pt_cache op=update enter_time=2514 ns done_time=2519 ns request_type=PT_UPDATE task_id=22 msg_type=PT_UPDATE stage=STAGE1_ONLY iova=0x12a00 hit=0 affected=0 exec_latency=0 s total_latency=5 ns
[cache-task] level=detail phase=end cache=walker_cache op=update enter_time=2514 ns done_time=2519 ns request_type=WALKER_UPDATE task_id=22 msg_type=WALKER_UPDATE stage=STAGE1_AND_2 iova=0x12a00 hit=0 affected=0 exec_latency=5 ns total_latency=5 ns
[cache-task] level=detail phase=begin cache=pt_cache op=update enter_time=2522 ns request_type=PT_UPDATE task_id=23 msg_type=PT_UPDATE stage=STAGE1_ONLY iova=0x12c00
[cache-task] level=detail phase=begin cache=walker_cache op=update enter_time=2522 ns request_type=WALKER_UPDATE task_id=23 msg_type=WALKER_UPDATE stage=STAGE1_AND_2 iova=0x12c00
[cache-task] level=detail phase=end cache=pt_cache op=update enter_time=2522 ns done_time=2527 ns request_type=PT_UPDATE task_id=23 msg_type=PT_UPDATE stage=STAGE1_ONLY iova=0x12c00 hit=0 affected=0 exec_latency=0 s total_latency=5 ns
[cache-task] level=detail phase=end cache=walker_cache op=update enter_time=2522 ns done_time=2527 ns request_type=WALKER_UPDATE task_id=23 msg_type=WALKER_UPDATE stage=STAGE1_AND_2 iova=0x12c00 hit=0 affected=0 exec_latency=5 ns total_latency=5 ns
[cache-task] level=detail phase=begin cache=pt_cache op=update enter_time=2530 ns request_type=PT_UPDATE task_id=24 msg_type=PT_UPDATE stage=STAGE1_ONLY iova=0x12e00
[cache-task] level=detail phase=begin cache=walker_cache op=update enter_time=2530 ns request_type=WALKER_UPDATE task_id=24 msg_type=WALKER_UPDATE stage=STAGE1_AND_2 iova=0x12e00
[cache-task] level=detail phase=end cache=pt_cache op=update enter_time=2530 ns done_time=2535 ns request_type=PT_UPDATE task_id=24 msg_type=PT_UPDATE stage=STAGE1_ONLY iova=0x12e00 hit=0 affected=0 exec_latency=0 s total_latency=5 ns
[cache-task] level=detail phase=end cache=walker_cache op=update enter_time=2530 ns done_time=2535 ns request_type=WALKER_UPDATE task_id=24 msg_type=WALKER_UPDATE stage=STAGE1_AND_2 iova=0x12e00 hit=0 affected=0 exec_latency=5 ns total_latency=5 ns
[cache-task] level=detail phase=begin cache=pt_cache op=update enter_time=2538 ns request_type=PT_UPDATE task_id=25 msg_type=PT_UPDATE stage=STAGE1_ONLY iova=0x13000
[cache-task] level=detail phase=begin cache=walker_cache op=update enter_time=2538 ns request_type=WALKER_UPDATE task_id=25 msg_type=WALKER_UPDATE stage=STAGE1_AND_2 iova=0x13000
[cache-task] level=detail phase=end cache=walker_cache op=update enter_time=2538 ns done_time=2543 ns request_type=WALKER_UPDATE task_id=25 msg_type=WALKER_UPDATE stage=STAGE1_AND_2 iova=0x13000 hit=0 affected=0 exec_latency=5 ns total_latency=5 ns
[cache-task] level=detail phase=end cache=pt_cache op=update enter_time=2538 ns done_time=2546 ns request_type=PT_UPDATE task_id=25 msg_type=PT_UPDATE stage=STAGE1_ONLY iova=0x13000 hit=0 affected=0 exec_latency=0 s total_latency=8 ns
[cache-task] level=detail phase=begin cache=pt_cache op=update enter_time=2546 ns request_type=PT_UPDATE task_id=26 msg_type=PT_UPDATE stage=STAGE1_ONLY iova=0x13200
[cache-task] level=detail phase=begin cache=walker_cache op=update enter_time=2546 ns request_type=WALKER_UPDATE task_id=26 msg_type=WALKER_UPDATE stage=STAGE1_AND_2 iova=0x13200
[cache-task] level=detail phase=end cache=pt_cache op=update enter_time=2546 ns done_time=2551 ns request_type=PT_UPDATE task_id=26 msg_type=PT_UPDATE stage=STAGE1_ONLY iova=0x13200 hit=0 affected=0 exec_latency=0 s total_latency=5 ns
[cache-task] level=detail phase=end cache=walker_cache op=update enter_time=2546 ns done_time=2551 ns request_type=WALKER_UPDATE task_id=26 msg_type=WALKER_UPDATE stage=STAGE1_AND_2 iova=0x13200 hit=0 affected=0 exec_latency=5 ns total_latency=5 ns
[cache-task] level=detail phase=begin cache=pt_cache op=update enter_time=2554 ns request_type=PT_UPDATE task_id=27 msg_type=PT_UPDATE stage=STAGE1_ONLY iova=0x13400
[cache-task] level=detail phase=begin cache=walker_cache op=update enter_time=2554 ns request_type=WALKER_UPDATE task_id=27 msg_type=WALKER_UPDATE stage=STAGE1_AND_2 iova=0x13400
[cache-task] level=detail phase=end cache=pt_cache op=update enter_time=2554 ns done_time=2559 ns request_type=PT_UPDATE task_id=27 msg_type=PT_UPDATE stage=STAGE1_ONLY iova=0x13400 hit=0 affected=0 exec_latency=0 s total_latency=5 ns
[cache-task] level=detail phase=end cache=walker_cache op=update enter_time=2554 ns done_time=2559 ns request_type=WALKER_UPDATE task_id=27 msg_type=WALKER_UPDATE stage=STAGE1_AND_2 iova=0x13400 hit=0 affected=0 exec_latency=5 ns total_latency=5 ns
[cache-task] level=detail phase=begin cache=pt_cache op=update enter_time=2562 ns request_type=PT_UPDATE task_id=28 msg_type=PT_UPDATE stage=STAGE1_ONLY iova=0x13600
[cache-task] level=detail phase=begin cache=walker_cache op=update enter_time=2562 ns request_type=WALKER_UPDATE task_id=28 msg_type=WALKER_UPDATE stage=STAGE1_AND_2 iova=0x13600
[cache-task] level=detail phase=end cache=pt_cache op=update enter_time=2562 ns done_time=2567 ns request_type=PT_UPDATE task_id=28 msg_type=PT_UPDATE stage=STAGE1_ONLY iova=0x13600 hit=0 affected=0 exec_latency=0 s total_latency=5 ns
[cache-task] level=detail phase=end cache=walker_cache op=update enter_time=2562 ns done_time=2567 ns request_type=WALKER_UPDATE task_id=28 msg_type=WALKER_UPDATE stage=STAGE1_AND_2 iova=0x13600 hit=0 affected=0 exec_latency=5 ns total_latency=5 ns
[cache-task] level=detail phase=begin cache=pt_cache op=update enter_time=2570 ns request_type=PT_UPDATE task_id=29 msg_type=PT_UPDATE stage=STAGE1_ONLY iova=0x13800
[cache-task] level=detail phase=begin cache=walker_cache op=update enter_time=2570 ns request_type=WALKER_UPDATE task_id=29 msg_type=WALKER_UPDATE stage=STAGE1_AND_2 iova=0x13800
[cache-task] level=detail phase=end cache=pt_cache op=update enter_time=2570 ns done_time=2575 ns request_type=PT_UPDATE task_id=29 msg_type=PT_UPDATE stage=STAGE1_ONLY iova=0x13800 hit=0 affected=0 exec_latency=0 s total_latency=5 ns
[cache-task] level=detail phase=end cache=walker_cache op=update enter_time=2570 ns done_time=2575 ns request_type=WALKER_UPDATE task_id=29 msg_type=WALKER_UPDATE stage=STAGE1_AND_2 iova=0x13800 hit=0 affected=0 exec_latency=5 ns total_latency=5 ns
[cache-task] level=detail phase=begin cache=pt_cache op=update enter_time=2578 ns request_type=PT_UPDATE task_id=30 msg_type=PT_UPDATE stage=STAGE1_ONLY iova=0x13a00
[cache-task] level=detail phase=begin cache=walker_cache op=update enter_time=2578 ns request_type=WALKER_UPDATE task_id=30 msg_type=WALKER_UPDATE stage=STAGE1_AND_2 iova=0x13a00
[cache-task] level=detail phase=end cache=pt_cache op=update enter_time=2578 ns done_time=2583 ns request_type=PT_UPDATE task_id=30 msg_type=PT_UPDATE stage=STAGE1_ONLY iova=0x13a00 hit=0 affected=0 exec_latency=0 s total_latency=5 ns
[cache-task] level=detail phase=end cache=walker_cache op=update enter_time=2578 ns done_time=2583 ns request_type=WALKER_UPDATE task_id=30 msg_type=WALKER_UPDATE stage=STAGE1_AND_2 iova=0x13a00 hit=0 affected=0 exec_latency=5 ns total_latency=5 ns
[cache-task] level=detail phase=begin cache=pt_cache op=update enter_time=2586 ns request_type=PT_UPDATE task_id=31 msg_type=PT_UPDATE stage=STAGE1_ONLY iova=0x13c00
[cache-task] level=detail phase=begin cache=walker_cache op=update enter_time=2586 ns request_type=WALKER_UPDATE task_id=31 msg_type=WALKER_UPDATE stage=STAGE1_AND_2 iova=0x13c00
[cache-task] level=detail phase=end cache=pt_cache op=update enter_time=2586 ns done_time=2591 ns request_type=PT_UPDATE task_id=31 msg_type=PT_UPDATE stage=STAGE1_ONLY iova=0x13c00 hit=0 affected=0 exec_latency=0 s total_latency=5 ns
[cache-task] level=detail phase=end cache=walker_cache op=update enter_time=2586 ns done_time=2591 ns request_type=WALKER_UPDATE task_id=31 msg_type=WALKER_UPDATE stage=STAGE1_AND_2 iova=0x13c00 hit=0 affected=0 exec_latency=5 ns total_latency=5 ns
[cache-task] level=detail phase=begin cache=pt_cache op=update enter_time=2594 ns request_type=PT_UPDATE task_id=32 msg_type=PT_UPDATE stage=STAGE1_ONLY iova=0x13e00
[cache-task] level=detail phase=begin cache=walker_cache op=update enter_time=2594 ns request_type=WALKER_UPDATE task_id=32 msg_type=WALKER_UPDATE stage=STAGE1_AND_2 iova=0x13e00
[cache-task] level=detail phase=end cache=pt_cache op=update enter_time=2594 ns done_time=2599 ns request_type=PT_UPDATE task_id=32 msg_type=PT_UPDATE stage=STAGE1_ONLY iova=0x13e00 hit=0 affected=0 exec_latency=0 s total_latency=5 ns
[cache-task] level=detail phase=end cache=walker_cache op=update enter_time=2594 ns done_time=2599 ns request_type=WALKER_UPDATE task_id=32 msg_type=WALKER_UPDATE stage=STAGE1_AND_2 iova=0x13e00 hit=0 affected=0 exec_latency=5 ns total_latency=5 ns
[cache-task] level=detail phase=begin cache=pt_cache op=update enter_time=2602 ns request_type=PT_UPDATE task_id=33 msg_type=PT_UPDATE stage=STAGE1_ONLY iova=0x14000
[cache-task] level=detail phase=begin cache=walker_cache op=update enter_time=2602 ns request_type=WALKER_UPDATE task_id=33 msg_type=WALKER_UPDATE stage=STAGE1_AND_2 iova=0x14000
[cache-task] level=detail phase=end cache=walker_cache op=update enter_time=2602 ns done_time=2607 ns request_type=WALKER_UPDATE task_id=33 msg_type=WALKER_UPDATE stage=STAGE1_AND_2 iova=0x14000 hit=0 affected=0 exec_latency=5 ns total_latency=5 ns
[cache-task] level=detail phase=end cache=pt_cache op=update enter_time=2602 ns done_time=2610 ns request_type=PT_UPDATE task_id=33 msg_type=PT_UPDATE stage=STAGE1_ONLY iova=0x14000 hit=0 affected=0 exec_latency=0 s total_latency=8 ns
[cache-task] level=detail phase=begin cache=pt_cache op=update enter_time=2610 ns request_type=PT_UPDATE task_id=34 msg_type=PT_UPDATE stage=STAGE1_ONLY iova=0x14200
[cache-task] level=detail phase=begin cache=walker_cache op=update enter_time=2610 ns request_type=WALKER_UPDATE task_id=34 msg_type=WALKER_UPDATE stage=STAGE1_AND_2 iova=0x14200
[cache-task] level=detail phase=end cache=pt_cache op=update enter_time=2610 ns done_time=2615 ns request_type=PT_UPDATE task_id=34 msg_type=PT_UPDATE stage=STAGE1_ONLY iova=0x14200 hit=0 affected=0 exec_latency=0 s total_latency=5 ns
[cache-task] level=detail phase=end cache=walker_cache op=update enter_time=2610 ns done_time=2615 ns request_type=WALKER_UPDATE task_id=34 msg_type=WALKER_UPDATE stage=STAGE1_AND_2 iova=0x14200 hit=0 affected=0 exec_latency=5 ns total_latency=5 ns
[cache-task] level=detail phase=begin cache=pt_cache op=update enter_time=2618 ns request_type=PT_UPDATE task_id=35 msg_type=PT_UPDATE stage=STAGE1_ONLY iova=0x14400
[cache-task] level=detail phase=begin cache=walker_cache op=update enter_time=2618 ns request_type=WALKER_UPDATE task_id=35 msg_type=WALKER_UPDATE stage=STAGE1_AND_2 iova=0x14400
[cache-task] level=detail phase=end cache=pt_cache op=update enter_time=2618 ns done_time=2623 ns request_type=PT_UPDATE task_id=35 msg_type=PT_UPDATE stage=STAGE1_ONLY iova=0x14400 hit=0 affected=0 exec_latency=0 s total_latency=5 ns
[cache-task] level=detail phase=end cache=walker_cache op=update enter_time=2618 ns done_time=2623 ns request_type=WALKER_UPDATE task_id=35 msg_type=WALKER_UPDATE stage=STAGE1_AND_2 iova=0x14400 hit=0 affected=0 exec_latency=5 ns total_latency=5 ns
[cache-task] level=detail phase=begin cache=pt_cache op=update enter_time=2626 ns request_type=PT_UPDATE task_id=36 msg_type=PT_UPDATE stage=STAGE1_ONLY iova=0x14600
[cache-task] level=detail phase=begin cache=walker_cache op=update enter_time=2626 ns request_type=WALKER_UPDATE task_id=36 msg_type=WALKER_UPDATE stage=STAGE1_AND_2 iova=0x14600
[cache-task] level=detail phase=end cache=pt_cache op=update enter_time=2626 ns done_time=2631 ns request_type=PT_UPDATE task_id=36 msg_type=PT_UPDATE stage=STAGE1_ONLY iova=0x14600 hit=0 affected=0 exec_latency=0 s total_latency=5 ns
[cache-task] level=detail phase=end cache=walker_cache op=update enter_time=2626 ns done_time=2631 ns request_type=WALKER_UPDATE task_id=36 msg_type=WALKER_UPDATE stage=STAGE1_AND_2 iova=0x14600 hit=0 affected=0 exec_latency=5 ns total_latency=5 ns
[cache-task] level=detail phase=begin cache=pt_cache op=update enter_time=2634 ns request_type=PT_UPDATE task_id=37 msg_type=PT_UPDATE stage=STAGE1_ONLY iova=0x14800
[cache-task] level=detail phase=begin cache=walker_cache op=update enter_time=2634 ns request_type=WALKER_UPDATE task_id=37 msg_type=WALKER_UPDATE stage=STAGE1_AND_2 iova=0x14800
[cache-task] level=detail phase=end cache=pt_cache op=update enter_time=2634 ns done_time=2639 ns request_type=PT_UPDATE task_id=37 msg_type=PT_UPDATE stage=STAGE1_ONLY iova=0x14800 hit=0 affected=0 exec_latency=0 s total_latency=5 ns
[cache-task] level=detail phase=end cache=walker_cache op=update enter_time=2634 ns done_time=2639 ns request_type=WALKER_UPDATE task_id=37 msg_type=WALKER_UPDATE stage=STAGE1_AND_2 iova=0x14800 hit=0 affected=0 exec_latency=5 ns total_latency=5 ns
[cache-task] level=detail phase=begin cache=pt_cache op=update enter_time=2642 ns request_type=PT_UPDATE task_id=38 msg_type=PT_UPDATE stage=STAGE1_ONLY iova=0x14a00
[cache-task] level=detail phase=begin cache=walker_cache op=update enter_time=2642 ns request_type=WALKER_UPDATE task_id=38 msg_type=WALKER_UPDATE stage=STAGE1_AND_2 iova=0x14a00
[cache-task] level=detail phase=end cache=pt_cache op=update enter_time=2642 ns done_time=2647 ns request_type=PT_UPDATE task_id=38 msg_type=PT_UPDATE stage=STAGE1_ONLY iova=0x14a00 hit=0 affected=0 exec_latency=0 s total_latency=5 ns
[cache-task] level=detail phase=end cache=walker_cache op=update enter_time=2642 ns done_time=2647 ns request_type=WALKER_UPDATE task_id=38 msg_type=WALKER_UPDATE stage=STAGE1_AND_2 iova=0x14a00 hit=0 affected=0 exec_latency=5 ns total_latency=5 ns
[cache-task] level=detail phase=begin cache=pt_cache op=update enter_time=2650 ns request_type=PT_UPDATE task_id=39 msg_type=PT_UPDATE stage=STAGE1_ONLY iova=0x14c00
[cache-task] level=detail phase=begin cache=walker_cache op=update enter_time=2650 ns request_type=WALKER_UPDATE task_id=39 msg_type=WALKER_UPDATE stage=STAGE1_AND_2 iova=0x14c00
[cache-task] level=detail phase=end cache=pt_cache op=update enter_time=2650 ns done_time=2655 ns request_type=PT_UPDATE task_id=39 msg_type=PT_UPDATE stage=STAGE1_ONLY iova=0x14c00 hit=0 affected=0 exec_latency=0 s total_latency=5 ns
[cache-task] level=detail phase=end cache=walker_cache op=update enter_time=2650 ns done_time=2655 ns request_type=WALKER_UPDATE task_id=39 msg_type=WALKER_UPDATE stage=STAGE1_AND_2 iova=0x14c00 hit=0 affected=0 exec_latency=5 ns total_latency=5 ns
[cache-task] level=detail phase=begin cache=pt_cache op=update enter_time=2658 ns request_type=PT_UPDATE task_id=40 msg_type=PT_UPDATE stage=STAGE1_ONLY iova=0x14e00
[cache-task] level=detail phase=begin cache=walker_cache op=update enter_time=2658 ns request_type=WALKER_UPDATE task_id=40 msg_type=WALKER_UPDATE stage=STAGE1_AND_2 iova=0x14e00

========== IOMMU Cache Statistics Summary ==========
Cache               Accesses        Hits      Misses   HitRate    Evicts    Invals  PF_Issue    PF_Hit    PFRate     ExecAvg    QueueAvg    TotalAvg        Reqs          IOPS
----------------------------------------------------------------------------------------------------------------------------------------------------------------------------------------
dc_cache                 100          95           5    0.9500         0         0         0         0    0.0000      4.0571      0.2571      4.3143         105148095909.7320
msipt_cache                0           0           0    0.0000         0         0         0         0    0.0000      0.0000      0.0000      0.0000           0        0.0000
pc_cache                 100           0         100    0.0000         0         0         0         0    0.0000      4.0000      0.0000      4.0000         100141043723.5543
pt_cache                 100           0         100    0.0000         6         0         0         0    0.0000      4.6300      0.1450      4.7739         199 76070336.3914
walker_cache               0           0           0    0.0000         0         0         0         0    0.0000      0.0000      0.0000      5.3266         199 76216009.1919
walker_ptw_c1              0           0           0    0.0000         0         0         0         0    0.0000      2.0000      0.0000      0.0000           0        0.0000
walker_ptw_c2             41           0          41    0.0000         0         0         0         0    0.0000      4.4819      0.0000      0.0000           0        0.0000
walker_ptw_c3            100          59          41    0.5900         0         0         0         0    0.0000      4.4925      0.0000      0.0000           0        0.0000
====================================================

---------- Execution Latency Histograms ----------

[dc_cache] (bin_width=1.0000 ns)
bin_start_ns    count       
----------------------------
4.0000          100         
5.0000          4           
6.0000          1           

[pc_cache] (bin_width=1.0000 ns)
bin_start_ns    count       
----------------------------
4.0000          100         

[pt_cache] (bin_width=1.0000 ns)
bin_start_ns    count       
----------------------------
4.0000          100         
5.0000          86          
6.0000          8           
8.0000          6           

[walker_ptw_c1] (bin_width=1.0000 ns)
bin_start_ns    count       
----------------------------
2.0000          1           

[walker_ptw_c2] (bin_width=1.0000 ns)
bin_start_ns    count       
----------------------------
2.0000          1           
4.0000          41          
5.0000          40          
6.0000          1           

[walker_ptw_c3] (bin_width=1.0000 ns)
bin_start_ns    count       
----------------------------
2.0000          1           
4.0000          100         
5.0000          99          
6.0000          1           

---------- Queue Latency Histograms ----------

[dc_cache] (bin_width=1.0000 ns)
bin_start_ns    count       
----------------------------
0.0000          97          
1.0000          2           
2.0000          2           
5.0000          3           
6.0000          1           

[pc_cache] (bin_width=1.0000 ns)
bin_start_ns    count       
----------------------------
0.0000          100         

[pt_cache] (bin_width=1.0000 ns)
bin_start_ns    count       
----------------------------
0.0000          189         
1.0000          4           
2.0000          2           
4.0000          4           
5.0000          1           

[walker_ptw_c1] (bin_width=1.0000 ns)
bin_start_ns    count       
----------------------------
0.0000          1           

[walker_ptw_c2] (bin_width=1.0000 ns)
bin_start_ns    count       
----------------------------
0.0000          83          

[walker_ptw_c3] (bin_width=1.0000 ns)
bin_start_ns    count       
----------------------------
0.0000          201         

========== End of Report ==========
