timestamp_ns,valid_count,utilization_pct,is_allocate
233.0,1,0.20,1
238.0,2,0.39,1
243.0,3,0.59,1
248.0,4,0.78,1
253.0,5,0.98,1
258.0,6,1.17,1
263.0,7,1.37,1
268.0,8,1.56,1
273.0,9,1.76,1
278.0,10,1.95,1
283.0,11,2.15,1
288.0,12,2.34,1
293.0,13,2.54,1
297.0,14,2.73,1
298.0,15,2.93,1
302.0,16,3.12,1
303.0,17,3.32,1
307.0,18,3.52,1
308.0,19,3.71,1
312.0,20,3.91,1
317.0,21,4.10,1
322.0,22,4.30,1
327.0,23,4.49,1
332.0,24,4.69,1
337.0,25,4.88,1
342.0,26,5.08,1
347.0,27,5.27,1
352.0,28,5.47,1
357.0,29,5.66,1
362.0,30,5.86,1
367.0,31,6.05,1
372.0,32,6.25,1
377.0,33,6.45,1
382.0,34,6.64,1
387.0,35,6.84,1
392.0,36,7.03,1
393.0,37,7.23,1
397.0,38,7.42,1
398.0,39,7.62,1
402.0,40,7.81,1
403.0,41,8.01,1
407.0,42,8.20,1
408.0,43,8.40,1
412.0,44,8.59,1
413.0,45,8.79,1
418.0,46,8.98,1
423.0,47,9.18,1
428.0,48,9.38,1
433.0,49,9.57,1
438.0,50,9.77,1
443.0,51,9.96,1
448.0,52,10.16,1
453.0,53,10.35,1
454.0,54,10.55,1
458.0,55,10.74,1
459.0,56,10.94,1
463.0,57,11.13,1
464.0,58,11.33,1
468.0,59,11.52,1
469.0,60,11.72,1
470.0,61,11.91,1
474.0,62,12.11,1
475.0,63,12.30,1
479.0,64,12.50,1
480.0,65,12.70,1
485.0,66,12.89,1
486.0,67,13.09,1
489.0,68,13.28,1
490.0,69,13.48,1
491.0,70,13.67,1
494.0,71,13.87,1
495.0,72,14.06,1
496.0,73,14.26,1
501.0,74,14.45,1
502.0,75,14.65,1
505.0,76,14.84,1
506.0,77,15.04,1
507.0,78,15.23,1
510.0,79,15.43,1
511.0,80,15.62,1
512.0,81,15.82,1
517.0,82,16.02,1
521.0,83,16.21,1
522.0,84,16.41,1
526.0,85,16.60,1
527.0,86,16.80,1
528.0,87,16.99,1
532.0,88,17.19,1
533.0,89,17.38,1
537.0,90,17.58,1
538.0,91,17.77,1
543.0,92,17.97,1
548.0,93,18.16,1
553.0,94,18.36,1
558.0,95,18.55,1
560.0,96,18.75,1
563.0,97,18.95,1
565.0,98,19.14,1
570.0,99,19.34,1
575.0,100,19.53,1
580.0,101,19.73,1
585.0,102,19.92,1
590.0,103,20.12,1
592.0,104,20.31,1
595.0,105,20.51,1
597.0,106,20.70,1
602.0,107,20.90,1
607.0,108,21.09,1
612.0,109,21.29,1
617.0,110,21.48,1
622.0,111,21.68,1
624.0,112,21.88,1
627.0,113,22.07,1
629.0,114,22.27,1
634.0,115,22.46,1
639.0,116,22.66,1
644.0,117,22.85,1
649.0,118,23.05,1
654.0,119,23.24,1
656.0,120,23.44,1
659.0,121,23.63,1
661.0,122,23.83,1
666.0,123,24.02,1
671.0,124,24.22,1
676.0,125,24.41,1
681.0,126,24.61,1
686.0,127,24.80,1
688.0,128,25.00,1
691.0,129,25.20,1
693.0,130,25.39,1
698.0,131,25.59,1
703.0,132,25.78,1
708.0,133,25.98,1
713.0,134,26.17,1
718.0,135,26.37,1
723.0,136,26.56,1
728.0,137,26.76,1
733.0,138,26.95,1
738.0,139,27.15,1
743.0,140,27.34,1
748.0,141,27.54,1
753.0,142,27.73,1
758.0,143,27.93,1
763.0,144,28.12,1
768.0,145,28.32,1
773.0,146,28.52,1
778.0,147,28.71,1
783.0,148,28.91,1
784.0,149,29.10,1
788.0,150,29.30,1
789.0,151,29.49,1
793.0,152,29.69,1
794.0,153,29.88,1
798.0,154,30.08,1
799.0,155,30.27,1
803.0,156,30.47,1
804.0,157,30.66,1
809.0,158,30.86,1
814.0,159,31.05,1
816.0,160,31.25,1
819.0,161,31.45,1
821.0,162,31.64,1
826.0,163,31.84,1
831.0,164,32.03,1
836.0,165,32.23,1
841.0,166,32.42,1
846.0,167,32.62,1
848.0,168,32.81,1
851.0,169,33.01,1
853.0,170,33.20,1
858.0,171,33.40,1
863.0,172,33.59,1
868.0,173,33.79,1
873.0,174,33.98,1
878.0,175,34.18,1
880.0,176,34.38,1
883.0,177,34.57,1
885.0,178,34.77,1
890.0,179,34.96,1
895.0,180,35.16,1
900.0,181,35.35,1
905.0,182,35.55,1
910.0,183,35.74,1
912.0,184,35.94,1
915.0,185,36.13,1
917.0,186,36.33,1
922.0,187,36.52,1
927.0,188,36.72,1
932.0,189,36.91,1
937.0,190,37.11,1
942.0,191,37.30,1
944.0,192,37.50,1
947.0,193,37.70,1
949.0,194,37.89,1
954.0,195,38.09,1
959.0,196,38.28,1
964.0,197,38.48,1
969.0,198,38.67,1
974.0,199,38.87,1
976.0,200,39.06,1
979.0,201,39.26,1
981.0,202,39.45,1
986.0,203,39.65,1
991.0,204,39.84,1
996.0,205,40.04,1
1001.0,206,40.23,1
1006.0,207,40.43,1
1011.0,208,40.62,1
1016.0,209,40.82,1
1021.0,210,41.02,1
1026.0,211,41.21,1
1031.0,212,41.41,1
1036.0,213,41.60,1
1041.0,214,41.80,1
1046.0,215,41.99,1
1051.0,216,42.19,1
1056.0,217,42.38,1
1061.0,218,42.58,1
1066.0,219,42.77,1
1071.0,220,42.97,1
1072.0,221,43.16,1
1076.0,222,43.36,1
1077.0,223,43.55,1
1081.0,224,43.75,1
1082.0,225,43.95,1
1086.0,226,44.14,1
1087.0,227,44.34,1
1091.0,228,44.53,1
1092.0,229,44.73,1
1097.0,230,44.92,1
1102.0,231,45.12,1
1104.0,232,45.31,1
1107.0,233,45.51,1
1109.0,234,45.70,1
1114.0,235,45.90,1
1119.0,236,46.09,1
1124.0,237,46.29,1
1129.0,238,46.48,1
1134.0,239,46.68,1
1139.0,240,46.88,1
1144.0,241,47.07,1
1149.0,242,47.27,1
1154.0,243,47.46,1
1159.0,244,47.66,1
1164.0,245,47.85,1
1168.0,246,48.05,1
1169.0,247,48.24,1
1173.0,248,48.44,1
1174.0,249,48.63,1
1178.0,250,48.83,1
1179.0,251,49.02,1
1183.0,252,49.22,1
1188.0,253,49.41,1
1193.0,254,49.61,1
1198.0,255,49.80,1
1200.0,256,50.00,1
1203.0,257,50.20,1
1205.0,258,50.39,1
1210.0,259,50.59,1
1215.0,260,50.78,1
1220.0,261,50.98,1
1225.0,262,51.17,1
1230.0,263,51.37,1
1232.0,264,51.56,1
1235.0,265,51.76,1
1237.0,266,51.95,1
1242.0,267,52.15,1
1247.0,268,52.34,1
1252.0,269,52.54,1
1257.0,270,52.73,1
1262.0,271,52.93,1
1264.0,272,53.12,1
1267.0,273,53.32,1
1269.0,274,53.52,1
1274.0,275,53.71,1
1279.0,276,53.91,1
1284.0,277,54.10,1
1289.0,278,54.30,1
1294.0,279,54.49,1
1296.0,280,54.69,1
1299.0,281,54.88,1
1301.0,282,55.08,1
1306.0,283,55.27,1
1311.0,284,55.47,1
1316.0,285,55.66,1
1321.0,286,55.86,1
1326.0,287,56.05,1
1331.0,288,56.25,1
1336.0,289,56.45,1
1341.0,290,56.64,1
1346.0,291,56.84,1
1351.0,292,57.03,1
1356.0,293,57.23,1
1360.0,294,57.42,1
1361.0,295,57.62,1
1365.0,296,57.81,1
1366.0,297,58.01,1
1370.0,298,58.20,1
1371.0,299,58.40,1
1375.0,300,58.59,1
1380.0,301,58.79,1
1385.0,302,58.98,1
1390.0,303,59.18,1
1392.0,304,59.38,1
1395.0,305,59.57,1
1397.0,306,59.77,1
1402.0,307,59.96,1
1407.0,308,60.16,1
1412.0,309,60.35,1
1417.0,310,60.55,1
1422.0,311,60.74,1
1424.0,312,60.94,1
1427.0,313,61.13,1
1429.0,314,61.33,1
1434.0,315,61.52,1
1439.0,316,61.72,1
1444.0,317,61.91,1
1449.0,318,62.11,1
1454.0,319,62.30,1
1456.0,320,62.50,1
1459.0,321,62.70,1
1461.0,322,62.89,1
1466.0,323,63.09,1
1471.0,324,63.28,1
1476.0,325,63.48,1
1481.0,326,63.67,1
1486.0,327,63.87,1
1488.0,328,64.06,1
1491.0,329,64.26,1
1493.0,330,64.45,1
1498.0,331,64.65,1
1503.0,332,64.84,1
1508.0,333,65.04,1
1513.0,334,65.23,1
1518.0,335,65.43,1
1520.0,336,65.62,1
1523.0,337,65.82,1
1525.0,338,66.02,1
1530.0,339,66.21,1
1535.0,340,66.41,1
1540.0,341,66.60,1
1545.0,342,66.80,1
1550.0,343,66.99,1
1552.0,344,67.19,1
1555.0,345,67.38,1
1557.0,346,67.58,1
1562.0,347,67.77,1
1567.0,348,67.97,1
1572.0,349,68.16,1
1577.0,350,68.36,1
1582.0,351,68.55,1
1584.0,352,68.75,1
1587.0,353,68.95,1
1589.0,354,69.14,1
1594.0,355,69.34,1
1599.0,356,69.53,1
1604.0,357,69.73,1
1609.0,358,69.92,1
1614.0,359,70.12,1
1619.0,360,70.31,1
1624.0,361,70.51,1
1629.0,362,70.70,1
1634.0,363,70.90,1
1639.0,364,71.09,1
1644.0,365,71.29,1
1648.0,366,71.48,1
1649.0,367,71.68,1
1653.0,368,71.88,1
1654.0,369,72.07,1
1658.0,370,72.27,1
1659.0,371,72.46,1
1663.0,372,72.66,1
1668.0,373,72.85,1
1673.0,374,73.05,1
1678.0,375,73.24,1
1680.0,376,73.44,1
1683.0,377,73.63,1
1685.0,378,73.83,1
1690.0,379,74.02,1
1695.0,380,74.22,1
1700.0,381,74.41,1
1705.0,382,74.61,1
1710.0,383,74.80,1
1715.0,384,75.00,1
1720.0,385,75.20,1
1725.0,386,75.39,1
1730.0,387,75.59,1
1735.0,388,75.78,1
1740.0,389,75.98,1
1745.0,390,76.17,1
1750.0,391,76.37,1
1755.0,392,76.56,1
1760.0,393,76.76,1
1765.0,394,76.95,1
1770.0,395,77.15,1
1775.0,396,77.34,1
1776.0,397,77.54,1
1780.0,398,77.73,1
1781.0,399,77.93,1
1785.0,400,78.12,1
1786.0,401,78.32,1
1790.0,402,78.52,1
1791.0,403,78.71,1
1795.0,404,78.91,1
1796.0,405,79.10,1
1801.0,406,79.30,1
1806.0,407,79.49,1
1808.0,408,79.69,1
1811.0,409,79.88,1
1813.0,410,80.08,1
1818.0,411,80.27,1
1823.0,412,80.47,1
1828.0,413,80.66,1
1833.0,414,80.86,1
1838.0,415,81.05,1
1840.0,416,81.25,1
1843.0,417,81.45,1
1845.0,418,81.64,1
1850.0,419,81.84,1
1855.0,420,82.03,1
1860.0,421,82.23,1
1865.0,422,82.42,1
1870.0,423,82.62,1
1872.0,424,82.81,1
1875.0,425,83.01,1
1877.0,426,83.20,1
1882.0,427,83.40,1
1887.0,428,83.59,1
1892.0,429,83.79,1
1897.0,430,83.98,1
1902.0,431,84.18,1
1907.0,432,84.38,1
1912.0,433,84.57,1
1917.0,434,84.77,1
1922.0,435,84.96,1
1927.0,436,85.16,1
1932.0,437,85.35,1
1937.0,438,85.55,1
1942.0,439,85.74,1
1947.0,440,85.94,1
1952.0,441,86.13,1
1957.0,442,86.33,1
1962.0,443,86.52,1
1967.0,444,86.72,1
1968.0,445,86.91,1
1972.0,446,87.11,1
1973.0,447,87.30,1
1977.0,448,87.50,1
1978.0,449,87.70,1
1982.0,450,87.89,1
1983.0,451,88.09,1
1987.0,452,88.28,1
1988.0,453,88.48,1
1993.0,454,88.67,1
1998.0,455,88.87,1
2000.0,456,89.06,1
2003.0,457,89.26,1
2005.0,458,89.45,1
2010.0,459,89.65,1
2015.0,460,89.84,1
2020.0,461,90.04,1
2025.0,462,90.23,1
2030.0,463,90.43,1
2035.0,464,90.62,1
2040.0,465,90.82,1
2045.0,466,91.02,1
2050.0,467,91.21,1
2055.0,468,91.41,1
2060.0,469,91.60,1
2064.0,470,91.80,1
2065.0,471,91.99,1
2069.0,472,92.19,1
2070.0,473,92.38,1
2074.0,474,92.58,1
2075.0,475,92.77,1
2079.0,476,92.97,1
2084.0,477,93.16,1
2089.0,478,93.36,1
2094.0,479,93.55,1
2099.0,480,93.75,1
2104.0,481,93.95,1
2109.0,482,94.14,1
2114.0,483,94.34,1
2119.0,484,94.53,1
2124.0,485,94.73,1
2128.0,486,94.92,1
2129.0,487,95.12,1
2133.0,488,95.31,1
2134.0,489,95.51,1
2138.0,490,95.70,1
2139.0,491,95.90,1
2143.0,492,96.09,1
2148.0,493,96.29,1
2153.0,494,96.48,1
2158.0,495,96.68,1
2160.0,496,96.88,1
2163.0,497,97.07,1
2165.0,498,97.27,1
2170.0,499,97.46,1
2175.0,500,97.66,1
2180.0,501,97.85,1
2185.0,502,98.05,1
2190.0,503,98.24,1
2192.0,504,98.44,1
2195.0,505,98.63,1
2197.0,506,98.83,1
2202.0,507,99.02,1
2207.0,508,99.22,1
2212.0,509,99.41,1
2217.0,510,99.61,1
2222.0,511,99.80,1
2227.0,512,100.00,1
5333.0,511,99.80,0
5333.0,510,99.61,0
5333.0,509,99.41,0
5333.0,508,99.22,0
5333.0,507,99.02,0
5333.0,506,98.83,0
5333.0,505,98.63,0
5333.0,504,98.44,0
5346.0,505,98.63,1
5351.0,506,98.83,1
5356.0,507,99.02,1
5361.0,508,99.22,1
5366.0,509,99.41,1
5371.0,510,99.61,1
5376.0,511,99.80,1
5381.0,512,100.00,1
5398.0,511,99.80,0
5398.0,510,99.61,0
5398.0,509,99.41,0
5398.0,508,99.22,0
5398.0,507,99.02,0
5398.0,506,98.83,0
5398.0,505,98.63,0
5398.0,504,98.44,0
5411.0,505,98.63,1
5416.0,506,98.83,1
5421.0,507,99.02,1
5426.0,508,99.22,1
5431.0,509,99.41,1
5436.0,510,99.61,1
5441.0,511,99.80,1
5446.0,512,100.00,1
5777.0,511,99.80,0
5777.0,510,99.61,0
5777.0,509,99.41,0
5777.0,508,99.22,0
5777.0,507,99.02,0
5777.0,506,98.83,0
5777.0,505,98.63,0
5777.0,504,98.44,0
5790.0,505,98.63,1
5795.0,506,98.83,1
5800.0,507,99.02,1
5805.0,508,99.22,1
5810.0,509,99.41,1
5815.0,510,99.61,1
5820.0,511,99.80,1
5825.0,512,100.00,1
5841.0,511,99.80,0
5841.0,510,99.61,0
5841.0,509,99.41,0
5841.0,508,99.22,0
5841.0,507,99.02,0
5841.0,506,98.83,0
5841.0,505,98.63,0
5841.0,504,98.44,0
5844.0,503,98.24,0
5844.0,502,98.05,0
5844.0,501,97.85,0
5844.0,500,97.66,0
5844.0,499,97.46,0
5844.0,498,97.27,0
5844.0,497,97.07,0
5844.0,496,96.88,0
5854.0,497,97.07,1
5859.0,498,97.27,1
5864.0,499,97.46,1
5869.0,500,97.66,1
5874.0,501,97.85,1
5879.0,502,98.05,1
5884.0,503,98.24,1
5889.0,502,98.05,0
5889.0,501,97.85,0
5889.0,500,97.66,0
5889.0,499,97.46,0
5889.0,498,97.27,0
5889.0,497,97.07,0
5889.0,496,96.88,0
5889.0,495,96.68,0
5890.5,496,96.88,1
5894.0,497,97.07,1
5895.5,498,97.27,1
5897.5,497,97.07,0
5897.5,496,96.88,0
5897.5,495,96.68,0
5897.5,494,96.48,0
5897.5,493,96.29,0
5897.5,492,96.09,0
5897.5,491,95.90,0
5897.5,490,95.70,0
5900.5,491,95.90,1
5910.5,492,96.09,1
5915.5,493,96.29,1
5918.0,494,96.48,1
5920.5,495,96.68,1
5923.0,496,96.88,1
5925.5,497,97.07,1
5928.0,498,97.27,1
5930.5,499,97.46,1
5933.0,500,97.66,1
5938.0,501,97.85,1
5943.0,502,98.05,1
5944.0,501,97.85,0
5944.0,500,97.66,0
5944.0,499,97.46,0
5944.0,498,97.27,0
5944.0,497,97.07,0
5944.0,496,96.88,0
5944.0,495,96.68,0
5944.0,494,96.48,0
5948.0,495,96.68,1
5950.0,494,96.48,0
5950.0,493,96.29,0
5950.0,492,96.09,0
5950.0,491,95.90,0
5950.0,490,95.70,0
5950.0,489,95.51,0
5950.0,488,95.31,0
5950.0,487,95.12,0
5957.0,488,95.31,1
5958.0,489,95.51,1
5962.0,490,95.70,1
5965.0,489,95.51,0
5965.0,488,95.31,0
5965.0,487,95.12,0
5965.0,486,94.92,0
5965.0,485,94.73,0
5965.0,484,94.53,0
5965.0,483,94.34,0
5965.0,482,94.14,0
5967.0,483,94.34,1
5977.0,484,94.53,1
5980.5,483,94.34,0
5980.5,482,94.14,0
5980.5,481,93.95,0
5980.5,480,93.75,0
5980.5,479,93.55,0
5980.5,478,93.36,0
5980.5,477,93.16,0
5980.5,476,92.97,0
5982.0,477,93.16,1
5987.0,478,93.36,1
5989.5,477,93.16,0
5989.5,476,92.97,0
5989.5,475,92.77,0
5989.5,474,92.58,0
5989.5,473,92.38,0
5989.5,472,92.19,0
5989.5,471,91.99,0
5989.5,470,91.80,0
5997.0,471,91.99,1
6001.0,470,91.80,0
6001.0,469,91.60,0
6001.0,468,91.41,0
6001.0,467,91.21,0
6001.0,466,91.02,0
6001.0,465,90.82,0
6001.0,464,90.62,0
6001.0,463,90.43,0
6002.0,464,90.62,1
6007.0,465,90.82,1
6014.0,464,90.62,0
6014.0,463,90.43,0
6014.0,462,90.23,0
6014.0,461,90.04,0
6014.0,460,89.84,0
6014.0,459,89.65,0
6014.0,458,89.45,0
6014.0,457,89.26,0
6017.0,458,89.45,1
6022.0,459,89.65,1
6027.0,458,89.45,0
6027.0,457,89.26,0
6027.0,456,89.06,0
6027.0,455,88.87,0
6027.0,454,88.67,0
6027.0,453,88.48,0
6027.0,452,88.28,0
6027.0,451,88.09,0
6032.0,452,88.28,1
6037.0,453,88.48,1
6042.0,454,88.67,1
6050.0,455,88.87,1
6052.0,456,89.06,1
6057.0,457,89.26,1
6058.0,456,89.06,0
6058.0,455,88.87,0
6058.0,454,88.67,0
6058.0,453,88.48,0
6058.0,452,88.28,0
6058.0,451,88.09,0
6058.0,450,87.89,0
6058.0,449,87.70,0
6060.0,450,87.89,1
6062.0,449,87.70,0
6062.0,448,87.50,0
6062.0,447,87.30,0
6062.0,446,87.11,0
6062.0,445,86.91,0
6062.0,444,86.72,0
6062.0,443,86.52,0
6062.0,442,86.33,0
6067.0,443,86.52,1
6072.0,444,86.72,1
6077.0,445,86.91,1
6082.0,446,87.11,1
6085.0,447,87.30,1
6087.0,446,87.11,0
6087.0,445,86.91,0
6087.0,444,86.72,0
6087.0,443,86.52,0
6087.0,442,86.33,0
6087.0,441,86.13,0
6087.0,440,85.94,0
6087.0,439,85.74,0
6090.0,440,85.94,1
6092.0,441,86.13,1
6095.0,442,86.33,1
6100.0,441,86.13,0
6100.0,440,85.94,0
6100.0,439,85.74,0
6100.0,438,85.55,0
6100.0,437,85.35,0
6100.0,436,85.16,0
6100.0,435,84.96,0
6100.0,434,84.77,0
6102.0,435,84.96,1
6105.0,436,85.16,1
6110.0,437,85.35,1
6112.0,438,85.55,1
6115.0,439,85.74,1
6117.0,440,85.94,1
6118.0,439,85.74,0
6118.0,438,85.55,0
6118.0,437,85.35,0
6118.0,436,85.16,0
6118.0,435,84.96,0
6118.0,434,84.77,0
6118.0,433,84.57,0
6118.0,432,84.38,0
6127.0,433,84.57,1
6128.0,434,84.77,1
6132.0,435,84.96,1
6133.0,436,85.16,1
6137.0,437,85.35,1
6138.0,438,85.55,1
6142.0,439,85.74,1
6143.0,440,85.94,1
6146.0,441,86.13,1
6147.0,442,86.33,1
6151.0,443,86.52,1
6152.0,444,86.72,1
6153.0,443,86.52,0
6153.0,442,86.33,0
6153.0,441,86.13,0
6153.0,440,85.94,0
6153.0,439,85.74,0
6153.0,438,85.55,0
6153.0,437,85.35,0
6153.0,436,85.16,0
6156.0,437,85.35,1
6157.0,438,85.55,1
6158.0,439,85.74,1
6161.0,440,85.94,1
6162.0,441,86.13,1
6163.0,442,86.33,1
6166.0,443,86.52,1
6167.0,442,86.33,0
6167.0,441,86.13,0
6167.0,440,85.94,0
6167.0,439,85.74,0
6167.0,438,85.55,0
6167.0,437,85.35,0
6167.0,436,85.16,0
6167.0,435,84.96,0
6168.0,436,85.16,1
6171.0,437,85.35,1
6173.0,438,85.55,1
6176.0,439,85.74,1
6183.0,438,85.55,0
6183.0,437,85.35,0
6183.0,436,85.16,0
6183.0,435,84.96,0
6183.0,434,84.77,0
6183.0,433,84.57,0
6183.0,432,84.38,0
6183.0,431,84.18,0
6186.0,432,84.38,1
6188.0,431,84.18,0
6188.0,430,83.98,0
6188.0,429,83.79,0
6188.0,428,83.59,0
6188.0,427,83.40,0
6188.0,426,83.20,0
6188.0,425,83.01,0
6188.0,424,82.81,0
6199.0,423,82.62,0
6199.0,422,82.42,0
6199.0,421,82.23,0
6199.0,420,82.03,0
6199.0,419,81.84,0
6199.0,418,81.64,0
6199.0,417,81.45,0
6199.0,416,81.25,0
6210.0,417,81.45,1
6215.0,418,81.64,1
6220.0,419,81.84,1
6225.0,420,82.03,1
6230.0,421,82.23,1
6233.0,420,82.03,0
6233.0,419,81.84,0
6233.0,418,81.64,0
6233.0,417,81.45,0
6233.0,416,81.25,0
6233.0,415,81.05,0
6233.0,414,80.86,0
6233.0,413,80.66,0
6235.0,414,80.86,1
6240.0,415,81.05,1
6250.0,416,81.25,1
6255.0,415,81.05,0
6255.0,414,80.86,0
6255.0,413,80.66,0
6255.0,412,80.47,0
6255.0,411,80.27,0
6255.0,410,80.08,0
6255.0,409,79.88,0
6255.0,408,79.69,0
6270.0,409,79.88,1
6275.0,410,80.08,1
6280.0,411,80.27,1
6285.0,412,80.47,1
6288.0,411,80.27,0
6288.0,410,80.08,0
6288.0,409,79.88,0
6288.0,408,79.69,0
6288.0,407,79.49,0
6288.0,406,79.30,0
6288.0,405,79.10,0
6288.0,404,78.91,0
6290.0,405,79.10,1
6300.0,406,79.30,1
6302.0,407,79.49,1
6305.0,408,79.69,1
6307.0,409,79.88,1
6310.0,410,80.08,1
6312.0,411,80.27,1
6317.0,412,80.47,1
6322.0,413,80.66,1
6323.5,412,80.47,0
6323.5,411,80.27,0
6323.5,410,80.08,0
6323.5,409,79.88,0
6323.5,408,79.69,0
6323.5,407,79.49,0
6323.5,406,79.30,0
6323.5,405,79.10,0
6327.0,406,79.30,1
6334.0,407,79.49,1
6337.0,408,79.69,1
6339.0,409,79.88,1
6342.0,410,80.08,1
6344.0,411,80.27,1
6349.0,412,80.47,1
6354.0,413,80.66,1
6359.0,414,80.86,1
6364.0,415,81.05,1
6366.0,416,81.25,1
6369.0,417,81.45,1
6371.0,418,81.64,1
6376.0,419,81.84,1
6381.0,420,82.03,1
6386.0,421,82.23,1
6391.0,422,82.42,1
6396.0,423,82.62,1
6398.0,424,82.81,1
6401.0,425,83.01,1
6403.0,426,83.20,1
6408.0,427,83.40,1
6413.0,428,83.59,1
6418.0,429,83.79,1
6423.0,430,83.98,1
6428.0,431,84.18,1
6433.0,432,84.38,1
6438.0,433,84.57,1
6443.0,434,84.77,1
6448.0,435,84.96,1
6453.0,436,85.16,1
6458.0,437,85.35,1
6462.0,438,85.55,1
6463.0,439,85.74,1
6467.0,440,85.94,1
6468.0,441,86.13,1
6472.0,442,86.33,1
6473.0,443,86.52,1
6477.0,444,86.72,1
6482.0,445,86.91,1
6487.0,446,87.11,1
6492.0,447,87.30,1
6494.0,448,87.50,1
6497.0,449,87.70,1
6499.0,450,87.89,1
6504.0,451,88.09,1
6509.0,452,88.28,1
6514.0,453,88.48,1
6519.0,454,88.67,1
6524.0,455,88.87,1
6526.0,456,89.06,1
6529.0,457,89.26,1
6531.0,458,89.45,1
6536.0,459,89.65,1
6541.0,460,89.84,1
6546.0,461,90.04,1
6551.0,462,90.23,1
6556.0,463,90.43,1
6558.0,464,90.62,1
6561.0,465,90.82,1
6563.0,466,91.02,1
6568.0,467,91.21,1
6573.0,468,91.41,1
6578.0,469,91.60,1
6583.0,470,91.80,1
6588.0,471,91.99,1
6590.0,472,92.19,1
6593.0,473,92.38,1
6595.0,474,92.58,1
6600.0,475,92.77,1
6605.0,476,92.97,1
6610.0,477,93.16,1
6615.0,478,93.36,1
6620.0,479,93.55,1
6622.0,480,93.75,1
6625.0,481,93.95,1
6627.0,482,94.14,1
6632.0,483,94.34,1
6637.0,482,94.14,0
6637.0,481,93.95,0
6637.0,480,93.75,0
6637.0,479,93.55,0
6637.0,478,93.36,0
6637.0,477,93.16,0
6637.0,476,92.97,0
6637.0,475,92.77,0
6642.0,476,92.97,1
6647.0,477,93.16,1
6652.0,478,93.36,1
6654.0,479,93.55,1
6657.0,480,93.75,1
6659.0,481,93.95,1
6662.0,482,94.14,1
6664.0,483,94.34,1
6669.0,484,94.53,1
6674.0,485,94.73,1
6679.0,486,94.92,1
6684.0,487,95.12,1
6686.0,488,95.31,1
6689.0,489,95.51,1
6692.0,490,95.70,1
6693.0,489,95.51,0
6693.0,488,95.31,0
6693.0,487,95.12,0
6693.0,486,94.92,0
6693.0,485,94.73,0
6693.0,484,94.53,0
6693.0,483,94.34,0
6693.0,482,94.14,0
6702.0,483,94.34,1
6707.0,484,94.53,1
6712.0,485,94.73,1
6717.0,486,94.92,1
6718.0,487,95.12,1
6722.0,488,95.31,1
6723.0,489,95.51,1
6727.0,490,95.70,1
6728.0,491,95.90,1
6731.5,490,95.70,0
6731.5,489,95.51,0
6731.5,488,95.31,0
6731.5,487,95.12,0
6731.5,486,94.92,0
6731.5,485,94.73,0
6731.5,484,94.53,0
6731.5,483,94.34,0
6733.0,484,94.53,1
6741.5,483,94.34,0
6741.5,482,94.14,0
6741.5,481,93.95,0
6741.5,480,93.75,0
6741.5,479,93.55,0
6741.5,478,93.36,0
6741.5,477,93.16,0
6741.5,476,92.97,0
6743.0,477,93.16,1
6753.0,478,93.36,1
6754.5,479,93.55,1
6758.0,480,93.75,1
6759.5,481,93.95,1
6763.0,482,94.14,1
6764.5,483,94.34,1
6769.5,484,94.53,1
6774.5,485,94.73,1
6779.5,486,94.92,1
6782.0,487,95.12,1
6784.5,488,95.31,1
6787.0,489,95.51,1
6788.0,488,95.31,0
6788.0,487,95.12,0
6788.0,486,94.92,0
6788.0,485,94.73,0
6788.0,484,94.53,0
6788.0,483,94.34,0
6788.0,482,94.14,0
6788.0,481,93.95,0
6789.5,482,94.14,1
6797.0,483,94.34,1
6804.5,482,94.14,0
6804.5,481,93.95,0
6804.5,480,93.75,0
6804.5,479,93.55,0
6804.5,478,93.36,0
6804.5,477,93.16,0
6804.5,476,92.97,0
6804.5,475,92.77,0
6807.0,476,92.97,1
6809.5,475,92.77,0
6809.5,474,92.58,0
6809.5,473,92.38,0
6809.5,472,92.19,0
6809.5,471,91.99,0
6809.5,470,91.80,0
6809.5,469,91.60,0
6809.5,468,91.41,0
6812.0,469,91.60,1
6818.5,470,91.80,1
6822.0,471,91.99,1
6823.5,472,92.19,1
6827.0,473,92.38,1
6828.5,474,92.58,1
6832.0,475,92.77,1
6838.5,476,92.97,1
6842.0,475,92.77,0
6842.0,474,92.58,0
6842.0,473,92.38,0
6842.0,472,92.19,0
6842.0,471,91.99,0
6842.0,470,91.80,0
6842.0,469,91.60,0
6842.0,468,91.41,0
6843.5,467,91.21,0
6843.5,466,91.02,0
6843.5,465,90.82,0
6843.5,464,90.62,0
6843.5,463,90.43,0
6843.5,462,90.23,0
6843.5,461,90.04,0
6843.5,460,89.84,0
6848.5,461,90.04,1
6853.5,462,90.23,1
6856.0,461,90.04,0
6856.0,460,89.84,0
6856.0,459,89.65,0
6856.0,458,89.45,0
6856.0,457,89.26,0
6856.0,456,89.06,0
6856.0,455,88.87,0
6856.0,454,88.67,0
6857.0,455,88.87,1
6858.5,454,88.67,0
6858.5,453,88.48,0
6858.5,452,88.28,0
6858.5,451,88.09,0
6858.5,450,87.89,0
6858.5,449,87.70,0
6858.5,448,87.50,0
6858.5,447,87.30,0
6862.0,448,87.50,1
6863.5,449,87.70,1
6868.5,450,87.89,1
6872.0,451,88.09,1
6877.0,452,88.28,1
6882.0,453,88.48,1
6883.5,454,88.67,1
6887.0,455,88.87,1
6888.5,454,88.67,0
6888.5,453,88.48,0
6888.5,452,88.28,0
6888.5,451,88.09,0
6888.5,450,87.89,0
6888.5,449,87.70,0
6888.5,448,87.50,0
6888.5,447,87.30,0
6892.0,448,87.50,1
6893.0,447,87.30,0
6893.0,446,87.11,0
6893.0,445,86.91,0
6893.0,444,86.72,0
6893.0,443,86.52,0
6893.0,442,86.33,0
6893.0,441,86.13,0
6893.0,440,85.94,0
6893.5,441,86.13,1
6897.0,442,86.33,1
6903.5,443,86.52,1
6908.5,444,86.72,1
6910.0,445,86.91,1
6915.0,446,87.11,1
6917.0,445,86.91,0
6917.0,444,86.72,0
6917.0,443,86.52,0
6917.0,442,86.33,0
6917.0,441,86.13,0
6917.0,440,85.94,0
6917.0,439,85.74,0
6917.0,438,85.55,0
6918.5,439,85.74,1
6920.0,440,85.94,1
6923.5,441,86.13,1
6925.0,442,86.33,1
6930.0,443,86.52,1
6933.5,444,86.72,1
6935.0,445,86.91,1
6938.5,446,87.11,1
6940.0,445,86.91,0
6940.0,444,86.72,0
6940.0,443,86.52,0
6940.0,442,86.33,0
6940.0,441,86.13,0
6940.0,440,85.94,0
6940.0,439,85.74,0
6940.0,438,85.55,0
6945.0,439,85.74,1
6950.0,440,85.94,1
6950.0,439,85.74,0
6950.0,438,85.55,0
6950.0,437,85.35,0
6950.0,436,85.16,0
6950.0,435,84.96,0
6950.0,434,84.77,0
6950.0,433,84.57,0
6950.0,432,84.38,0
6955.0,433,84.57,1
6960.0,434,84.77,1
6965.0,435,84.96,1
6975.0,436,85.16,1
6980.0,437,85.35,1
6985.0,438,85.55,1
6990.0,439,85.74,1
6995.0,440,85.94,1
7000.0,441,86.13,1
7005.0,440,85.94,0
7005.0,439,85.74,0
7005.0,438,85.55,0
7005.0,437,85.35,0
7005.0,436,85.16,0
7005.0,435,84.96,0
7005.0,434,84.77,0
7005.0,433,84.57,0
7009.0,432,84.38,0
7009.0,431,84.18,0
7009.0,430,83.98,0
7009.0,429,83.79,0
7009.0,428,83.59,0
7009.0,427,83.40,0
7009.0,426,83.20,0
7009.0,425,83.01,0
7010.0,426,83.20,1
7015.0,427,83.40,1
7020.0,428,83.59,1
7021.0,427,83.40,0
7021.0,426,83.20,0
7021.0,425,83.01,0
7021.0,424,82.81,0
7021.0,423,82.62,0
7021.0,422,82.42,0
7021.0,421,82.23,0
7021.0,420,82.03,0
7025.0,421,82.23,1
7030.0,422,82.42,1
7035.0,423,82.62,1
7040.0,424,82.81,1
7045.0,425,83.01,1
7046.0,426,83.20,1
7050.0,427,83.40,1
7051.0,428,83.59,1
7055.0,429,83.79,1
7060.0,430,83.98,1
7065.0,431,84.18,1
7066.0,432,84.38,1
7070.0,433,84.57,1
7071.0,434,84.77,1
7075.0,435,84.96,1
7075.0,436,85.16,1
7076.0,437,85.35,1
7080.0,438,85.55,1
7080.0,439,85.74,1
7081.0,440,85.94,1
7085.0,439,85.74,0
7085.0,438,85.55,0
7085.0,437,85.35,0
7085.0,436,85.16,0
7085.0,435,84.96,0
7085.0,434,84.77,0
7085.0,433,84.57,0
7085.0,432,84.38,0
7085.0,433,84.57,1
7086.0,434,84.77,1
7090.0,433,84.57,0
7090.0,432,84.38,0
7090.0,431,84.18,0
7090.0,430,83.98,0
7090.0,429,83.79,0
7090.0,428,83.59,0
7090.0,427,83.40,0
7090.0,426,83.20,0
7090.0,425,83.01,0
7090.0,424,82.81,0
7090.0,423,82.62,0
7090.0,422,82.42,0
7090.0,421,82.23,0
7090.0,420,82.03,0
7090.0,419,81.84,0
7090.0,418,81.64,0
7091.0,419,81.84,1
7095.0,420,82.03,1
7100.0,421,82.23,1
7101.0,420,82.03,0
7101.0,419,81.84,0
7101.0,418,81.64,0
7101.0,417,81.45,0
7101.0,416,81.25,0
7101.0,415,81.05,0
7101.0,414,80.86,0
7101.0,413,80.66,0
7105.0,414,80.86,1
7110.0,415,81.05,1
7111.0,416,81.25,1
7115.0,417,81.45,1
7116.0,418,81.64,1
7121.0,419,81.84,1
7126.0,420,82.03,1
7131.0,421,82.23,1
7133.5,420,82.03,0
7133.5,419,81.84,0
7133.5,418,81.64,0
7133.5,417,81.45,0
7133.5,416,81.25,0
7133.5,415,81.05,0
7133.5,414,80.86,0
7133.5,413,80.66,0
7136.0,414,80.86,1
7139.5,415,81.05,1
7141.0,416,81.25,1
7144.5,417,81.45,1
7146.0,418,81.64,1
7149.5,419,81.84,1
7154.5,420,82.03,1
7159.5,421,82.23,1
7164.5,422,82.42,1
7166.0,423,82.62,1
7169.5,424,82.81,1
7172.0,423,82.62,0
7172.0,422,82.42,0
7172.0,421,82.23,0
7172.0,420,82.03,0
7172.0,419,81.84,0
7172.0,418,81.64,0
7172.0,417,81.45,0
7172.0,416,81.25,0
7172.0,417,81.45,1
7174.5,418,81.64,1
7182.0,419,81.84,1
7187.0,420,82.03,1
7192.0,421,82.23,1
7197.0,422,82.42,1
7198.0,423,82.62,1
7202.0,424,82.81,1
7203.0,425,83.01,1
7207.0,426,83.20,1
7208.0,427,83.40,1
7213.0,428,83.59,1
7218.0,429,83.79,1
7223.0,430,83.98,1
7228.0,431,84.18,1
7230.0,432,84.38,1
7233.0,433,84.57,1
7235.0,434,84.77,1
7240.0,435,84.96,1
7245.0,436,85.16,1
7250.0,437,85.35,1
7255.0,438,85.55,1
7260.0,439,85.74,1
7265.0,440,85.94,1
7270.0,441,86.13,1
7275.0,442,86.33,1
7280.0,443,86.52,1
7285.0,444,86.72,1
7290.0,445,86.91,1
7294.0,446,87.11,1
7295.0,447,87.30,1
7299.0,448,87.50,1
7300.0,449,87.70,1
7304.0,450,87.89,1
7305.0,451,88.09,1
7309.0,452,88.28,1
7314.0,453,88.48,1
7319.0,454,88.67,1
7324.0,455,88.87,1
7326.0,456,89.06,1
7329.0,457,89.26,1
7331.0,458,89.45,1
7336.0,459,89.65,1
7341.0,460,89.84,1
7346.0,461,90.04,1
7351.0,462,90.23,1
7356.0,463,90.43,1
7358.0,464,90.62,1
7361.0,465,90.82,1
7363.0,466,91.02,1
7368.0,467,91.21,1
7373.0,468,91.41,1
7378.0,469,91.60,1
7383.0,470,91.80,1
7388.0,471,91.99,1
7390.0,472,92.19,1
7393.0,473,92.38,1
7395.0,474,92.58,1
7400.0,475,92.77,1
7405.0,476,92.97,1
7410.0,477,93.16,1
7415.0,478,93.36,1
7420.0,479,93.55,1
7422.0,480,93.75,1
7425.0,481,93.95,1
7427.0,482,94.14,1
7432.0,483,94.34,1
7437.0,484,94.53,1
7442.0,485,94.73,1
7447.0,486,94.92,1
7452.0,487,95.12,1
7457.0,488,95.31,1
7462.0,489,95.51,1
7467.0,490,95.70,1
7472.0,491,95.90,1
7475.0,490,95.70,0
7475.0,489,95.51,0
7475.0,488,95.31,0
7475.0,487,95.12,0
7475.0,486,94.92,0
7475.0,485,94.73,0
7475.0,484,94.53,0
7475.0,483,94.34,0
7477.0,484,94.53,1
7482.0,485,94.73,1
7486.0,486,94.92,1
7487.0,487,95.12,1
7491.0,488,95.31,1
7496.0,489,95.51,1
7497.0,490,95.70,1
7501.0,491,95.90,1
7502.0,492,96.09,1
7506.0,493,96.29,1
7511.0,494,96.48,1
7516.0,495,96.68,1
7518.0,496,96.88,1
7521.0,497,97.07,1
7523.0,498,97.27,1
7528.0,499,97.46,1
7533.0,500,97.66,1
7538.0,501,97.85,1
7543.0,500,97.66,0
7543.0,499,97.46,0
7543.0,498,97.27,0
7543.0,497,97.07,0
7543.0,496,96.88,0
7543.0,495,96.68,0
7543.0,494,96.48,0
7543.0,493,96.29,0
7548.0,494,96.48,1
7550.0,495,96.68,1
7553.0,496,96.88,1
7555.0,497,97.07,1
7558.0,498,97.27,1
7560.0,499,97.46,1
7565.0,500,97.66,1
7570.0,501,97.85,1
7575.0,502,98.05,1
7575.0,501,97.85,0
7575.0,500,97.66,0
7575.0,499,97.46,0
7575.0,498,97.27,0
7575.0,497,97.07,0
7575.0,496,96.88,0
7575.0,495,96.68,0
7575.0,494,96.48,0
7580.0,495,96.68,1
7585.0,494,96.48,0
7585.0,493,96.29,0
7585.0,492,96.09,0
7585.0,491,95.90,0
7585.0,490,95.70,0
7585.0,489,95.51,0
7585.0,488,95.31,0
7585.0,487,95.12,0
7590.0,488,95.31,1
7600.0,489,95.51,1
7605.0,490,95.70,1
7610.0,491,95.90,1
7614.0,492,96.09,1
7615.0,493,96.29,1
7619.0,494,96.48,1
7620.0,495,96.68,1
7624.0,496,96.88,1
7625.0,497,97.07,1
7629.0,498,97.27,1
7630.0,499,97.46,1
7634.0,500,97.66,1
7635.0,501,97.85,1
7638.0,500,97.66,0
7638.0,499,97.46,0
7638.0,498,97.27,0
7638.0,497,97.07,0
7638.0,496,96.88,0
7638.0,495,96.68,0
7638.0,494,96.48,0
7638.0,493,96.29,0
7644.0,494,96.48,1
7645.0,493,96.29,0
7645.0,492,96.09,0
7645.0,491,95.90,0
7645.0,490,95.70,0
7645.0,489,95.51,0
7645.0,488,95.31,0
7645.0,487,95.12,0
7645.0,486,94.92,0
7648.0,487,95.12,1
7653.0,488,95.31,1
7654.0,489,95.51,1
7656.0,488,95.31,0
7656.0,487,95.12,0
7656.0,486,94.92,0
7656.0,485,94.73,0
7656.0,484,94.53,0
7656.0,483,94.34,0
7656.0,482,94.14,0
7656.0,481,93.95,0
7659.0,482,94.14,1
7663.0,483,94.34,1
7668.0,484,94.53,1
7670.0,483,94.34,0
7670.0,482,94.14,0
7670.0,481,93.95,0
7670.0,480,93.75,0
7670.0,479,93.55,0
7670.0,478,93.36,0
7670.0,477,93.16,0
7670.0,476,92.97,0
7673.0,477,93.16,1
7675.0,476,92.97,0
7675.0,475,92.77,0
7675.0,474,92.58,0
7675.0,473,92.38,0
7675.0,472,92.19,0
7675.0,471,91.99,0
7675.0,470,91.80,0
7675.0,469,91.60,0
7678.0,470,91.80,1
7687.0,469,91.60,0
7687.0,468,91.41,0
7687.0,467,91.21,0
7687.0,466,91.02,0
7687.0,465,90.82,0
7687.0,464,90.62,0
7687.0,463,90.43,0
7687.0,462,90.23,0
7688.0,463,90.43,1
7693.0,464,90.62,1
7703.0,465,90.82,1
7708.0,466,91.02,1
7712.0,467,91.21,1
7717.0,468,91.41,1
7718.0,469,91.60,1
7722.0,470,91.80,1
7723.0,471,91.99,1
7725.5,470,91.80,0
7725.5,469,91.60,0
7725.5,468,91.41,0
7725.5,467,91.21,0
7725.5,466,91.02,0
7725.5,465,90.82,0
7725.5,464,90.62,0
7725.5,463,90.43,0
7727.0,464,90.62,1
7728.0,463,90.43,0
7728.0,462,90.23,0
7728.0,461,90.04,0
7728.0,460,89.84,0
7728.0,459,89.65,0
7728.0,458,89.45,0
7728.0,457,89.26,0
7728.0,456,89.06,0
7733.0,457,89.26,1
7737.0,458,89.45,1
7738.0,459,89.65,1
7742.0,460,89.84,1
7743.0,461,90.04,1
7752.0,460,89.84,0
7752.0,459,89.65,0
7752.0,458,89.45,0
7752.0,457,89.26,0
7752.0,456,89.06,0
7752.0,455,88.87,0
7752.0,454,88.67,0
7752.0,453,88.48,0
7753.0,454,88.67,1
7757.0,455,88.87,1
7762.0,456,89.06,1
7763.0,455,88.87,0
7763.0,454,88.67,0
7763.0,453,88.48,0
7763.0,452,88.28,0
7763.0,451,88.09,0
7763.0,450,87.89,0
7763.0,449,87.70,0
7763.0,448,87.50,0
7767.0,449,87.70,1
7772.0,450,87.89,1
7775.0,449,87.70,0
7775.0,448,87.50,0
7775.0,447,87.30,0
7775.0,446,87.11,0
7775.0,445,86.91,0
7775.0,444,86.72,0
7775.0,443,86.52,0
7775.0,442,86.33,0
7777.0,443,86.52,1
7778.0,444,86.72,1
7782.0,445,86.91,1
7787.0,446,87.11,1
7788.0,447,87.30,1
7789.5,446,87.11,0
7789.5,445,86.91,0
7789.5,444,86.72,0
7789.5,443,86.52,0
7789.5,442,86.33,0
7789.5,441,86.13,0
7789.5,440,85.94,0
7789.5,439,85.74,0
7792.0,440,85.94,1
7793.0,441,86.13,1
7797.0,442,86.33,1
7798.0,443,86.52,1
7802.0,444,86.72,1
7806.0,445,86.91,1
7808.0,446,87.11,1
7811.0,447,87.30,1
7813.0,448,87.50,1
7816.0,449,87.70,1
7818.0,450,87.89,1
7822.0,449,87.70,0
7822.0,448,87.50,0
7822.0,447,87.30,0
7822.0,446,87.11,0
7822.0,445,86.91,0
7822.0,444,86.72,0
7822.0,443,86.52,0
7822.0,442,86.33,0
7823.0,443,86.52,1
7826.0,444,86.72,1
7831.0,445,86.91,1
7836.0,446,87.11,1
7838.0,447,87.30,1
7841.0,448,87.50,1
7843.0,449,87.70,1
7846.0,450,87.89,1
7848.0,451,88.09,1
7848.0,450,87.89,0
7848.0,449,87.70,0
7848.0,448,87.50,0
7848.0,447,87.30,0
7848.0,446,87.11,0
7848.0,445,86.91,0
7848.0,444,86.72,0
7848.0,443,86.52,0
7858.0,444,86.72,1
7861.0,443,86.52,0
7861.0,442,86.33,0
7861.0,441,86.13,0
7861.0,440,85.94,0
7861.0,439,85.74,0
7861.0,438,85.55,0
7861.0,437,85.35,0
7861.0,436,85.16,0
7863.0,437,85.35,1
7870.0,438,85.55,1
7873.0,439,85.74,1
7875.0,440,85.94,1
7878.0,441,86.13,1
7880.0,442,86.33,1
7881.5,441,86.13,0
7881.5,440,85.94,0
7881.5,439,85.74,0
7881.5,438,85.55,0
7881.5,437,85.35,0
7881.5,436,85.16,0
7881.5,435,84.96,0
7881.5,434,84.77,0
7885.0,435,84.96,1
7888.0,436,85.16,1
7895.0,437,85.35,1
7900.0,438,85.55,1
7902.0,439,85.74,1
7905.0,440,85.94,1
7907.0,441,86.13,1
7910.0,442,86.33,1
7912.0,443,86.52,1
7917.0,444,86.72,1
7917.5,443,86.52,0
7917.5,442,86.33,0
7917.5,441,86.13,0
7917.5,440,85.94,0
7917.5,439,85.74,0
7917.5,438,85.55,0
7917.5,437,85.35,0
7917.5,436,85.16,0
7924.5,435,84.96,0
7924.5,434,84.77,0
7924.5,433,84.57,0
7924.5,432,84.38,0
7924.5,431,84.18,0
7924.5,430,83.98,0
7924.5,429,83.79,0
7924.5,428,83.59,0
7927.0,429,83.79,1
7932.0,430,83.98,1
7935.0,431,84.18,1
7940.0,432,84.38,1
7942.0,433,84.57,1
7945.0,434,84.77,1
7947.0,435,84.96,1
7950.0,436,85.16,1
7955.0,437,85.35,1
7960.0,438,85.55,1
7965.0,439,85.74,1
7966.0,440,85.94,1
7970.0,441,86.13,1
7971.0,442,86.33,1
7975.0,441,86.13,0
7975.0,440,85.94,0
7975.0,439,85.74,0
7975.0,438,85.55,0
7975.0,437,85.35,0
7975.0,436,85.16,0
7975.0,435,84.96,0
7975.0,434,84.77,0
7976.0,435,84.96,1
7986.0,436,85.16,1
7991.0,437,85.35,1
7996.0,438,85.55,1
7998.0,439,85.74,1
8001.0,440,85.94,1
8003.0,441,86.13,1
8006.0,442,86.33,1
8008.0,443,86.52,1
8013.0,444,86.72,1
8016.0,443,86.52,0
8016.0,442,86.33,0
8016.0,441,86.13,0
8016.0,440,85.94,0
8016.0,439,85.74,0
8016.0,438,85.55,0
8016.0,437,85.35,0
8016.0,436,85.16,0
8023.0,437,85.35,1
8028.0,438,85.55,1
8030.0,439,85.74,1
8033.0,440,85.94,1
8035.0,441,86.13,1
8038.0,442,86.33,1
8040.0,443,86.52,1
8045.0,444,86.72,1
8050.0,445,86.91,1
8055.0,446,87.11,1
8060.0,447,87.30,1
8062.0,448,87.50,1
8065.0,449,87.70,1
8067.0,450,87.89,1
8072.0,451,88.09,1
8077.0,452,88.28,1
8082.0,453,88.48,1
8087.0,454,88.67,1
8092.0,455,88.87,1
8094.0,456,89.06,1
8097.0,457,89.26,1
8099.0,458,89.45,1
8104.0,459,89.65,1
8109.0,460,89.84,1
8114.0,461,90.04,1
8119.0,462,90.23,1
8124.0,463,90.43,1
8126.0,464,90.62,1
8129.0,465,90.82,1
8131.0,466,91.02,1
8136.0,467,91.21,1
8141.0,468,91.41,1
8146.0,469,91.60,1
8151.0,470,91.80,1
8156.0,471,91.99,1
8158.0,472,92.19,1
8161.0,473,92.38,1
8163.0,474,92.58,1
8168.0,475,92.77,1
8173.0,476,92.97,1
8178.0,477,93.16,1
8183.0,478,93.36,1
8188.0,479,93.55,1
8193.0,480,93.75,1
8198.0,481,93.95,1
8203.0,482,94.14,1
8208.0,483,94.34,1
8213.0,484,94.53,1
8218.0,485,94.73,1
8223.0,486,94.92,1
8228.0,487,95.12,1
8233.0,488,95.31,1
8238.0,489,95.51,1
8243.0,490,95.70,1
8248.0,491,95.90,1
8253.0,492,96.09,1
8258.0,493,96.29,1
8263.0,494,96.48,1
8268.0,495,96.68,1
8273.0,496,96.88,1
8278.0,497,97.07,1
8283.0,498,97.27,1
8286.0,499,97.46,1
8288.0,500,97.66,1
8291.0,501,97.85,1
8293.0,502,98.05,1
8296.0,503,98.24,1
8298.0,504,98.44,1
8301.0,505,98.63,1
8303.0,506,98.83,1
8306.0,507,99.02,1
8308.0,508,99.22,1
8311.0,509,99.41,1
8313.0,510,99.61,1
8315.0,509,99.41,0
8315.0,508,99.22,0
8315.0,507,99.02,0
8315.0,506,98.83,0
8315.0,505,98.63,0
8315.0,504,98.44,0
8315.0,503,98.24,0
8315.0,502,98.05,0
8316.0,503,98.24,1
8321.0,504,98.44,1
8331.0,505,98.63,1
8336.0,506,98.83,1
8341.0,507,99.02,1
8346.0,508,99.22,1
8351.0,509,99.41,1
8356.0,510,99.61,1
8361.0,511,99.80,1
8366.0,512,100.00,1
8375.0,511,99.80,0
8375.0,510,99.61,0
8375.0,509,99.41,0
8375.0,508,99.22,0
8375.0,507,99.02,0
8375.0,506,98.83,0
8375.0,505,98.63,0
8375.0,504,98.44,0
8388.0,505,98.63,1
8393.0,506,98.83,1
8398.0,507,99.02,1
8403.0,508,99.22,1
8408.0,509,99.41,1
8413.0,510,99.61,1
8417.0,509,99.41,0
8417.0,508,99.22,0
8417.0,507,99.02,0
8417.0,506,98.83,0
8417.0,505,98.63,0
8417.0,504,98.44,0
8417.0,503,98.24,0
8417.0,502,98.05,0
8418.0,503,98.24,1
8423.0,504,98.44,1
8424.0,503,98.24,0
8424.0,502,98.05,0
8424.0,501,97.85,0
8424.0,500,97.66,0
8424.0,499,97.46,0
8424.0,498,97.27,0
8424.0,497,97.07,0
8424.0,496,96.88,0
8435.0,497,97.07,1
8440.0,498,97.27,1
8445.0,499,97.46,1
8450.0,500,97.66,1
8455.0,501,97.85,1
8460.0,502,98.05,1
8462.0,503,98.24,1
8465.0,504,98.44,1
8467.0,505,98.63,1
8470.0,506,98.83,1
8472.5,507,99.02,1
8475.5,506,98.83,0
8475.5,505,98.63,0
8475.5,504,98.44,0
8475.5,503,98.24,0
8475.5,502,98.05,0
8475.5,501,97.85,0
8475.5,500,97.66,0
8475.5,499,97.46,0
8480.0,498,97.27,0
8480.0,497,97.07,0
8480.0,496,96.88,0
8480.0,495,96.68,0
8480.0,494,96.48,0
8480.0,493,96.29,0
8480.0,492,96.09,0
8480.0,491,95.90,0
8482.5,492,96.09,1
8485.0,491,95.90,0
8485.0,490,95.70,0
8485.0,489,95.51,0
8485.0,488,95.31,0
8485.0,487,95.12,0
8485.0,486,94.92,0
8485.0,485,94.73,0
8485.0,484,94.53,0
8492.0,483,94.34,0
8492.0,482,94.14,0
8492.0,481,93.95,0
8492.0,480,93.75,0
8492.0,479,93.55,0
8492.0,478,93.36,0
8492.0,477,93.16,0
8492.0,476,92.97,0
8492.5,477,93.16,1
8497.5,478,93.36,1
8507.5,479,93.55,1
8509.0,478,93.36,0
8509.0,477,93.16,0
8509.0,476,92.97,0
8509.0,475,92.77,0
8509.0,474,92.58,0
8509.0,473,92.38,0
8509.0,472,92.19,0
8509.0,471,91.99,0
8512.5,472,92.19,1
8517.5,473,92.38,1
8522.5,474,92.58,1
8527.0,473,92.38,0
8527.0,472,92.19,0
8527.0,471,91.99,0
8527.0,470,91.80,0
8527.0,469,91.60,0
8527.0,468,91.41,0
8527.0,467,91.21,0
8527.0,466,91.02,0
8532.5,467,91.21,1
8537.5,466,91.02,0
8537.5,465,90.82,0
8537.5,464,90.62,0
8537.5,463,90.43,0
8537.5,462,90.23,0
8537.5,461,90.04,0
8537.5,460,89.84,0
8537.5,459,89.65,0
8542.5,460,89.84,1
8547.5,461,90.04,1
8552.5,462,90.23,1
8558.0,463,90.43,1
8562.5,464,90.62,1
8563.5,465,90.82,1
8567.5,466,91.02,1
8568.5,465,90.82,0
8568.5,464,90.62,0
8568.5,463,90.43,0
8568.5,462,90.23,0
8568.5,461,90.04,0
8568.5,460,89.84,0
8568.5,459,89.65,0
8568.5,458,89.45,0
8572.5,457,89.26,0
8572.5,456,89.06,0
8572.5,455,88.87,0
8572.5,454,88.67,0
8572.5,453,88.48,0
8572.5,452,88.28,0
8572.5,451,88.09,0
8572.5,450,87.89,0
8574.5,451,88.09,1
8577.5,452,88.28,1
8582.5,453,88.48,1
8587.5,454,88.67,1
8588.5,455,88.87,1
8592.5,456,89.06,1
8593.5,457,89.26,1
8595.5,456,89.06,0
8595.5,455,88.87,0
8595.5,454,88.67,0
8595.5,453,88.48,0
8595.5,452,88.28,0
8595.5,451,88.09,0
8595.5,450,87.89,0
8595.5,449,87.70,0
8598.5,450,87.89,1
8602.5,451,88.09,1
8603.5,452,88.28,1
8603.5,453,88.48,1
8607.5,454,88.67,1
8608.5,455,88.87,1
8612.5,456,89.06,1
8613.5,457,89.26,1
8618.5,458,89.45,1
8618.5,459,89.65,1
8622.5,460,89.84,1
8623.5,461,90.04,1
8627.5,460,89.84,0
8627.5,459,89.65,0
8627.5,458,89.45,0
8627.5,457,89.26,0
8627.5,456,89.06,0
8627.5,455,88.87,0
8627.5,454,88.67,0
8627.5,453,88.48,0
8628.5,454,88.67,1
8628.5,455,88.87,1
8629.0,454,88.67,0
8629.0,453,88.48,0
8629.0,452,88.28,0
8629.0,451,88.09,0
8629.0,450,87.89,0
8629.0,449,87.70,0
8629.0,448,87.50,0
8629.0,447,87.30,0
8633.5,448,87.50,1
8638.5,449,87.70,1
8638.5,448,87.50,0
8638.5,447,87.30,0
8638.5,446,87.11,0
8638.5,445,86.91,0
8638.5,444,86.72,0
8638.5,443,86.52,0
8638.5,442,86.33,0
8638.5,441,86.13,0
8643.5,442,86.33,1
8643.5,443,86.52,1
8648.5,444,86.72,1
8653.5,445,86.91,1
8654.0,446,87.11,1
8658.5,447,87.30,1
8663.5,448,87.50,1
8664.0,449,87.70,1
8668.5,450,87.89,1
8669.0,451,88.09,1
8673.5,450,87.89,0
8673.5,449,87.70,0
8673.5,448,87.50,0
8673.5,447,87.30,0
8673.5,446,87.11,0
8673.5,445,86.91,0
8673.5,444,86.72,0
8673.5,443,86.52,0
8674.0,444,86.72,1
8679.0,445,86.91,1
8684.0,446,87.11,1
8686.0,447,87.30,1
8687.0,446,87.11,0
8687.0,445,86.91,0
8687.0,444,86.72,0
8687.0,443,86.52,0
8687.0,442,86.33,0
8687.0,441,86.13,0
8687.0,440,85.94,0
8687.0,439,85.74,0
8689.0,440,85.94,1
8694.0,441,86.13,1
8698.0,442,86.33,1
8701.0,441,86.13,0
8701.0,440,85.94,0
8701.0,439,85.74,0
8701.0,438,85.55,0
8701.0,437,85.35,0
8701.0,436,85.16,0
8701.0,435,84.96,0
8701.0,434,84.77,0
8708.0,435,84.96,1
8713.0,436,85.16,1
8718.0,437,85.35,1
8721.0,436,85.16,0
8721.0,435,84.96,0
8721.0,434,84.77,0
8721.0,433,84.57,0
8721.0,432,84.38,0
8721.0,431,84.18,0
8721.0,430,83.98,0
8721.0,429,83.79,0
8723.0,430,83.98,1
8728.0,431,84.18,1
8733.0,432,84.38,1
8750.0,433,84.57,1
8755.0,434,84.77,1
8760.0,433,84.57,0
8760.0,432,84.38,0
8760.0,431,84.18,0
8760.0,430,83.98,0
8760.0,429,83.79,0
8760.0,428,83.59,0
8760.0,427,83.40,0
8760.0,426,83.20,0
8765.0,427,83.40,1
8770.0,426,83.20,0
8770.0,425,83.01,0
8770.0,424,82.81,0
8770.0,423,82.62,0
8770.0,422,82.42,0
8770.0,421,82.23,0
8770.0,420,82.03,0
8770.0,419,81.84,0
8775.0,420,82.03,1
8780.0,421,82.23,1
8785.0,422,82.42,1
8790.0,423,82.62,1
8795.0,424,82.81,1
8800.0,425,83.01,1
8805.0,426,83.20,1
8810.0,427,83.40,1
8814.0,428,83.59,1
8815.0,429,83.79,1
8820.0,430,83.98,1
8824.0,431,84.18,1
8825.0,432,84.38,1
8829.0,433,84.57,1
8830.0,434,84.77,1
8834.0,435,84.96,1
8835.0,436,85.16,1
8839.0,437,85.35,1
8840.0,436,85.16,0
8840.0,435,84.96,0
8840.0,434,84.77,0
8840.0,433,84.57,0
8840.0,432,84.38,0
8840.0,431,84.18,0
8840.0,430,83.98,0
8840.0,429,83.79,0
8844.0,430,83.98,1
8849.0,431,84.18,1
8853.5,430,83.98,0
8853.5,429,83.79,0
8853.5,428,83.59,0
8853.5,427,83.40,0
8853.5,426,83.20,0
8853.5,425,83.01,0
8853.5,424,82.81,0
8853.5,423,82.62,0
8854.0,424,82.81,1
8878.0,425,83.01,1
8883.0,426,83.20,1
8888.0,427,83.40,1
8893.0,428,83.59,1
8898.0,429,83.79,1
8903.0,430,83.98,1
8908.0,431,84.18,1
8910.0,432,84.38,1
8913.0,433,84.57,1
8915.0,434,84.77,1
8920.0,435,84.96,1
8925.0,436,85.16,1
8930.0,437,85.35,1
8935.0,438,85.55,1
8940.0,439,85.74,1
8942.0,440,85.94,1
8945.0,441,86.13,1
8947.0,442,86.33,1
8952.0,443,86.52,1
8957.0,444,86.72,1
8962.0,445,86.91,1
8967.0,446,87.11,1
8972.0,447,87.30,1
8977.0,448,87.50,1
8982.0,449,87.70,1
8987.0,450,87.89,1
8992.0,451,88.09,1
8997.0,452,88.28,1
9002.0,453,88.48,1
9007.0,454,88.67,1
9012.0,455,88.87,1
9017.0,456,89.06,1
9022.0,457,89.26,1
9027.0,458,89.45,1
9032.0,459,89.65,1
9037.0,460,89.84,1
9038.0,461,90.04,1
9042.0,462,90.23,1
9043.0,463,90.43,1
9047.0,464,90.62,1
9048.0,465,90.82,1
9052.0,466,91.02,1
9053.0,467,91.21,1
9057.0,468,91.41,1
9058.0,469,91.60,1
9063.0,470,91.80,1
9068.0,471,91.99,1
9070.0,472,92.19,1
9073.0,473,92.38,1
9075.0,474,92.58,1
9080.0,475,92.77,1
9085.0,476,92.97,1
9090.0,477,93.16,1
9095.0,478,93.36,1
9100.0,479,93.55,1
9102.0,480,93.75,1
9105.0,481,93.95,1
9107.0,482,94.14,1
9112.0,483,94.34,1
9117.0,484,94.53,1
9122.0,485,94.73,1
9127.0,486,94.92,1
9132.0,487,95.12,1
9134.0,488,95.31,1
9137.0,489,95.51,1
9139.0,490,95.70,1
9144.0,491,95.90,1
9149.0,492,96.09,1
9153.5,491,95.90,0
9153.5,490,95.70,0
9153.5,489,95.51,0
9153.5,488,95.31,0
9153.5,487,95.12,0
9153.5,486,94.92,0
9153.5,485,94.73,0
9153.5,484,94.53,0
9154.0,485,94.73,1
9159.0,486,94.92,1
9169.0,487,95.12,1
9174.0,488,95.31,1
9179.0,489,95.51,1
9184.0,490,95.70,1
9189.0,491,95.90,1
9194.0,492,96.09,1
9198.0,493,96.29,1
9199.0,494,96.48,1
9203.0,495,96.68,1
9204.0,496,96.88,1
9208.0,497,97.07,1
9209.0,498,97.27,1
9213.0,499,97.46,1
9214.0,500,97.66,1
9215.0,499,97.46,0
9215.0,498,97.27,0
9215.0,497,97.07,0
9215.0,496,96.88,0
9215.0,495,96.68,0
9215.0,494,96.48,0
9215.0,493,96.29,0
9215.0,492,96.09,0
9218.0,493,96.29,1
9228.0,494,96.48,1
9231.0,495,96.68,1
9233.0,496,96.88,1
9236.0,497,97.07,1
9238.0,498,97.27,1
9241.0,499,97.46,1
9246.0,500,97.66,1
9251.0,501,97.85,1
9256.0,502,98.05,1
9256.5,501,97.85,0
9256.5,500,97.66,0
9256.5,499,97.46,0
9256.5,498,97.27,0
9256.5,497,97.07,0
9256.5,496,96.88,0
9256.5,495,96.68,0
9256.5,494,96.48,0
9261.0,495,96.68,1
9263.5,494,96.48,0
9263.5,493,96.29,0
9263.5,492,96.09,0
9263.5,491,95.90,0
9263.5,490,95.70,0
9263.5,489,95.51,0
9263.5,488,95.31,0
9263.5,487,95.12,0
9264.5,488,95.31,1
9271.0,489,95.51,1
9274.5,490,95.70,1
9279.5,491,95.90,1
9284.5,492,96.09,1
9289.5,493,96.29,1
9294.5,494,96.48,1
9294.5,495,96.68,1
9299.5,496,96.88,1
9299.5,497,97.07,1
9304.5,498,97.27,1
9304.5,499,97.46,1
9309.5,500,97.66,1
9314.5,499,97.46,0
9314.5,498,97.27,0
9314.5,497,97.07,0
9314.5,496,96.88,0
9314.5,495,96.68,0
9314.5,494,96.48,0
9314.5,493,96.29,0
9314.5,492,96.09,0
9315.0,491,95.90,0
9315.0,490,95.70,0
9315.0,489,95.51,0
9315.0,488,95.31,0
9315.0,487,95.12,0
9315.0,486,94.92,0
9315.0,485,94.73,0
9315.0,484,94.53,0
9319.5,485,94.73,1
9326.0,486,94.92,1
9329.5,487,95.12,1
9331.0,488,95.31,1
9334.0,487,95.12,0
9334.0,486,94.92,0
9334.0,485,94.73,0
9334.0,484,94.53,0
9334.0,483,94.34,0
9334.0,482,94.14,0
9334.0,481,93.95,0
9334.0,480,93.75,0
9334.5,481,93.95,1
9341.0,482,94.14,1
9344.5,483,94.34,1
9346.0,484,94.53,1
9349.0,483,94.34,0
9349.0,482,94.14,0
9349.0,481,93.95,0
9349.0,480,93.75,0
9349.0,479,93.55,0
9349.0,478,93.36,0
9349.0,477,93.16,0
9349.0,476,92.97,0
9351.0,477,93.16,1
9356.0,478,93.36,1
9364.0,479,93.55,1
9366.0,480,93.75,1
9369.0,481,93.95,1
9370.0,480,93.75,0
9370.0,479,93.55,0
9370.0,478,93.36,0
9370.0,477,93.16,0
9370.0,476,92.97,0
9370.0,475,92.77,0
9370.0,474,92.58,0
9370.0,473,92.38,0
9371.0,472,92.19,0
9371.0,471,91.99,0
9371.0,470,91.80,0
9371.0,469,91.60,0
9371.0,468,91.41,0
9371.0,467,91.21,0
9371.0,466,91.02,0
9371.0,465,90.82,0
9374.0,466,91.02,1
9376.0,467,91.21,1
9377.5,466,91.02,0
9377.5,465,90.82,0
9377.5,464,90.62,0
9377.5,463,90.43,0
9377.5,462,90.23,0
9377.5,461,90.04,0
9377.5,460,89.84,0
9377.5,459,89.65,0
9384.0,460,89.84,1
9394.0,461,90.04,1
9399.0,462,90.23,1
9404.0,463,90.43,1
9405.0,462,90.23,0
9405.0,461,90.04,0
9405.0,460,89.84,0
9405.0,459,89.65,0
9405.0,458,89.45,0
9405.0,457,89.26,0
9405.0,456,89.06,0
9405.0,455,88.87,0
9409.0,456,89.06,1
9414.0,457,89.26,1
9419.0,458,89.45,1
9424.0,459,89.65,1
9434.0,460,89.84,1
9439.0,459,89.65,0
9439.0,458,89.45,0
9439.0,457,89.26,0
9439.0,456,89.06,0
9439.0,455,88.87,0
9439.0,454,88.67,0
9439.0,453,88.48,0
9439.0,452,88.28,0
9444.0,453,88.48,1
9449.0,452,88.28,0
9449.0,451,88.09,0
9449.0,450,87.89,0
9449.0,449,87.70,0
9449.0,448,87.50,0
9449.0,447,87.30,0
9449.0,446,87.11,0
9449.0,445,86.91,0
9454.0,446,87.11,1
9454.0,447,87.30,1
9459.0,446,87.11,0
9459.0,445,86.91,0
9459.0,444,86.72,0
9459.0,443,86.52,0
9459.0,442,86.33,0
9459.0,441,86.13,0
9459.0,440,85.94,0
9459.0,439,85.74,0
9459.0,440,85.94,1
9464.0,441,86.13,1
9464.0,442,86.33,1
9468.0,441,86.13,0
9468.0,440,85.94,0
9468.0,439,85.74,0
9468.0,438,85.55,0
9468.0,437,85.35,0
9468.0,436,85.16,0
9468.0,435,84.96,0
9468.0,434,84.77,0
9469.0,435,84.96,1
9474.0,436,85.16,1
9484.0,437,85.35,1
9486.0,438,85.55,1
9489.0,439,85.74,1
9491.0,440,85.94,1
9494.0,441,86.13,1
9495.0,440,85.94,0
9495.0,439,85.74,0
9495.0,438,85.55,0
9495.0,437,85.35,0
9495.0,436,85.16,0
9495.0,435,84.96,0
9495.0,434,84.77,0
9495.0,433,84.57,0
9496.0,434,84.77,1
9499.0,435,84.96,1
9506.0,436,85.16,1
9511.0,437,85.35,1
9516.0,438,85.55,1
9518.0,439,85.74,1
9521.0,440,85.94,1
9523.0,441,86.13,1
9526.0,442,86.33,1
9527.0,441,86.13,0
9527.0,440,85.94,0
9527.0,439,85.74,0
9527.0,438,85.55,0
9527.0,437,85.35,0
9527.0,436,85.16,0
9527.0,435,84.96,0
9527.0,434,84.77,0
9528.0,435,84.96,1
9538.0,436,85.16,1
9541.0,435,84.96,0
9541.0,434,84.77,0
9541.0,433,84.57,0
9541.0,432,84.38,0
9541.0,431,84.18,0
9541.0,430,83.98,0
9541.0,429,83.79,0
9541.0,428,83.59,0
9548.0,429,83.79,1
9550.0,430,83.98,1
9553.0,431,84.18,1
9556.0,432,84.38,1
9558.0,433,84.57,1
9560.0,432,84.38,0
9560.0,431,84.18,0
9560.0,430,83.98,0
9560.0,429,83.79,0
9560.0,428,83.59,0
9560.0,427,83.40,0
9560.0,426,83.20,0
9560.0,425,83.01,0
9561.0,426,83.20,1
9568.0,427,83.40,1
9571.0,428,83.59,1
9576.0,429,83.79,1
9581.0,430,83.98,1
9586.0,431,84.18,1
9591.0,432,84.38,1
9596.0,433,84.57,1
9596.0,432,84.38,0
9596.0,431,84.18,0
9596.0,430,83.98,0
9596.0,429,83.79,0
9596.0,428,83.59,0
9596.0,427,83.40,0
9596.0,426,83.20,0
9596.0,425,83.01,0
9601.0,426,83.20,1
9606.0,427,83.40,1
9610.0,426,83.20,0
9610.0,425,83.01,0
9610.0,424,82.81,0
9610.0,423,82.62,0
9610.0,422,82.42,0
9610.0,421,82.23,0
9610.0,420,82.03,0
9610.0,419,81.84,0
9611.0,420,82.03,1
9621.0,421,82.23,1
9631.0,422,82.42,1
9636.0,423,82.62,1
9641.0,424,82.81,1
9646.0,425,83.01,1
9646.0,426,83.20,1
9651.0,427,83.40,1
9656.0,428,83.59,1
9656.0,429,83.79,1
9661.0,428,83.59,0
9661.0,427,83.40,0
9661.0,426,83.20,0
9661.0,425,83.01,0
9661.0,424,82.81,0
9661.0,423,82.62,0
9661.0,422,82.42,0
9661.0,421,82.23,0
9661.0,422,82.42,1
9666.0,423,82.62,1
9666.0,424,82.81,1
9671.0,425,83.01,1
9671.0,426,83.20,1
9676.0,427,83.40,1
9676.0,428,83.59,1
9678.0,429,83.79,1
9681.0,430,83.98,1
9681.0,431,84.18,1
9683.0,432,84.38,1
9686.0,433,84.57,1
9688.0,434,84.77,1
9691.0,435,84.96,1
9693.0,436,85.16,1
9695.0,435,84.96,0
9695.0,434,84.77,0
9695.0,433,84.57,0
9695.0,432,84.38,0
9695.0,431,84.18,0
9695.0,430,83.98,0
9695.0,429,83.79,0
9695.0,428,83.59,0
9698.0,429,83.79,1
9708.0,430,83.98,1
9710.0,431,84.18,1
9713.0,432,84.38,1
9715.0,433,84.57,1
9718.0,434,84.77,1
9720.0,435,84.96,1
9725.0,436,85.16,1
9730.0,437,85.35,1
9735.0,438,85.55,1
9740.0,439,85.74,1
9742.0,440,85.94,1
9745.0,441,86.13,1
9747.0,442,86.33,1
9752.0,443,86.52,1
9757.0,444,86.72,1
9762.0,445,86.91,1
9767.0,446,87.11,1
9772.0,447,87.30,1
9774.0,448,87.50,1
9777.0,449,87.70,1
9779.0,450,87.89,1
9784.0,451,88.09,1
9789.0,452,88.28,1
9794.0,453,88.48,1
9799.0,454,88.67,1
9804.0,455,88.87,1
9809.0,456,89.06,1
9814.0,457,89.26,1
9819.0,458,89.45,1
9824.0,459,89.65,1
9829.0,460,89.84,1
9834.0,461,90.04,1
9839.0,462,90.23,1
9844.0,463,90.43,1
9849.0,464,90.62,1
9870.0,465,90.82,1
9875.0,466,91.02,1
9880.0,467,91.21,1
9885.0,468,91.41,1
9890.0,469,91.60,1
9895.0,470,91.80,1
9900.0,471,91.99,1
9905.0,472,92.19,1
9934.0,473,92.38,1
9939.0,474,92.58,1
9944.0,475,92.77,1
9949.0,476,92.97,1
9954.0,477,93.16,1
9959.0,478,93.36,1
9964.0,479,93.55,1
9966.0,480,93.75,1
9969.0,481,93.95,1
9971.0,482,94.14,1
9976.0,483,94.34,1
9981.0,484,94.53,1
9986.0,485,94.73,1
9991.0,486,94.92,1
9996.0,487,95.12,1
10001.0,486,94.92,0
10001.0,485,94.73,0
10001.0,484,94.53,0
10001.0,483,94.34,0
10001.0,482,94.14,0
10001.0,481,93.95,0
10001.0,480,93.75,0
10001.0,479,93.55,0
10006.0,480,93.75,1
10030.0,481,93.95,1
10035.0,482,94.14,1
10040.0,483,94.34,1
10045.0,484,94.53,1
10050.0,485,94.73,1
10055.0,486,94.92,1
10060.0,487,95.12,1
10065.0,486,94.92,0
10065.0,485,94.73,0
10065.0,484,94.53,0
10065.0,483,94.34,0
10065.0,482,94.14,0
10065.0,481,93.95,0
10065.0,480,93.75,0
10065.0,479,93.55,0
10065.0,480,93.75,1
10070.0,481,93.95,1
10070.0,482,94.14,1
10075.0,483,94.34,1
10080.0,484,94.53,1
10085.0,485,94.73,1
10090.0,486,94.92,1
10095.0,487,95.12,1
10095.5,486,94.92,0
10095.5,485,94.73,0
10095.5,484,94.53,0
10095.5,483,94.34,0
10095.5,482,94.14,0
10095.5,481,93.95,0
10095.5,480,93.75,0
10095.5,479,93.55,0
10100.0,480,93.75,1
10103.0,479,93.55,0
10103.0,478,93.36,0
10103.0,477,93.16,0
10103.0,476,92.97,0
10103.0,475,92.77,0
10103.0,474,92.58,0
10103.0,473,92.38,0
10103.0,472,92.19,0
10105.0,473,92.38,1
10115.0,474,92.58,1
10120.0,473,92.38,0
10120.0,472,92.19,0
10120.0,471,91.99,0
10120.0,470,91.80,0
10120.0,469,91.60,0
10120.0,468,91.41,0
10120.0,467,91.21,0
10120.0,466,91.02,0
10125.0,467,91.21,1
10126.0,468,91.41,1
10130.0,469,91.60,1
10131.0,470,91.80,1
10135.0,471,91.99,1
10136.0,472,92.19,1
10140.0,473,92.38,1
10141.0,474,92.58,1
10145.0,475,92.77,1
10146.0,476,92.97,1
10151.0,477,93.16,1
10155.0,478,93.36,1
10156.0,477,93.16,0
10156.0,476,92.97,0
10156.0,475,92.77,0
10156.0,474,92.58,0
10156.0,473,92.38,0
10156.0,472,92.19,0
10156.0,471,91.99,0
10156.0,470,91.80,0
10160.0,469,91.60,0
10160.0,468,91.41,0
10160.0,467,91.21,0
10160.0,466,91.02,0
10160.0,465,90.82,0
10160.0,464,90.62,0
10160.0,463,90.43,0
10160.0,462,90.23,0
10161.0,463,90.43,1
10165.0,462,90.23,0
10165.0,461,90.04,0
10165.0,460,89.84,0
10165.0,459,89.65,0
10165.0,458,89.45,0
10165.0,457,89.26,0
10165.0,456,89.06,0
10165.0,455,88.87,0
10170.0,456,89.06,1
10171.0,457,89.26,1
10171.0,456,89.06,0
10171.0,455,88.87,0
10171.0,454,88.67,0
10171.0,453,88.48,0
10171.0,452,88.28,0
10171.0,451,88.09,0
10171.0,450,87.89,0
10171.0,449,87.70,0
10175.0,450,87.89,1
10180.0,451,88.09,1
10190.0,452,88.28,1
10194.0,451,88.09,0
10194.0,450,87.89,0
10194.0,449,87.70,0
10194.0,448,87.50,0
10194.0,447,87.30,0
10194.0,446,87.11,0
10194.0,445,86.91,0
10194.0,444,86.72,0
10195.0,445,86.91,1
10200.0,446,87.11,1
10205.0,447,87.30,1
10205.0,446,87.11,0
10205.0,445,86.91,0
10205.0,444,86.72,0
10205.0,443,86.52,0
10205.0,442,86.33,0
10205.0,441,86.13,0
10205.0,440,85.94,0
10205.0,439,85.74,0
10210.0,438,85.55,0
10210.0,437,85.35,0
10210.0,436,85.16,0
10210.0,435,84.96,0
10210.0,434,84.77,0
10210.0,433,84.57,0
10210.0,432,84.38,0
10210.0,431,84.18,0
10215.0,432,84.38,1
10220.0,433,84.57,1
10230.0,434,84.77,1
10230.0,435,84.96,1
10238.0,436,85.16,1
10240.0,437,85.35,1
10243.0,438,85.55,1
10245.0,439,85.74,1
10248.0,440,85.94,1
10250.0,441,86.13,1
10253.0,442,86.33,1
10255.0,441,86.13,0
10255.0,440,85.94,0
10255.0,439,85.74,0
10255.0,438,85.55,0
10255.0,437,85.35,0
10255.0,436,85.16,0
10255.0,435,84.96,0
10255.0,434,84.77,0
10258.0,435,84.96,1
10260.0,436,85.16,1
10265.0,437,85.35,1
10268.0,438,85.55,1
10270.0,439,85.74,1
10280.0,438,85.55,0
10280.0,437,85.35,0
10280.0,436,85.16,0
10280.0,435,84.96,0
10280.0,434,84.77,0
10280.0,433,84.57,0
10280.0,432,84.38,0
10280.0,431,84.18,0
10283.0,432,84.38,1
10285.0,431,84.18,0
10285.0,430,83.98,0
10285.0,429,83.79,0
10285.0,428,83.59,0
10285.0,427,83.40,0
10285.0,426,83.20,0
10285.0,425,83.01,0
10285.0,424,82.81,0
10290.0,423,82.62,0
10290.0,422,82.42,0
10290.0,421,82.23,0
10290.0,420,82.03,0
10290.0,419,81.84,0
10290.0,418,81.64,0
10290.0,417,81.45,0
10290.0,416,81.25,0
10294.0,415,81.05,0
10294.0,414,80.86,0
10294.0,413,80.66,0
10294.0,412,80.47,0
10294.0,411,80.27,0
10294.0,410,80.08,0
10294.0,409,79.88,0
10294.0,408,79.69,0
10295.0,409,79.88,1
10300.0,410,80.08,1
10305.0,411,80.27,1
10307.0,410,80.08,0
10307.0,409,79.88,0
10307.0,408,79.69,0
10307.0,407,79.49,0
10307.0,406,79.30,0
10307.0,405,79.10,0
10307.0,404,78.91,0
10307.0,403,78.71,0
10310.0,404,78.91,1
10315.0,405,79.10,1
10320.0,406,79.30,1
10325.0,407,79.49,1
10330.0,408,79.69,1
10338.5,407,79.49,0
10338.5,406,79.30,0
10338.5,405,79.10,0
10338.5,404,78.91,0
10338.5,403,78.71,0
10338.5,402,78.52,0
10338.5,401,78.32,0
10338.5,400,78.12,0
10345.0,401,78.32,1
10350.0,402,78.52,1
10355.0,403,78.71,1
10360.0,404,78.91,1
10365.0,405,79.10,1
10365.5,404,78.91,0
10365.5,403,78.71,0
10365.5,402,78.52,0
10365.5,401,78.32,0
10365.5,400,78.12,0
10365.5,399,77.93,0
10365.5,398,77.73,0
10365.5,397,77.54,0
10366.5,396,77.34,0
10366.5,395,77.15,0
10366.5,394,76.95,0
10366.5,393,76.76,0
10366.5,392,76.56,0
10366.5,391,76.37,0
10366.5,390,76.17,0
10366.5,389,75.98,0
10370.0,390,76.17,1
10376.0,389,75.98,0
10376.0,388,75.78,0
10376.0,387,75.59,0
10376.0,386,75.39,0
10376.0,385,75.20,0
10376.0,384,75.00,0
10376.0,383,74.80,0
10376.0,382,74.61,0
10380.0,383,74.80,1
10385.0,384,75.00,1
10399.0,383,74.80,0
10399.0,382,74.61,0
10399.0,381,74.41,0
10399.0,380,74.22,0
10399.0,379,74.02,0
10399.0,378,73.83,0
10399.0,377,73.63,0
10399.0,376,73.44,0
10400.0,377,73.63,1
10400.0,376,73.44,0
10400.0,375,73.24,0
10400.0,374,73.05,0
10400.0,373,72.85,0
10400.0,372,72.66,0
10400.0,371,72.46,0
10400.0,370,72.27,0
10400.0,369,72.07,0
10405.0,370,72.27,1
10410.0,371,72.46,1
10414.0,372,72.66,1
10415.0,373,72.85,1
10419.0,374,73.05,1
10424.0,375,73.24,1
10425.0,376,73.44,1
10429.0,377,73.63,1
10430.0,378,73.83,1
10434.0,379,74.02,1
10435.0,380,74.22,1
10439.0,381,74.41,1
10440.0,382,74.61,1
10444.0,381,74.41,0
10444.0,380,74.22,0
10444.0,379,74.02,0
10444.0,378,73.83,0
10444.0,377,73.63,0
10444.0,376,73.44,0
10444.0,375,73.24,0
10444.0,374,73.05,0
10449.0,375,73.24,1
10454.0,374,73.05,0
10454.0,373,72.85,0
10454.0,372,72.66,0
10454.0,371,72.46,0
10454.0,370,72.27,0
10454.0,369,72.07,0
10454.0,368,71.88,0
10454.0,367,71.68,0
10459.0,368,71.88,1
10478.0,369,72.07,1
10483.0,370,72.27,1
10488.0,371,72.46,1
10493.0,372,72.66,1
10493.0,371,72.46,0
10493.0,370,72.27,0
10493.0,369,72.07,0
10493.0,368,71.88,0
10493.0,367,71.68,0
10493.0,366,71.48,0
10493.0,365,71.29,0
10493.0,364,71.09,0
10498.0,365,71.29,1
10508.0,366,71.48,1
10511.0,367,71.68,1
10513.0,368,71.88,1
10516.0,369,72.07,1
10518.0,370,72.27,1
10521.0,371,72.46,1
10526.0,372,72.66,1
10531.0,373,72.85,1
10535.0,372,72.66,0
10535.0,371,72.46,0
10535.0,370,72.27,0
10535.0,369,72.07,0
10535.0,368,71.88,0
10535.0,367,71.68,0
10535.0,366,71.48,0
10535.0,365,71.29,0
10536.0,366,71.48,1
10541.0,367,71.68,1
10544.0,368,71.88,1
10549.0,369,72.07,1
10551.0,370,72.27,1
10554.0,371,72.46,1
10559.0,372,72.66,1
10564.0,373,72.85,1
10569.0,374,73.05,1
10574.0,375,73.24,1
10579.0,376,73.44,1
10584.0,377,73.63,1
10589.0,378,73.83,1
10594.0,379,74.02,1
10599.0,380,74.22,1
10604.0,381,74.41,1
10606.0,382,74.61,1
10609.0,383,74.80,1
10611.0,384,75.00,1
10614.0,385,75.20,1
10616.0,386,75.39,1
10619.0,387,75.59,1
10621.0,388,75.78,1
10626.0,389,75.98,1
10631.0,390,76.17,1
10636.0,391,76.37,1
10641.0,392,76.56,1
10670.0,393,76.76,1
10675.0,394,76.95,1
10680.0,395,77.15,1
10685.0,396,77.34,1
10690.0,397,77.54,1
10695.0,398,77.73,1
10700.0,399,77.93,1
10702.0,400,78.12,1
10705.0,401,78.32,1
10707.0,402,78.52,1
10712.0,403,78.71,1
10717.0,404,78.91,1
10722.0,405,79.10,1
10727.0,406,79.30,1
10732.0,407,79.49,1
10734.0,408,79.69,1
10737.0,409,79.88,1
10739.0,410,80.08,1
10744.0,411,80.27,1
10749.0,412,80.47,1
10754.0,413,80.66,1
10759.0,414,80.86,1
10764.0,415,81.05,1
10766.0,416,81.25,1
10769.0,417,81.45,1
10771.0,418,81.64,1
10776.0,419,81.84,1
10781.0,420,82.03,1
10786.0,421,82.23,1
10791.0,422,82.42,1
10796.0,423,82.62,1
10801.0,424,82.81,1
10806.0,425,83.01,1
10811.0,426,83.20,1
10816.0,427,83.40,1
10821.0,428,83.59,1
10826.0,429,83.79,1
10831.0,430,83.98,1
10832.0,429,83.79,0
10832.0,428,83.59,0
10832.0,427,83.40,0
10832.0,426,83.20,0
10832.0,425,83.01,0
10832.0,424,82.81,0
10832.0,423,82.62,0
10832.0,422,82.42,0
10836.0,423,82.62,1
10841.0,424,82.81,1
10893.5,423,82.62,0
10893.5,422,82.42,0
10893.5,421,82.23,0
10893.5,420,82.03,0
10893.5,419,81.84,0
10893.5,418,81.64,0
10893.5,417,81.45,0
10893.5,416,81.25,0
10899.5,417,81.45,1
10904.5,418,81.64,1
10909.5,419,81.84,1
10914.5,420,82.03,1
10919.5,421,82.23,1
10924.5,422,82.42,1
10929.5,423,82.62,1
10934.5,424,82.81,1
10934.5,423,82.62,0
10934.5,422,82.42,0
10934.5,421,82.23,0
10934.5,420,82.03,0
10934.5,419,81.84,0
10934.5,418,81.64,0
10934.5,417,81.45,0
10934.5,416,81.25,0
10942.5,415,81.05,0
10942.5,414,80.86,0
10942.5,413,80.66,0
10942.5,412,80.47,0
10942.5,411,80.27,0
10942.5,410,80.08,0
10942.5,409,79.88,0
10942.5,408,79.69,0
10958.0,409,79.88,1
10963.0,410,80.08,1
10968.0,411,80.27,1
10973.0,412,80.47,1
10978.0,413,80.66,1
10983.0,414,80.86,1
10987.0,413,80.66,0
10987.0,412,80.47,0
10987.0,411,80.27,0
10987.0,410,80.08,0
10987.0,409,79.88,0
10987.0,408,79.69,0
10987.0,407,79.49,0
10987.0,406,79.30,0
10988.0,407,79.49,1
10992.0,406,79.30,0
10992.0,405,79.10,0
10992.0,404,78.91,0
10992.0,403,78.71,0
10992.0,402,78.52,0
10992.0,401,78.32,0
10992.0,400,78.12,0
10992.0,399,77.93,0
10993.0,400,78.12,1
10998.0,399,77.93,0
10998.0,398,77.73,0
10998.0,397,77.54,0
10998.0,396,77.34,0
10998.0,395,77.15,0
10998.0,394,76.95,0
10998.0,393,76.76,0
10998.0,392,76.56,0
11003.0,393,76.76,1
11010.0,392,76.56,0
11010.0,391,76.37,0
11010.0,390,76.17,0
11010.0,389,75.98,0
11010.0,388,75.78,0
11010.0,387,75.59,0
11010.0,386,75.39,0
11010.0,385,75.20,0
11013.0,386,75.39,1
11018.0,387,75.59,1
11023.0,388,75.78,1
11033.0,389,75.98,1
11035.0,388,75.78,0
11035.0,387,75.59,0
11035.0,386,75.39,0
11035.0,385,75.20,0
11035.0,384,75.00,0
11035.0,383,74.80,0
11035.0,382,74.61,0
11035.0,381,74.41,0
11038.0,382,74.61,1
11043.0,383,74.80,1
11044.0,382,74.61,0
11044.0,381,74.41,0
11044.0,380,74.22,0
11044.0,379,74.02,0
11044.0,378,73.83,0
11044.0,377,73.63,0
11044.0,376,73.44,0
11044.0,375,73.24,0
11048.0,376,73.44,1
11053.0,375,73.24,0
11053.0,374,73.05,0
11053.0,373,72.85,0
11053.0,372,72.66,0
11053.0,371,72.46,0
11053.0,370,72.27,0
11053.0,369,72.07,0
11053.0,368,71.88,0
11055.0,369,72.07,1
11058.0,370,72.27,1
11060.0,369,72.07,0
11060.0,368,71.88,0
11060.0,367,71.68,0
11060.0,366,71.48,0
11060.0,365,71.29,0
11060.0,364,71.09,0
11060.0,363,70.90,0
11060.0,362,70.70,0
11068.0,363,70.90,1
11072.0,364,71.09,1
11073.0,365,71.29,1
11077.0,366,71.48,1
11078.0,367,71.68,1
11082.0,368,71.88,1
11087.0,369,72.07,1
11088.0,370,72.27,1
11089.0,369,72.07,0
11089.0,368,71.88,0
11089.0,367,71.68,0
11089.0,366,71.48,0
11089.0,365,71.29,0
11089.0,364,71.09,0
11089.0,363,70.90,0
11089.0,362,70.70,0
11092.0,363,70.90,1
11093.0,364,71.09,1
11097.0,365,71.29,1
11102.0,366,71.48,1
11107.0,365,71.29,0
11107.0,364,71.09,0
11107.0,363,70.90,0
11107.0,362,70.70,0
11107.0,361,70.51,0
11107.0,360,70.31,0
11107.0,359,70.12,0
11107.0,358,69.92,0
11108.0,359,70.12,1
11113.0,360,70.31,1
11119.0,361,70.51,1
11128.0,362,70.70,1
11129.0,363,70.90,1
11133.0,362,70.70,0
11133.0,361,70.51,0
11133.0,360,70.31,0
11133.0,359,70.12,0
11133.0,358,69.92,0
11133.0,357,69.73,0
11133.0,356,69.53,0
11133.0,355,69.34,0
11138.0,356,69.53,1
11139.0,357,69.73,1
11140.0,356,69.53,0
11140.0,355,69.34,0
11140.0,354,69.14,0
11140.0,353,68.95,0
11140.0,352,68.75,0
11140.0,351,68.55,0
11140.0,350,68.36,0
11140.0,349,68.16,0
11143.0,350,68.36,1
11144.0,351,68.55,1
11148.0,352,68.75,1
11153.0,353,68.95,1
11154.0,354,69.14,1
11155.0,355,69.34,1
11158.0,356,69.53,1
11159.0,357,69.73,1
11160.0,358,69.92,1
11163.0,359,70.12,1
11165.0,360,70.31,1
11169.0,361,70.51,1
11170.0,362,70.70,1
11173.0,363,70.90,1
11174.0,364,71.09,1
11175.0,365,71.29,1
11179.0,364,71.09,0
11179.0,363,70.90,0
11179.0,362,70.70,0
11179.0,361,70.51,0
11179.0,360,70.31,0
11179.0,359,70.12,0
11179.0,358,69.92,0
11179.0,357,69.73,0
11180.0,358,69.92,1
11183.0,357,69.73,0
11183.0,356,69.53,0
11183.0,355,69.34,0
11183.0,354,69.14,0
11183.0,353,68.95,0
11183.0,352,68.75,0
11183.0,351,68.55,0
11183.0,350,68.36,0
11185.0,351,68.55,1
11190.0,352,68.75,1
11200.0,353,68.95,1
11205.0,354,69.14,1
11210.0,355,69.34,1
11215.0,356,69.53,1
11220.0,357,69.73,1
11225.0,358,69.92,1
11230.0,357,69.73,0
11230.0,356,69.53,0
11230.0,355,69.34,0
11230.0,354,69.14,0
11230.0,353,68.95,0
11230.0,352,68.75,0
11230.0,351,68.55,0
11230.0,350,68.36,0
11235.0,351,68.55,1
11240.0,352,68.75,1
11245.0,351,68.55,0
11245.0,350,68.36,0
11245.0,349,68.16,0
11245.0,348,67.97,0
11245.0,347,67.77,0
11245.0,346,67.58,0
11245.0,345,67.38,0
11245.0,344,67.19,0
11250.0,345,67.38,1
11255.0,346,67.58,1
11260.0,347,67.77,1
11265.0,348,67.97,1
11270.0,349,68.16,1
11275.0,350,68.36,1
11280.0,349,68.16,0
11280.0,348,67.97,0
11280.0,347,67.77,0
11280.0,346,67.58,0
11280.0,345,67.38,0
11280.0,344,67.19,0
11280.0,343,66.99,0
11280.0,342,66.80,0
11285.0,343,66.99,1
11286.0,342,66.80,0
11286.0,341,66.60,0
11286.0,340,66.41,0
11286.0,339,66.21,0
11286.0,338,66.02,0
11286.0,337,65.82,0
11286.0,336,65.62,0
11286.0,335,65.43,0
11290.0,336,65.62,1
11292.0,337,65.82,1
11295.0,338,66.02,1
11300.0,339,66.21,1
11302.0,340,66.41,1
11305.0,341,66.60,1
11307.0,340,66.41,0
11307.0,339,66.21,0
11307.0,338,66.02,0
11307.0,337,65.82,0
11307.0,336,65.62,0
11307.0,335,65.43,0
11307.0,334,65.23,0
11307.0,333,65.04,0
11310.0,334,65.23,1
11315.0,335,65.43,1
11317.0,336,65.62,1
11320.0,337,65.82,1
11322.0,338,66.02,1
11325.0,339,66.21,1
11327.0,340,66.41,1
11330.0,341,66.60,1
11332.0,342,66.80,1
11337.0,343,66.99,1
11342.0,344,67.19,1
11347.0,345,67.38,1
11352.0,346,67.58,1
11357.0,347,67.77,1
11362.0,348,67.97,1
11367.0,349,68.16,1
11372.0,350,68.36,1
11377.0,349,68.16,0
11377.0,348,67.97,0
11377.0,347,67.77,0
11377.0,346,67.58,0
11377.0,345,67.38,0
11377.0,344,67.19,0
11377.0,343,66.99,0
11377.0,342,66.80,0
11382.0,343,66.99,1
11387.0,344,67.19,1
11388.0,343,66.99,0
11388.0,342,66.80,0
11388.0,341,66.60,0
11388.0,340,66.41,0
11388.0,339,66.21,0
11388.0,338,66.02,0
11388.0,337,65.82,0
11388.0,336,65.62,0
11392.0,337,65.82,1
11397.0,338,66.02,1
11402.0,339,66.21,1
11407.0,340,66.41,1
11412.0,341,66.60,1
11417.0,342,66.80,1
11422.0,343,66.99,1
11427.0,344,67.19,1
11437.0,345,67.38,1
11442.0,346,67.58,1
11447.0,347,67.77,1
11452.0,348,67.97,1
11457.0,349,68.16,1
11462.0,350,68.36,1
11467.0,351,68.55,1
11472.0,352,68.75,1
11473.0,353,68.95,1
11477.0,354,69.14,1
11478.0,355,69.34,1
11482.0,356,69.53,1
11487.0,357,69.73,1
11488.0,358,69.92,1
11492.0,359,70.12,1
11493.0,360,70.31,1
11497.0,361,70.51,1
11498.0,362,70.70,1
11502.0,363,70.90,1
11503.0,364,71.09,1
11507.0,365,71.29,1
11508.0,366,71.48,1
11512.0,367,71.68,1
11513.0,368,71.88,1
11518.0,369,72.07,1
11523.0,370,72.27,1
11528.0,371,72.46,1
11533.0,372,72.66,1
11534.0,373,72.85,1
11538.0,374,73.05,1
11539.0,375,73.24,1
11543.0,376,73.44,1
11544.0,377,73.63,1
11548.0,378,73.83,1
11549.0,379,74.02,1
11553.0,380,74.22,1
11554.0,381,74.41,1
11559.0,382,74.61,1
11564.0,383,74.80,1
11566.0,384,75.00,1
11569.0,385,75.20,1
11571.0,386,75.39,1
11576.0,387,75.59,1
11581.0,388,75.78,1
11586.0,389,75.98,1
11591.0,390,76.17,1
11596.0,391,76.37,1
11598.0,392,76.56,1
11601.0,393,76.76,1
11603.0,394,76.95,1
11608.0,395,77.15,1
11613.0,396,77.34,1
11618.0,397,77.54,1
11623.0,398,77.73,1
11628.0,399,77.93,1
11630.0,400,78.12,1
11633.0,401,78.32,1
11635.0,402,78.52,1
11640.0,403,78.71,1
11645.0,404,78.91,1
11650.0,405,79.10,1
11655.0,406,79.30,1
11660.0,407,79.49,1
11665.0,408,79.69,1
11671.0,407,79.49,0
11671.0,406,79.30,0
11671.0,405,79.10,0
11671.0,404,78.91,0
11671.0,403,78.71,0
11671.0,402,78.52,0
11671.0,401,78.32,0
11671.0,400,78.12,0
11694.0,401,78.32,1
11699.0,402,78.52,1
11704.0,403,78.71,1
11709.0,404,78.91,1
11714.0,405,79.10,1
11719.0,406,79.30,1
11724.0,407,79.49,1
11726.0,408,79.69,1
11729.0,409,79.88,1
11731.0,410,80.08,1
11733.0,409,79.88,0
11733.0,408,79.69,0
11733.0,407,79.49,0
11733.0,406,79.30,0
11733.0,405,79.10,0
11733.0,404,78.91,0
11733.0,403,78.71,0
11733.0,402,78.52,0
11741.0,403,78.71,1
11746.0,404,78.91,1
11751.0,405,79.10,1
11756.0,406,79.30,1
11758.0,407,79.49,1
11761.0,408,79.69,1
11763.0,409,79.88,1
11766.0,410,80.08,1
11768.0,411,80.27,1
11773.0,412,80.47,1
11775.0,411,80.27,0
11775.0,410,80.08,0
11775.0,409,79.88,0
11775.0,408,79.69,0
11775.0,407,79.49,0
11775.0,406,79.30,0
11775.0,405,79.10,0
11775.0,404,78.91,0
11778.0,405,79.10,1
11788.0,406,79.30,1
11793.0,405,79.10,0
11793.0,404,78.91,0
11793.0,403,78.71,0
11793.0,402,78.52,0
11793.0,401,78.32,0
11793.0,400,78.12,0
11793.0,399,77.93,0
11793.0,398,77.73,0
11798.0,399,77.93,1
11803.0,400,78.12,1
11808.0,401,78.32,1
11813.0,402,78.52,1
11818.0,403,78.71,1
11822.0,404,78.91,1
11823.0,405,79.10,1
11827.0,406,79.30,1
11828.0,405,79.10,0
11828.0,404,78.91,0
11828.0,403,78.71,0
11828.0,402,78.52,0
11828.0,401,78.32,0
11828.0,400,78.12,0
11828.0,399,77.93,0
11828.0,398,77.73,0
11828.0,399,77.93,1
11833.0,398,77.73,0
11833.0,397,77.54,0
11833.0,396,77.34,0
11833.0,395,77.15,0
11833.0,394,76.95,0
11833.0,393,76.76,0
11833.0,392,76.56,0
11833.0,391,76.37,0
11833.0,392,76.56,1
11837.0,393,76.76,1
11838.0,394,76.95,1
11843.0,395,77.15,1
11847.0,396,77.34,1
11849.0,395,77.15,0
11849.0,394,76.95,0
11849.0,393,76.76,0
11849.0,392,76.56,0
11849.0,391,76.37,0
11849.0,390,76.17,0
11849.0,389,75.98,0
11849.0,388,75.78,0
11852.0,389,75.98,1
11862.0,390,76.17,1
11867.0,391,76.37,1
11868.0,390,76.17,0
11868.0,389,75.98,0
11868.0,388,75.78,0
11868.0,387,75.59,0
11868.0,386,75.39,0
11868.0,385,75.20,0
11868.0,384,75.00,0
11868.0,383,74.80,0
11872.0,384,75.00,1
11873.5,383,74.80,0
11873.5,382,74.61,0
11873.5,381,74.41,0
11873.5,380,74.22,0
11873.5,379,74.02,0
11873.5,378,73.83,0
11873.5,377,73.63,0
11873.5,376,73.44,0
11887.0,375,73.24,0
11887.0,374,73.05,0
11887.0,373,72.85,0
11887.0,372,72.66,0
11887.0,371,72.46,0
11887.0,370,72.27,0
11887.0,369,72.07,0
11887.0,368,71.88,0
11892.0,369,72.07,1
11897.0,370,72.27,1
11902.0,369,72.07,0
11902.0,368,71.88,0
11902.0,367,71.68,0
11902.0,366,71.48,0
11902.0,365,71.29,0
11902.0,364,71.09,0
11902.0,363,70.90,0
11902.0,362,70.70,0
11907.0,363,70.90,1
11912.0,364,71.09,1
11917.0,365,71.29,1
11918.0,366,71.48,1
11922.0,367,71.68,1
11924.0,366,71.48,0
11924.0,365,71.29,0
11924.0,364,71.09,0
11924.0,363,70.90,0
11924.0,362,70.70,0
11924.0,361,70.51,0
11924.0,360,70.31,0
11924.0,359,70.12,0
11924.0,360,70.31,1
11927.0,361,70.51,1
11932.0,362,70.70,1
11939.0,363,70.90,1
11947.0,362,70.70,0
11947.0,361,70.51,0
11947.0,360,70.31,0
11947.0,359,70.12,0
11947.0,358,69.92,0
11947.0,357,69.73,0
11947.0,356,69.53,0
11947.0,355,69.34,0
11949.0,356,69.53,1
11952.0,355,69.34,0
11952.0,354,69.14,0
11952.0,353,68.95,0
11952.0,352,68.75,0
11952.0,351,68.55,0
11952.0,350,68.36,0
11952.0,349,68.16,0
11952.0,348,67.97,0
11954.0,349,68.16,1
11959.0,350,68.36,1
11964.0,351,68.55,1
11969.0,352,68.75,1
11973.0,351,68.55,0
11973.0,350,68.36,0
11973.0,349,68.16,0
11973.0,348,67.97,0
11973.0,347,67.77,0
11973.0,346,67.58,0
11973.0,345,67.38,0
11973.0,344,67.19,0
11985.5,343,66.99,0
11985.5,342,66.80,0
11985.5,341,66.60,0
11985.5,340,66.41,0
11985.5,339,66.21,0
11985.5,338,66.02,0
11985.5,337,65.82,0
11985.5,336,65.62,0
11992.5,337,65.82,1
11997.5,338,66.02,1
12002.5,339,66.21,1
12007.5,340,66.41,1
12012.5,341,66.60,1
12014.0,342,66.80,1
12017.5,343,66.99,1
12022.0,342,66.80,0
12022.0,341,66.60,0
12022.0,340,66.41,0
12022.0,339,66.21,0
12022.0,338,66.02,0
12022.0,337,65.82,0
12022.0,336,65.62,0
12022.0,335,65.43,0
12022.5,336,65.62,1
12024.0,337,65.82,1
12027.5,338,66.02,1
12029.0,339,66.21,1
12034.0,340,66.41,1
12039.0,341,66.60,1
12044.0,342,66.80,1
12044.0,341,66.60,0
12044.0,340,66.41,0
12044.0,339,66.21,0
12044.0,338,66.02,0
12044.0,337,65.82,0
12044.0,336,65.62,0
12044.0,335,65.43,0
12044.0,334,65.23,0
12049.0,335,65.43,1
12051.0,336,65.62,1
12054.0,337,65.82,1
12057.0,336,65.62,0
12057.0,335,65.43,0
12057.0,334,65.23,0
12057.0,333,65.04,0
12057.0,332,64.84,0
12057.0,331,64.65,0
12057.0,330,64.45,0
12057.0,329,64.26,0
12057.0,330,64.45,1
12067.0,331,64.65,1
12072.0,332,64.84,1
12077.0,333,65.04,1
12077.5,332,64.84,0
12077.5,331,64.65,0
12077.5,330,64.45,0
12077.5,329,64.26,0
12077.5,328,64.06,0
12077.5,327,63.87,0
12077.5,326,63.67,0
12077.5,325,63.48,0
12082.0,326,63.67,1
12086.5,327,63.87,1
12087.0,328,64.06,1
12091.5,329,64.26,1
12096.5,330,64.45,1
12097.0,331,64.65,1
12101.5,332,64.84,1
12106.5,333,65.04,1
12110.0,334,65.23,1
12111.5,335,65.43,1
12115.0,334,65.23,0
12115.0,333,65.04,0
12115.0,332,64.84,0
12115.0,331,64.65,0
12115.0,330,64.45,0
12115.0,329,64.26,0
12115.0,328,64.06,0
12115.0,327,63.87,0
12116.5,328,64.06,1
12120.0,329,64.26,1
12120.5,328,64.06,0
12120.5,327,63.87,0
12120.5,326,63.67,0
12120.5,325,63.48,0
12120.5,324,63.28,0
12120.5,323,63.09,0
12120.5,322,62.89,0
12120.5,321,62.70,0
12121.5,322,62.89,1
12122.5,321,62.70,0
12122.5,320,62.50,0
12122.5,319,62.30,0
12122.5,318,62.11,0
12122.5,317,61.91,0
12122.5,316,61.72,0
12122.5,315,61.52,0
12122.5,314,61.33,0
12130.0,315,61.52,1
12135.0,316,61.72,1
12140.0,317,61.91,1
12142.0,318,62.11,1
12145.0,319,62.30,1
12147.0,320,62.50,1
12150.0,321,62.70,1
12152.0,322,62.89,1
12155.0,323,63.09,1
12157.0,324,63.28,1
12162.0,325,63.48,1
12167.0,326,63.67,1
12171.5,325,63.48,0
12171.5,324,63.28,0
12171.5,323,63.09,0
12171.5,322,62.89,0
12171.5,321,62.70,0
12171.5,320,62.50,0
12171.5,319,62.30,0
12171.5,318,62.11,0
12172.0,319,62.30,1
12177.0,320,62.50,1
12213.0,319,62.30,0
12213.0,318,62.11,0
12213.0,317,61.91,0
12213.0,316,61.72,0
12213.0,315,61.52,0
12213.0,314,61.33,0
12213.0,313,61.13,0
12213.0,312,60.94,0
12238.0,313,61.13,1
12243.0,314,61.33,1
12248.0,315,61.52,1
12253.0,316,61.72,1
12258.0,317,61.91,1
12263.0,318,62.11,1
12268.0,319,62.30,1
12270.0,320,62.50,1
12273.0,321,62.70,1
12275.0,322,62.89,1
12280.0,323,63.09,1
12285.0,324,63.28,1
12290.0,325,63.48,1
12295.0,326,63.67,1
12300.0,327,63.87,1
12302.0,328,64.06,1
12305.0,329,64.26,1
12307.0,330,64.45,1
12312.0,331,64.65,1
12317.0,332,64.84,1
12322.0,333,65.04,1
12327.0,334,65.23,1
12332.0,335,65.43,1
12337.0,336,65.62,1
12342.0,337,65.82,1
12347.0,338,66.02,1
12352.0,339,66.21,1
12357.0,340,66.41,1
12362.0,341,66.60,1
12366.0,342,66.80,1
12367.0,343,66.99,1
12371.0,344,67.19,1
12372.0,345,67.38,1
12376.0,346,67.58,1
12377.0,347,67.77,1
12381.0,348,67.97,1
12386.0,349,68.16,1
12391.0,350,68.36,1
12396.0,351,68.55,1
12401.0,352,68.75,1
12406.0,353,68.95,1
12411.0,354,69.14,1
12416.0,355,69.34,1
12421.0,356,69.53,1
12426.0,357,69.73,1
12430.0,358,69.92,1
12431.0,359,70.12,1
12435.0,360,70.31,1
12436.0,361,70.51,1
12440.0,362,70.70,1
12441.0,363,70.90,1
12445.0,364,71.09,1
12450.0,365,71.29,1
12455.0,366,71.48,1
12460.0,367,71.68,1
12465.0,368,71.88,1
12470.0,369,72.07,1
12475.0,370,72.27,1
12480.0,371,72.46,1
12485.0,372,72.66,1
12490.0,373,72.85,1
12494.0,374,73.05,1
12495.0,375,73.24,1
12499.0,376,73.44,1
12500.0,377,73.63,1
12504.0,378,73.83,1
12505.0,379,74.02,1
12509.0,380,74.22,1
12511.0,379,74.02,0
12511.0,378,73.83,0
12511.0,377,73.63,0
12511.0,376,73.44,0
12511.0,375,73.24,0
12511.0,374,73.05,0
12511.0,373,72.85,0
12511.0,372,72.66,0
12514.0,373,72.85,1
12524.0,374,73.05,1
12529.0,375,73.24,1
12534.0,376,73.44,1
12558.0,377,73.63,1
12563.0,378,73.83,1
12568.0,379,74.02,1
12572.0,378,73.83,0
12572.0,377,73.63,0
12572.0,376,73.44,0
12572.0,375,73.24,0
12572.0,374,73.05,0
12572.0,373,72.85,0
12572.0,372,72.66,0
12572.0,371,72.46,0
12573.0,372,72.66,1
12583.0,373,72.85,1
12588.0,374,73.05,1
12590.0,375,73.24,1
12593.0,376,73.44,1
12595.0,377,73.63,1
12598.0,378,73.83,1
12600.0,379,74.02,1
12605.0,380,74.22,1
12610.0,381,74.41,1
12613.5,380,74.22,0
12613.5,379,74.02,0
12613.5,378,73.83,0
12613.5,377,73.63,0
12613.5,376,73.44,0
12613.5,375,73.24,0
12613.5,374,73.05,0
12613.5,373,72.85,0
12615.0,374,73.05,1
12620.0,373,72.85,0
12620.0,372,72.66,0
12620.0,371,72.46,0
12620.0,370,72.27,0
12620.0,369,72.07,0
12620.0,368,71.88,0
12620.0,367,71.68,0
12620.0,366,71.48,0
12625.0,367,71.68,1
12630.0,368,71.88,1
12654.0,369,72.07,1
12659.0,370,72.27,1
12664.0,371,72.46,1
12665.5,370,72.27,0
12665.5,369,72.07,0
12665.5,368,71.88,0
12665.5,367,71.68,0
12665.5,366,71.48,0
12665.5,365,71.29,0
12665.5,364,71.09,0
12665.5,363,70.90,0
12674.0,364,71.09,1
12679.0,363,70.90,0
12679.0,362,70.70,0
12679.0,361,70.51,0
12679.0,360,70.31,0
12679.0,359,70.12,0
12679.0,358,69.92,0
12679.0,357,69.73,0
12679.0,356,69.53,0
12684.0,357,69.73,1
12688.0,356,69.53,0
12688.0,355,69.34,0
12688.0,354,69.14,0
12688.0,353,68.95,0
12688.0,352,68.75,0
12688.0,351,68.55,0
12688.0,350,68.36,0
12688.0,349,68.16,0
12689.0,350,68.36,1
12694.0,351,68.55,1
12704.0,352,68.75,1
12705.0,351,68.55,0
12705.0,350,68.36,0
12705.0,349,68.16,0
12705.0,348,67.97,0
12705.0,347,67.77,0
12705.0,346,67.58,0
12705.0,345,67.38,0
12705.0,344,67.19,0
12709.0,345,67.38,1
12712.0,344,67.19,0
12712.0,343,66.99,0
12712.0,342,66.80,0
12712.0,341,66.60,0
12712.0,340,66.41,0
12712.0,339,66.21,0
12712.0,338,66.02,0
12712.0,337,65.82,0
12714.0,338,66.02,1
12719.0,339,66.21,1
12722.0,340,66.41,1
12723.0,339,66.21,0
12723.0,338,66.02,0
12723.0,337,65.82,0
12723.0,336,65.62,0
12723.0,335,65.43,0
12723.0,334,65.23,0
12723.0,333,65.04,0
12723.0,332,64.84,0
12729.0,333,65.04,1
12732.0,334,65.23,1
12737.0,335,65.43,1
12739.0,336,65.62,1
12744.0,337,65.82,1
12747.0,338,66.02,1
12749.0,339,66.21,1
12752.0,340,66.41,1
12757.0,341,66.60,1
12761.0,340,66.41,0
12761.0,339,66.21,0
12761.0,338,66.02,0
12761.0,337,65.82,0
12761.0,336,65.62,0
12761.0,335,65.43,0
12761.0,334,65.23,0
12761.0,333,65.04,0
12762.0,334,65.23,1
12764.0,335,65.43,1
12767.0,336,65.62,1
12769.0,335,65.43,0
12769.0,334,65.23,0
12769.0,333,65.04,0
12769.0,332,64.84,0
12769.0,331,64.65,0
12769.0,330,64.45,0
12769.0,329,64.26,0
12769.0,328,64.06,0
12770.0,327,63.87,0
12770.0,326,63.67,0
12770.0,325,63.48,0
12770.0,324,63.28,0
12770.0,323,63.09,0
12770.0,322,62.89,0
12770.0,321,62.70,0
12770.0,320,62.50,0
12774.0,321,62.70,1
12775.0,320,62.50,0
12775.0,319,62.30,0
12775.0,318,62.11,0
12775.0,317,61.91,0
12775.0,316,61.72,0
12775.0,315,61.52,0
12775.0,314,61.33,0
12775.0,313,61.13,0
12779.0,314,61.33,1
12784.0,315,61.52,1
12785.0,316,61.72,1
12790.0,317,61.91,1
12794.0,318,62.11,1
12795.0,319,62.30,1
12800.0,320,62.50,1
12805.0,321,62.70,1
12809.0,322,62.89,1
12810.0,323,63.09,1
12814.0,324,63.28,1
12815.0,325,63.48,1
12818.0,326,63.67,1
12819.0,327,63.87,1
12820.0,328,64.06,1
12823.0,329,64.26,1
12825.0,328,64.06,0
12825.0,327,63.87,0
12825.0,326,63.67,0
12825.0,325,63.48,0
12825.0,324,63.28,0
12825.0,323,63.09,0
12825.0,322,62.89,0
12825.0,321,62.70,0
12826.0,320,62.50,0
12826.0,319,62.30,0
12826.0,318,62.11,0
12826.0,317,61.91,0
12826.0,316,61.72,0
12826.0,315,61.52,0
12826.0,314,61.33,0
12826.0,313,61.13,0
12828.0,314,61.33,1
12829.0,315,61.52,1
12838.0,316,61.72,1
12843.0,317,61.91,1
12848.0,318,62.11,1
12849.0,319,62.30,1
12853.0,320,62.50,1
12854.0,321,62.70,1
12857.0,320,62.50,0
12857.0,319,62.30,0
12857.0,318,62.11,0
12857.0,317,61.91,0
12857.0,316,61.72,0
12857.0,315,61.52,0
12857.0,314,61.33,0
12857.0,313,61.13,0
12858.0,314,61.33,1
12859.0,315,61.52,1
12869.0,316,61.72,1
12874.0,317,61.91,1
12878.0,318,62.11,1
12879.0,319,62.30,1
12883.0,320,62.50,1
12884.0,321,62.70,1
12885.0,320,62.50,0
12885.0,319,62.30,0
12885.0,318,62.11,0
12885.0,317,61.91,0
12885.0,316,61.72,0
12885.0,315,61.52,0
12885.0,314,61.33,0
12885.0,313,61.13,0
12889.0,314,61.33,1
12893.0,315,61.52,1
12894.0,314,61.33,0
12894.0,313,61.13,0
12894.0,312,60.94,0
12894.0,311,60.74,0
12894.0,310,60.55,0
12894.0,309,60.35,0
12894.0,308,60.16,0
12894.0,307,59.96,0
12898.0,308,60.16,1
12908.0,309,60.35,1
12913.0,310,60.55,1
12918.0,311,60.74,1
12923.0,312,60.94,1
12928.0,311,60.74,0
12928.0,310,60.55,0
12928.0,309,60.35,0
12928.0,308,60.16,0
12928.0,307,59.96,0
12928.0,306,59.77,0
12928.0,305,59.57,0
12928.0,304,59.38,0
12942.0,305,59.57,1
12947.0,306,59.77,1
12952.0,307,59.96,1
12953.0,306,59.77,0
12953.0,305,59.57,0
12953.0,304,59.38,0
12953.0,303,59.18,0
12953.0,302,58.98,0
12953.0,301,58.79,0
12953.0,300,58.59,0
12953.0,299,58.40,0
12957.0,300,58.59,1
12960.0,299,58.40,0
12960.0,298,58.20,0
12960.0,297,58.01,0
12960.0,296,57.81,0
12960.0,295,57.62,0
12960.0,294,57.42,0
12960.0,293,57.23,0
12960.0,292,57.03,0
12967.0,293,57.23,1
12977.0,294,57.42,1
12982.0,295,57.62,1
12987.0,296,57.81,1
12992.0,297,58.01,1
12997.0,298,58.20,1
13002.0,299,58.40,1
13007.0,300,58.59,1
13011.0,299,58.40,0
13011.0,298,58.20,0
13011.0,297,58.01,0
13011.0,296,57.81,0
13011.0,295,57.62,0
13011.0,294,57.42,0
13011.0,293,57.23,0
13011.0,292,57.03,0
13012.0,293,57.23,1
13017.0,294,57.42,1
13022.0,295,57.62,1
13027.0,296,57.81,1
13032.0,297,58.01,1
13037.0,298,58.20,1
13040.0,299,58.40,1
13045.0,300,58.59,1
13047.0,301,58.79,1
13050.0,302,58.98,1
13052.0,303,59.18,1
13055.0,304,59.38,1
13057.0,305,59.57,1
13062.0,306,59.77,1
13065.0,307,59.96,1
13067.0,308,60.16,1
13070.0,309,60.35,1
13072.0,310,60.55,1
13075.0,311,60.74,1
13080.0,312,60.94,1
13082.0,311,60.74,0
13082.0,310,60.55,0
13082.0,309,60.35,0
13082.0,308,60.16,0
13082.0,307,59.96,0
13082.0,306,59.77,0
13082.0,305,59.57,0
13082.0,304,59.38,0
13085.0,305,59.57,1
13090.0,306,59.77,1
13095.0,307,59.96,1
13100.0,308,60.16,1
13102.0,309,60.35,1
13105.0,310,60.55,1
13107.0,311,60.74,1
13110.0,312,60.94,1
13112.0,313,61.13,1
13115.0,314,61.33,1
13117.0,315,61.52,1
13120.0,316,61.72,1
13122.0,317,61.91,1
13127.0,318,62.11,1
13132.0,319,62.30,1
13134.0,320,62.50,1
13137.0,321,62.70,1
13139.0,322,62.89,1
13144.0,323,63.09,1
13149.0,324,63.28,1
13154.0,325,63.48,1
13159.0,326,63.67,1
13164.0,327,63.87,1
13166.0,328,64.06,1
13169.0,329,64.26,1
13171.0,330,64.45,1
13176.0,331,64.65,1
13181.0,332,64.84,1
13186.0,333,65.04,1
13191.0,334,65.23,1
13196.0,335,65.43,1
13201.0,336,65.62,1
13206.0,337,65.82,1
13211.0,338,66.02,1
13216.0,339,66.21,1
13221.0,340,66.41,1
13226.0,341,66.60,1
13230.0,342,66.80,1
13231.0,343,66.99,1
13235.0,344,67.19,1
13236.0,345,67.38,1
13240.0,346,67.58,1
13241.0,347,67.77,1
13245.0,348,67.97,1
13250.0,349,68.16,1
13255.0,350,68.36,1
13260.0,351,68.55,1
13262.0,352,68.75,1
13265.0,353,68.95,1
13267.0,354,69.14,1
13272.0,355,69.34,1
13277.0,356,69.53,1
13282.0,357,69.73,1
13287.0,358,69.92,1
13292.0,359,70.12,1
13294.0,360,70.31,1
13297.0,361,70.51,1
13299.0,362,70.70,1
13304.0,363,70.90,1
13309.0,364,71.09,1
13314.0,365,71.29,1
13319.0,366,71.48,1
13324.0,367,71.68,1
13326.0,368,71.88,1
13329.0,369,72.07,1
13331.0,370,72.27,1
13336.0,371,72.46,1
13341.0,372,72.66,1
13346.0,373,72.85,1
13349.5,372,72.66,0
13349.5,371,72.46,0
13349.5,370,72.27,0
13349.5,369,72.07,0
13349.5,368,71.88,0
13349.5,367,71.68,0
13349.5,366,71.48,0
13349.5,365,71.29,0
13351.0,366,71.48,1
13356.0,367,71.68,1
13361.5,368,71.88,1
13366.0,369,72.07,1
13366.5,370,72.27,1
13371.5,371,72.46,1
13376.5,372,72.66,1
13381.5,373,72.85,1
13386.5,374,73.05,1
13391.5,375,73.24,1
13396.5,376,73.44,1
13411.0,375,73.24,0
13411.0,374,73.05,0
13411.0,373,72.85,0
13411.0,372,72.66,0
13411.0,371,72.46,0
13411.0,370,72.27,0
13411.0,369,72.07,0
13411.0,368,71.88,0
13423.0,369,72.07,1
13428.0,370,72.27,1
13433.0,371,72.46,1
13438.0,372,72.66,1
13443.0,373,72.85,1
13448.0,374,73.05,1
13453.0,375,73.24,1
13453.0,374,73.05,0
13453.0,373,72.85,0
13453.0,372,72.66,0
13453.0,371,72.46,0
13453.0,370,72.27,0
13453.0,369,72.07,0
13453.0,368,71.88,0
13453.0,367,71.68,0
13456.0,368,71.88,1
13458.0,369,72.07,1
13466.0,370,72.27,1
13473.0,369,72.07,0
13473.0,368,71.88,0
13473.0,367,71.68,0
13473.0,366,71.48,0
13473.0,365,71.29,0
13473.0,364,71.09,0
13473.0,363,70.90,0
13473.0,362,70.70,0
13476.0,363,70.90,1
13481.0,364,71.09,1
13486.0,365,71.29,1
13491.0,366,71.48,1
13496.0,367,71.68,1
13501.0,368,71.88,1
13506.0,367,71.68,0
13506.0,366,71.48,0
13506.0,365,71.29,0
13506.0,364,71.09,0
13506.0,363,70.90,0
13506.0,362,70.70,0
13506.0,361,70.51,0
13506.0,360,70.31,0
13511.0,359,70.12,0
13511.0,358,69.92,0
13511.0,357,69.73,0
13511.0,356,69.53,0
13511.0,355,69.34,0
13511.0,354,69.14,0
13511.0,353,68.95,0
13511.0,352,68.75,0
13519.0,353,68.95,1
13524.0,354,69.14,1
13527.0,353,68.95,0
13527.0,352,68.75,0
13527.0,351,68.55,0
13527.0,350,68.36,0
13527.0,349,68.16,0
13527.0,348,67.97,0
13527.0,347,67.77,0
13527.0,346,67.58,0
13529.0,347,67.77,1
13539.0,348,67.97,1
13544.0,349,68.16,1
13544.0,348,67.97,0
13544.0,347,67.77,0
13544.0,346,67.58,0
13544.0,345,67.38,0
13544.0,344,67.19,0
13544.0,343,66.99,0
13544.0,342,66.80,0
13544.0,341,66.60,0
13549.0,342,66.80,1
13550.0,341,66.60,0
13550.0,340,66.41,0
13550.0,339,66.21,0
13550.0,338,66.02,0
13550.0,337,65.82,0
13550.0,336,65.62,0
13550.0,335,65.43,0
13550.0,334,65.23,0
13554.0,335,65.43,1
13558.0,336,65.62,1
13563.0,337,65.82,1
13564.0,338,66.02,1
13565.0,337,65.82,0
13565.0,336,65.62,0
13565.0,335,65.43,0
13565.0,334,65.23,0
13565.0,333,65.04,0
13565.0,332,64.84,0
13565.0,331,64.65,0
13565.0,330,64.45,0
13573.0,331,64.65,1
13573.5,330,64.45,0
13573.5,329,64.26,0
13573.5,328,64.06,0
13573.5,327,63.87,0
13573.5,326,63.67,0
13573.5,325,63.48,0
13573.5,324,63.28,0
13573.5,323,63.09,0
13578.0,324,63.28,1
13583.0,325,63.48,1
13589.0,326,63.67,1
13593.0,327,63.87,1
13594.0,328,64.06,1
13598.0,329,64.26,1
13599.0,330,64.45,1
13600.0,329,64.26,0
13600.0,328,64.06,0
13600.0,327,63.87,0
13600.0,326,63.67,0
13600.0,325,63.48,0
13600.0,324,63.28,0
13600.0,323,63.09,0
13600.0,322,62.89,0
13603.0,323,63.09,1
13604.0,324,63.28,1
13609.0,325,63.48,1
13613.0,324,63.28,0
13613.0,323,63.09,0
13613.0,322,62.89,0
13613.0,321,62.70,0
13613.0,320,62.50,0
13613.0,319,62.30,0
13613.0,318,62.11,0
13613.0,317,61.91,0
13617.0,318,62.11,1
13618.0,317,61.91,0
13618.0,316,61.72,0
13618.0,315,61.52,0
13618.0,314,61.33,0
13618.0,313,61.13,0
13618.0,312,60.94,0
13618.0,311,60.74,0
13618.0,310,60.55,0
13619.0,311,60.74,1
13622.0,312,60.94,1
13627.0,313,61.13,1
13629.0,312,60.94,0
13629.0,311,60.74,0
13629.0,310,60.55,0
13629.0,309,60.35,0
13629.0,308,60.16,0
13629.0,307,59.96,0
13629.0,306,59.77,0
13629.0,305,59.57,0
13632.0,306,59.77,1
13634.0,307,59.96,1
13637.0,308,60.16,1
13639.0,309,60.35,1
13642.0,310,60.55,1
13647.0,311,60.74,1
13649.0,312,60.94,1
13652.0,313,61.13,1
13654.0,314,61.33,1
13662.0,313,61.13,0
13662.0,312,60.94,0
13662.0,311,60.74,0
13662.0,310,60.55,0
13662.0,309,60.35,0
13662.0,308,60.16,0
13662.0,307,59.96,0
13662.0,306,59.77,0
13664.0,307,59.96,1
13664.0,306,59.77,0
13664.0,305,59.57,0
13664.0,304,59.38,0
13664.0,303,59.18,0
13664.0,302,58.98,0
13664.0,301,58.79,0
13664.0,300,58.59,0
13664.0,299,58.40,0
13669.0,300,58.59,1
13679.0,301,58.79,1
13684.0,302,58.98,1
13689.0,303,59.18,1
13694.0,304,59.38,1
13699.0,303,59.18,0
13699.0,302,58.98,0
13699.0,301,58.79,0
13699.0,300,58.59,0
13699.0,299,58.40,0
13699.0,298,58.20,0
13699.0,297,58.01,0
13699.0,296,57.81,0
13710.0,297,58.01,1
13715.0,298,58.20,1
13720.0,299,58.40,1
13723.0,298,58.20,0
13723.0,297,58.01,0
13723.0,296,57.81,0
13723.0,295,57.62,0
13723.0,294,57.42,0
13723.0,293,57.23,0
13723.0,292,57.03,0
13723.0,291,56.84,0
13725.0,292,57.03,1
13733.0,291,56.84,0
13733.0,290,56.64,0
13733.0,289,56.45,0
13733.0,288,56.25,0
13733.0,287,56.05,0
13733.0,286,55.86,0
13733.0,285,55.66,0
13733.0,284,55.47,0
13735.0,285,55.66,1
13745.0,286,55.86,1
13745.0,287,56.05,1
13750.0,288,56.25,1
13750.0,289,56.45,1
13755.0,290,56.64,1
13755.0,291,56.84,1
13760.0,292,57.03,1
13765.0,291,56.84,0
13765.0,290,56.64,0
13765.0,289,56.45,0
13765.0,288,56.25,0
13765.0,287,56.05,0
13765.0,286,55.86,0
13765.0,285,55.66,0
13765.0,284,55.47,0
13770.0,285,55.66,1
13775.0,286,55.86,1
13780.0,287,56.05,1
13785.0,288,56.25,1
13790.0,289,56.45,1
13795.0,290,56.64,1
13796.0,289,56.45,0
13796.0,288,56.25,0
13796.0,287,56.05,0
13796.0,286,55.86,0
13796.0,285,55.66,0
13796.0,284,55.47,0
13796.0,283,55.27,0
13796.0,282,55.08,0
13800.0,283,55.27,1
13802.0,282,55.08,0
13802.0,281,54.88,0
13802.0,280,54.69,0
13802.0,279,54.49,0
13802.0,278,54.30,0
13802.0,277,54.10,0
13802.0,276,53.91,0
13802.0,275,53.71,0
13805.0,276,53.91,1
13808.0,277,54.10,1
13810.0,278,54.30,1
13813.0,279,54.49,1
13815.0,280,54.69,1
13818.0,281,54.88,1
13823.0,282,55.08,1
13825.0,283,55.27,1
13828.0,284,55.47,1
13833.0,285,55.66,1
13835.0,286,55.86,1
13838.0,287,56.05,1
13838.0,288,56.25,1
13843.0,289,56.45,1
13843.0,290,56.64,1
13848.0,291,56.84,1
13853.0,290,56.64,0
13853.0,289,56.45,0
13853.0,288,56.25,0
13853.0,287,56.05,0
13853.0,286,55.86,0
13853.0,285,55.66,0
13853.0,284,55.47,0
13853.0,283,55.27,0
13853.0,284,55.47,1
13863.0,285,55.66,1
13868.0,286,55.86,1
13870.0,287,56.05,1
13873.0,288,56.25,1
13875.0,289,56.45,1
13878.0,290,56.64,1
13880.0,291,56.84,1
13885.0,292,57.03,1
13890.0,293,57.23,1
13891.5,292,57.03,0
13891.5,291,56.84,0
13891.5,290,56.64,0
13891.5,289,56.45,0
13891.5,288,56.25,0
13891.5,287,56.05,0
13891.5,286,55.86,0
13891.5,285,55.66,0
13895.0,286,55.86,1
13905.0,287,56.05,1
13910.0,288,56.25,1
13934.0,289,56.45,1
13939.0,290,56.64,1
13944.0,291,56.84,1
13949.0,292,57.03,1
13954.0,293,57.23,1
13959.0,294,57.42,1
13964.0,295,57.62,1
13969.0,296,57.81,1
13974.0,297,58.01,1
13979.0,298,58.20,1
13984.0,299,58.40,1
13989.0,300,58.59,1
13994.0,301,58.79,1
13998.0,302,58.98,1
13999.0,303,59.18,1
14003.0,304,59.38,1
14004.0,305,59.57,1
14008.0,306,59.77,1
14009.0,307,59.96,1
14013.0,308,60.16,1
14018.0,309,60.35,1
14023.0,310,60.55,1
14028.0,311,60.74,1
14033.0,312,60.94,1
14062.0,313,61.13,1
14067.0,314,61.33,1
14072.0,315,61.52,1
14077.0,316,61.72,1
14082.0,317,61.91,1
14087.0,318,62.11,1
14092.0,319,62.30,1
14097.0,320,62.50,1
14126.0,321,62.70,1
14131.0,322,62.89,1
14136.0,323,63.09,1
14141.0,324,63.28,1
14146.0,325,63.48,1
14151.0,326,63.67,1
14156.0,327,63.87,1
14158.0,328,64.06,1
14161.0,329,64.26,1
14163.0,330,64.45,1
14168.0,331,64.65,1
14173.0,332,64.84,1
14178.0,333,65.04,1
14183.0,334,65.23,1
14188.0,335,65.43,1
14189.0,334,65.23,0
14189.0,333,65.04,0
14189.0,332,64.84,0
14189.0,331,64.65,0
14189.0,330,64.45,0
14189.0,329,64.26,0
14189.0,328,64.06,0
14189.0,327,63.87,0
14193.0,328,64.06,1
14195.0,329,64.26,1
14200.0,330,64.45,1
14205.0,331,64.65,1
14210.0,332,64.84,1
14215.0,333,65.04,1
14220.0,334,65.23,1
14222.0,335,65.43,1
14225.0,336,65.62,1
14227.0,337,65.82,1
14230.0,338,66.02,1
14232.0,339,66.21,1
14237.0,340,66.41,1
14242.0,341,66.60,1
14247.0,342,66.80,1
14251.0,341,66.60,0
14251.0,340,66.41,0
14251.0,339,66.21,0
14251.0,338,66.02,0
14251.0,337,65.82,0
14251.0,336,65.62,0
14251.0,335,65.43,0
14251.0,334,65.23,0
14252.0,335,65.43,1
14257.0,336,65.62,1
14258.0,337,65.82,1
14263.0,338,66.02,1
14268.0,339,66.21,1
14273.0,340,66.41,1
14278.0,341,66.60,1
14283.0,342,66.80,1
14288.0,343,66.99,1
14292.0,342,66.80,0
14292.0,341,66.60,0
14292.0,340,66.41,0
14292.0,339,66.21,0
14292.0,338,66.02,0
14292.0,337,65.82,0
14292.0,336,65.62,0
14292.0,335,65.43,0
14293.0,336,65.62,1
14298.0,337,65.82,1
14298.0,336,65.62,0
14298.0,335,65.43,0
14298.0,334,65.23,0
14298.0,333,65.04,0
14298.0,332,64.84,0
14298.0,331,64.65,0
14298.0,330,64.45,0
14298.0,329,64.26,0
14303.0,330,64.45,1
14313.0,331,64.65,1
14323.0,332,64.84,1
14328.0,333,65.04,1
14333.0,334,65.23,1
14338.0,335,65.43,1
14343.0,336,65.62,1
14344.0,335,65.43,0
14344.0,334,65.23,0
14344.0,333,65.04,0
14344.0,332,64.84,0
14344.0,331,64.65,0
14344.0,330,64.45,0
14344.0,329,64.26,0
14344.0,328,64.06,0
14348.0,329,64.26,1
14353.0,330,64.45,1
14357.0,329,64.26,0
14357.0,328,64.06,0
14357.0,327,63.87,0
14357.0,326,63.67,0
14357.0,325,63.48,0
14357.0,324,63.28,0
14357.0,323,63.09,0
14357.0,322,62.89,0
14358.0,323,63.09,1
14362.0,324,63.28,1
14363.0,325,63.48,1
14367.0,326,63.67,1
14368.0,327,63.87,1
14372.0,328,64.06,1
14373.0,329,64.26,1
14378.0,330,64.45,1
14382.0,331,64.65,1
14382.0,332,64.84,1
14383.0,331,64.65,0
14383.0,330,64.45,0
14383.0,329,64.26,0
14383.0,328,64.06,0
14383.0,327,63.87,0
14383.0,326,63.67,0
14383.0,325,63.48,0
14383.0,324,63.28,0
14387.0,325,63.48,1
14388.0,326,63.67,1
14392.0,327,63.87,1
14392.0,328,64.06,1
14402.0,327,63.87,0
14402.0,326,63.67,0
14402.0,325,63.48,0
14402.0,324,63.28,0
14402.0,323,63.09,0
14402.0,322,62.89,0
14402.0,321,62.70,0
14402.0,320,62.50,0
14402.0,321,62.70,1
14403.0,320,62.50,0
14403.0,319,62.30,0
14403.0,318,62.11,0
14403.0,317,61.91,0
14403.0,316,61.72,0
14403.0,315,61.52,0
14403.0,314,61.33,0
14403.0,313,61.13,0
14407.0,314,61.33,1
14412.0,315,61.52,1
14412.0,314,61.33,0
14412.0,313,61.13,0
14412.0,312,60.94,0
14412.0,311,60.74,0
14412.0,310,60.55,0
14412.0,309,60.35,0
14412.0,308,60.16,0
14412.0,307,59.96,0
14417.0,308,60.16,1
14417.0,309,60.35,1
14422.0,310,60.55,1
14427.0,311,60.74,1
14427.0,310,60.55,0
14427.0,309,60.35,0
14427.0,308,60.16,0
14427.0,307,59.96,0
14427.0,306,59.77,0
14427.0,305,59.57,0
14427.0,304,59.38,0
14427.0,303,59.18,0
14437.0,304,59.38,1
14439.0,303,59.18,0
14439.0,302,58.98,0
14439.0,301,58.79,0
14439.0,300,58.59,0
14439.0,299,58.40,0
14439.0,298,58.20,0
14439.0,297,58.01,0
14439.0,296,57.81,0
14444.0,295,57.62,0
14444.0,294,57.42,0
14444.0,293,57.23,0
14444.0,292,57.03,0
14444.0,291,56.84,0
14444.0,290,56.64,0
14444.0,289,56.45,0
14444.0,288,56.25,0
14452.0,287,56.05,0
14452.0,286,55.86,0
14452.0,285,55.66,0
14452.0,284,55.47,0
14452.0,283,55.27,0
14452.0,282,55.08,0
14452.0,281,54.88,0
14452.0,280,54.69,0
14478.0,281,54.88,1
14483.0,282,55.08,1
14488.0,283,55.27,1
14491.0,282,55.08,0
14491.0,281,54.88,0
14491.0,280,54.69,0
14491.0,279,54.49,0
14491.0,278,54.30,0
14491.0,277,54.10,0
14491.0,276,53.91,0
14491.0,275,53.71,0
14493.0,276,53.91,1
14503.0,277,54.10,1
14503.0,276,53.91,0
14503.0,275,53.71,0
14503.0,274,53.52,0
14503.0,273,53.32,0
14503.0,272,53.12,0
14503.0,271,52.93,0
14503.0,270,52.73,0
14503.0,269,52.54,0
14508.0,270,52.73,1
14512.0,271,52.93,1
14517.0,272,53.12,1
14518.0,273,53.32,1
14522.0,274,53.52,1
14523.0,275,53.71,1
14527.0,276,53.91,1
14532.0,277,54.10,1
14535.0,276,53.91,0
14535.0,275,53.71,0
14535.0,274,53.52,0
14535.0,273,53.32,0
14535.0,272,53.12,0
14535.0,271,52.93,0
14535.0,270,52.73,0
14535.0,269,52.54,0
14537.0,270,52.73,1
14542.0,271,52.93,1
14547.0,272,53.12,1
14552.0,273,53.32,1
14552.0,274,53.52,1
14557.0,275,53.71,1
14562.0,276,53.91,1
14567.0,277,54.10,1
14572.0,276,53.91,0
14572.0,275,53.71,0
14572.0,274,53.52,0
14572.0,273,53.32,0
14572.0,272,53.12,0
14572.0,271,52.93,0
14572.0,270,52.73,0
14572.0,269,52.54,0
14577.0,270,52.73,1
14582.0,271,52.93,1
14587.0,270,52.73,0
14587.0,269,52.54,0
14587.0,268,52.34,0
14587.0,267,52.15,0
14587.0,266,51.95,0
14587.0,265,51.76,0
14587.0,264,51.56,0
14587.0,263,51.37,0
14592.0,264,51.56,1
14595.0,263,51.37,0
14595.0,262,51.17,0
14595.0,261,50.98,0
14595.0,260,50.78,0
14595.0,259,50.59,0
14595.0,258,50.39,0
14595.0,257,50.20,0
14595.0,256,50.00,0
14597.0,257,50.20,1
14602.0,258,50.39,1
14606.0,259,50.59,1
14607.0,260,50.78,1
14611.0,261,50.98,1
14612.0,262,51.17,1
14616.0,263,51.37,1
14617.0,264,51.56,1
14621.0,265,51.76,1
14626.0,266,51.95,1
14627.0,267,52.15,1
14631.0,268,52.34,1
14631.0,267,52.15,0
14631.0,266,51.95,0
14631.0,265,51.76,0
14631.0,264,51.56,0
14631.0,263,51.37,0
14631.0,262,51.17,0
14631.0,261,50.98,0
14631.0,260,50.78,0
14632.0,261,50.98,1
14636.0,262,51.17,1
14637.0,263,51.37,1
14643.5,264,51.56,1
14646.0,265,51.76,1
14648.5,266,51.95,1
14651.0,265,51.76,0
14651.0,264,51.56,0
14651.0,263,51.37,0
14651.0,262,51.17,0
14651.0,261,50.98,0
14651.0,260,50.78,0
14651.0,259,50.59,0
14651.0,258,50.39,0
14653.5,259,50.59,1
14658.5,260,50.78,1
14663.5,261,50.98,1
14668.5,262,51.17,1
14670.0,263,51.37,1
14673.5,264,51.56,1
14675.0,265,51.76,1
14678.5,266,51.95,1
14680.0,267,52.15,1
14685.0,268,52.34,1
14689.5,267,52.15,0
14689.5,266,51.95,0
14689.5,265,51.76,0
14689.5,264,51.56,0
14689.5,263,51.37,0
14689.5,262,51.17,0
14689.5,261,50.98,0
14689.5,260,50.78,0
14690.0,261,50.98,1
14695.0,262,51.17,1
14705.0,263,51.37,1
14710.0,264,51.56,1
14715.0,265,51.76,1
14720.0,266,51.95,1
14725.0,267,52.15,1
14730.0,268,52.34,1
14735.0,269,52.54,1
14739.0,270,52.73,1
14740.0,271,52.93,1
14744.0,272,53.12,1
14745.0,273,53.32,1
14749.0,274,53.52,1
14750.0,275,53.71,1
14754.0,276,53.91,1
14755.0,275,53.71,0
14755.0,274,53.52,0
14755.0,273,53.32,0
14755.0,272,53.12,0
14755.0,271,52.93,0
14755.0,270,52.73,0
14755.0,269,52.54,0
14755.0,268,52.34,0
14759.0,269,52.54,1
14764.0,270,52.73,1
14769.0,271,52.93,1
14774.0,272,53.12,1
14798.0,273,53.32,1
14803.0,274,53.52,1
14808.0,275,53.71,1
14813.0,276,53.91,1
14818.0,277,54.10,1
14823.0,278,54.30,1
14828.0,279,54.49,1
14830.0,280,54.69,1
14833.0,281,54.88,1
14835.0,282,55.08,1
14840.0,283,55.27,1
14845.0,284,55.47,1
14850.0,285,55.66,1
14855.0,286,55.86,1
14860.0,287,56.05,1
14862.0,288,56.25,1
14865.0,289,56.45,1
14867.0,290,56.64,1
14872.0,291,56.84,1
14877.0,292,57.03,1
14882.0,293,57.23,1
14887.0,294,57.42,1
14892.0,295,57.62,1
14894.0,296,57.81,1
14897.0,297,58.01,1
14899.0,298,58.20,1
14904.0,299,58.40,1
14909.0,300,58.59,1
14914.0,301,58.79,1
14919.0,302,58.98,1
14924.0,303,59.18,1
14926.0,304,59.38,1
14929.0,305,59.57,1
14931.0,306,59.77,1
14936.0,307,59.96,1
14941.0,308,60.16,1
14946.0,309,60.35,1
14951.0,310,60.55,1
14956.0,311,60.74,1
14961.0,312,60.94,1
14990.0,313,61.13,1
14995.0,314,61.33,1
15000.0,315,61.52,1
15005.0,316,61.72,1
15010.0,317,61.91,1
15015.0,318,62.11,1
15020.0,319,62.30,1
15022.0,320,62.50,1
15025.0,321,62.70,1
15027.0,322,62.89,1
15032.0,321,62.70,0
15032.0,320,62.50,0
15032.0,319,62.30,0
15032.0,318,62.11,0
15032.0,317,61.91,0
15032.0,316,61.72,0
15032.0,315,61.52,0
15032.0,314,61.33,0
15037.0,315,61.52,1
15042.0,316,61.72,1
15047.0,317,61.91,1
15052.0,318,62.11,1
15054.0,319,62.30,1
15057.0,320,62.50,1
15059.0,321,62.70,1
15062.0,322,62.89,1
15064.0,323,63.09,1
15069.0,324,63.28,1
15074.0,325,63.48,1
15079.0,326,63.67,1
15084.0,327,63.87,1
15086.0,328,64.06,1
15089.0,329,64.26,1
15091.0,328,64.06,0
15091.0,327,63.87,0
15091.0,326,63.67,0
15091.0,325,63.48,0
15091.0,324,63.28,0
15091.0,323,63.09,0
15091.0,322,62.89,0
15091.0,321,62.70,0
15096.0,322,62.89,1
15101.0,323,63.09,1
15106.0,324,63.28,1
15111.0,325,63.48,1
15116.0,326,63.67,1
15121.0,327,63.87,1
15126.0,328,64.06,1
15131.0,329,64.26,1
15131.0,328,64.06,0
15131.0,327,63.87,0
15131.0,326,63.67,0
15131.0,325,63.48,0
15131.0,324,63.28,0
15131.0,323,63.09,0
15131.0,322,62.89,0
15131.0,321,62.70,0
15136.0,322,62.89,1
15141.0,323,63.09,1
15146.0,324,63.28,1
15150.5,325,63.48,1
15156.0,326,63.67,1
15156.5,327,63.87,1
15161.0,326,63.67,0
15161.0,325,63.48,0
15161.0,324,63.28,0
15161.0,323,63.09,0
15161.0,322,62.89,0
15161.0,321,62.70,0
15161.0,320,62.50,0
15161.0,319,62.30,0
15161.5,320,62.50,1
15166.0,321,62.70,1
15166.5,322,62.89,1
15171.0,323,63.09,1
15171.5,324,63.28,1
15176.5,325,63.48,1
15181.0,326,63.67,1
15181.5,327,63.87,1
15186.5,328,64.06,1
15191.0,327,63.87,0
15191.0,326,63.67,0
15191.0,325,63.48,0
15191.0,324,63.28,0
15191.0,323,63.09,0
15191.0,322,62.89,0
15191.0,321,62.70,0
15191.0,320,62.50,0
15191.5,319,62.30,0
15191.5,318,62.11,0
15191.5,317,61.91,0
15191.5,316,61.72,0
15191.5,315,61.52,0
15191.5,314,61.33,0
15191.5,313,61.13,0
15191.5,312,60.94,0
15205.5,311,60.74,0
15205.5,310,60.55,0
15205.5,309,60.35,0
15205.5,308,60.16,0
15205.5,307,59.96,0
15205.5,306,59.77,0
15205.5,305,59.57,0
15205.5,304,59.38,0
15217.5,305,59.57,1
15222.5,306,59.77,1
15223.5,305,59.57,0
15223.5,304,59.38,0
15223.5,303,59.18,0
15223.5,302,58.98,0
15223.5,301,58.79,0
15223.5,300,58.59,0
15223.5,299,58.40,0
15223.5,298,58.20,0
15227.5,299,58.40,1
15228.5,298,58.20,0
15228.5,297,58.01,0
15228.5,296,57.81,0
15228.5,295,57.62,0
15228.5,294,57.42,0
15228.5,293,57.23,0
15228.5,292,57.03,0
15228.5,291,56.84,0
15237.5,292,57.03,1
15240.0,291,56.84,0
15240.0,290,56.64,0
15240.0,289,56.45,0
15240.0,288,56.25,0
15240.0,287,56.05,0
15240.0,286,55.86,0
15240.0,285,55.66,0
15240.0,284,55.47,0
15247.5,285,55.66,1
15248.0,286,55.86,1
15252.5,287,56.05,1
15260.0,288,56.25,1
15262.5,289,56.45,1
15265.0,290,56.64,1
15270.0,291,56.84,1
15272.5,292,57.03,1
15275.0,293,57.23,1
15277.5,292,57.03,0
15277.5,291,56.84,0
15277.5,290,56.64,0
15277.5,289,56.45,0
15277.5,288,56.25,0
15277.5,287,56.05,0
15277.5,286,55.86,0
15277.5,285,55.66,0
15278.0,286,55.86,1
15280.0,287,56.05,1
15285.0,288,56.25,1
15288.0,289,56.45,1
15290.0,290,56.64,1
15293.0,289,56.45,0
15293.0,288,56.25,0
15293.0,287,56.05,0
15293.0,286,55.86,0
15293.0,285,55.66,0
15293.0,284,55.47,0
15293.0,283,55.27,0
15293.0,282,55.08,0
15295.0,281,54.88,0
15295.0,280,54.69,0
15295.0,279,54.49,0
15295.0,278,54.30,0
15295.0,277,54.10,0
15295.0,276,53.91,0
15295.0,275,53.71,0
15295.0,274,53.52,0
15298.0,275,53.71,1
15298.0,274,53.52,0
15298.0,273,53.32,0
15298.0,272,53.12,0
15298.0,271,52.93,0
15298.0,270,52.73,0
15298.0,269,52.54,0
15298.0,268,52.34,0
15298.0,267,52.15,0
15308.0,268,52.34,1
15311.0,269,52.54,1
15313.0,270,52.73,1
15316.0,271,52.93,1
15318.0,272,53.12,1
15321.0,273,53.32,1
15326.0,274,53.52,1
15328.0,275,53.71,1
15331.0,276,53.91,1
15333.0,277,54.10,1
15336.0,278,54.30,1
15338.0,277,54.10,0
15338.0,276,53.91,0
15338.0,275,53.71,0
15338.0,274,53.52,0
15338.0,273,53.32,0
15338.0,272,53.12,0
15338.0,271,52.93,0
15338.0,270,52.73,0
15343.0,271,52.93,1
15344.0,270,52.73,0
15344.0,269,52.54,0
15344.0,268,52.34,0
15344.0,267,52.15,0
15344.0,266,51.95,0
15344.0,265,51.76,0
15344.0,264,51.56,0
15344.0,263,51.37,0
15346.0,264,51.56,1
15351.0,265,51.76,1
15353.0,266,51.95,1
15358.0,267,52.15,1
15363.0,268,52.34,1
15368.0,269,52.54,1
15373.0,270,52.73,1
15374.0,271,52.93,1
15375.0,270,52.73,0
15375.0,269,52.54,0
15375.0,268,52.34,0
15375.0,267,52.15,0
15375.0,266,51.95,0
15375.0,265,51.76,0
15375.0,264,51.56,0
15375.0,263,51.37,0
15378.0,264,51.56,1
15383.0,265,51.76,1
15384.0,266,51.95,1
15389.0,267,52.15,1
15394.0,268,52.34,1
15399.0,269,52.54,1
15401.0,268,52.34,0
15401.0,267,52.15,0
15401.0,266,51.95,0
15401.0,265,51.76,0
15401.0,264,51.56,0
15401.0,263,51.37,0
15401.0,262,51.17,0
15401.0,261,50.98,0
15404.0,262,51.17,1
15409.0,263,51.37,1
15414.0,264,51.56,1
15424.0,265,51.76,1
15429.0,264,51.56,0
15429.0,263,51.37,0
15429.0,262,51.17,0
15429.0,261,50.98,0
15429.0,260,50.78,0
15429.0,259,50.59,0
15429.0,258,50.39,0
15429.0,257,50.20,0
15434.0,258,50.39,1
15434.0,257,50.20,0
15434.0,256,50.00,0
15434.0,255,49.80,0
15434.0,254,49.61,0
15434.0,253,49.41,0
15434.0,252,49.22,0
15434.0,251,49.02,0
15434.0,250,48.83,0
15439.0,251,49.02,1
15444.0,252,49.22,1
15449.0,253,49.41,1
15454.0,254,49.61,1
15464.0,255,49.80,1
15469.0,256,50.00,1
15470.0,257,50.20,1
15474.0,258,50.39,1
15479.0,259,50.59,1
15484.0,260,50.78,1
15489.0,261,50.98,1
15494.0,262,51.17,1
15494.0,263,51.37,1
15499.0,264,51.56,1
15499.0,265,51.76,1
15504.0,266,51.95,1
15504.0,267,52.15,1
15509.0,268,52.34,1
15509.0,269,52.54,1
15514.0,268,52.34,0
15514.0,267,52.15,0
15514.0,266,51.95,0
15514.0,265,51.76,0
15514.0,264,51.56,0
15514.0,263,51.37,0
15514.0,262,51.17,0
15514.0,261,50.98,0
15514.0,262,51.17,1
15519.0,263,51.37,1
15524.0,262,51.17,0
15524.0,261,50.98,0
15524.0,260,50.78,0
15524.0,259,50.59,0
15524.0,258,50.39,0
15524.0,257,50.20,0
15524.0,256,50.00,0
15524.0,255,49.80,0
15524.0,256,50.00,1
15529.0,257,50.20,1
15529.0,256,50.00,0
15529.0,255,49.80,0
15529.0,254,49.61,0
15529.0,253,49.41,0
15529.0,252,49.22,0
15529.0,251,49.02,0
15529.0,250,48.83,0
15529.0,249,48.63,0
15534.0,250,48.83,1
15539.0,251,49.02,1
15544.0,252,49.22,1
15549.0,253,49.41,1
15554.0,254,49.61,1
15559.0,255,49.80,1
15564.0,256,50.00,1
15571.0,255,49.80,0
15571.0,254,49.61,0
15571.0,253,49.41,0
15571.0,252,49.22,0
15571.0,251,49.02,0
15571.0,250,48.83,0
15571.0,249,48.63,0
15571.0,248,48.44,0
15574.0,249,48.63,1
15579.0,250,48.83,1
15589.0,251,49.02,1
15594.0,252,49.22,1
15598.0,253,49.41,1
15599.0,254,49.61,1
15603.0,255,49.80,1
15604.0,256,50.00,1
15608.0,257,50.20,1
15609.0,258,50.39,1
15613.0,259,50.59,1
15614.0,260,50.78,1
15618.0,261,50.98,1
15623.0,262,51.17,1
15628.0,263,51.37,1
15633.0,264,51.56,1
15694.0,265,51.76,1
15699.0,266,51.95,1
15704.0,267,52.15,1
15709.0,268,52.34,1
15714.0,269,52.54,1
15719.0,270,52.73,1
15724.0,271,52.93,1
15726.0,272,53.12,1
15729.0,273,53.32,1
15731.0,274,53.52,1
15736.0,275,53.71,1
15741.0,276,53.91,1
15746.0,277,54.10,1
15751.0,278,54.30,1
15756.0,279,54.49,1
15758.0,280,54.69,1
15761.0,281,54.88,1
15763.0,282,55.08,1
15768.0,283,55.27,1
15773.0,284,55.47,1
15778.0,285,55.66,1
15783.0,286,55.86,1
15788.0,287,56.05,1
15790.0,288,56.25,1
15793.0,289,56.45,1
15795.0,290,56.64,1
15800.0,291,56.84,1
15805.0,292,57.03,1
15810.0,293,57.23,1
15815.0,294,57.42,1
15820.0,295,57.62,1
15822.0,296,57.81,1
15825.0,297,58.01,1
15827.0,298,58.20,1
15832.0,299,58.40,1
15837.0,300,58.59,1
15842.0,301,58.79,1
15847.0,302,58.98,1
15852.0,303,59.18,1
15857.0,304,59.38,1
15862.0,305,59.57,1
15867.0,306,59.77,1
15872.0,307,59.96,1
15877.0,308,60.16,1
15882.0,307,59.96,0
15882.0,306,59.77,0
15882.0,305,59.57,0
15882.0,304,59.38,0
15882.0,303,59.18,0
15882.0,302,58.98,0
15882.0,301,58.79,0
15882.0,300,58.59,0
15887.0,301,58.79,1
15892.0,302,58.98,1
15897.0,303,59.18,1
15902.0,304,59.38,1
15918.0,305,59.57,1
15923.0,306,59.77,1
15928.0,307,59.96,1
15929.0,306,59.77,0
15929.0,305,59.57,0
15929.0,304,59.38,0
15929.0,303,59.18,0
15929.0,302,58.98,0
15929.0,301,58.79,0
15929.0,300,58.59,0
15929.0,299,58.40,0
15938.0,300,58.59,1
15943.0,301,58.79,1
15948.0,302,58.98,1
15950.0,303,59.18,1
15953.0,304,59.38,1
15955.0,305,59.57,1
15958.0,306,59.77,1
15960.0,307,59.96,1
15965.0,308,60.16,1
15970.0,309,60.35,1
15971.0,308,60.16,0
15971.0,307,59.96,0
15971.0,306,59.77,0
15971.0,305,59.57,0
15971.0,304,59.38,0
15971.0,303,59.18,0
15971.0,302,58.98,0
15971.0,301,58.79,0
15975.0,302,58.98,1
15978.0,301,58.79,0
15978.0,300,58.59,0
15978.0,299,58.40,0
15978.0,298,58.20,0
15978.0,297,58.01,0
15978.0,296,57.81,0
15978.0,295,57.62,0
15978.0,294,57.42,0
15979.0,293,57.23,0
15979.0,292,57.03,0
15979.0,291,56.84,0
15979.0,290,56.64,0
15979.0,289,56.45,0
15979.0,288,56.25,0
15979.0,287,56.05,0
15979.0,286,55.86,0
15985.0,287,56.05,1
15987.0,288,56.25,1
15992.0,289,56.45,1
15995.0,290,56.64,1
15997.0,291,56.84,1
16002.0,292,57.03,1
16007.0,293,57.23,1
16012.0,294,57.42,1
16017.0,295,57.62,1
16022.0,296,57.81,1
16027.0,295,57.62,0
16027.0,294,57.42,0
16027.0,293,57.23,0
16027.0,292,57.03,0
16027.0,291,56.84,0
16027.0,290,56.64,0
16027.0,289,56.45,0
16027.0,288,56.25,0
16029.0,287,56.05,0
16029.0,286,55.86,0
16029.0,285,55.66,0
16029.0,284,55.47,0
16029.0,283,55.27,0
16029.0,282,55.08,0
16029.0,281,54.88,0
16029.0,280,54.69,0
16045.0,279,54.49,0
16045.0,278,54.30,0
16045.0,277,54.10,0
16045.0,276,53.91,0
16045.0,275,53.71,0
16045.0,274,53.52,0
16045.0,273,53.32,0
16045.0,272,53.12,0
16053.0,273,53.32,1
16058.0,274,53.52,1
16061.5,273,53.32,0
16061.5,272,53.12,0
16061.5,271,52.93,0
16061.5,270,52.73,0
16061.5,269,52.54,0
16061.5,268,52.34,0
16061.5,267,52.15,0
16061.5,266,51.95,0
16066.5,265,51.76,0
16066.5,264,51.56,0
16066.5,263,51.37,0
16066.5,262,51.17,0
16066.5,261,50.98,0
16066.5,260,50.78,0
16066.5,259,50.59,0
16066.5,258,50.39,0
16068.5,259,50.59,1
16073.5,260,50.78,1
16078.0,261,50.98,1
16080.0,260,50.78,0
16080.0,259,50.59,0
16080.0,258,50.39,0
16080.0,257,50.20,0
16080.0,256,50.00,0
16080.0,255,49.80,0
16080.0,254,49.61,0
16080.0,253,49.41,0
16083.5,254,49.61,1
16088.0,255,49.80,1
16088.5,256,50.00,1
16093.0,257,50.20,1
16093.5,258,50.39,1
16103.0,259,50.59,1
16108.0,260,50.78,1
16108.5,261,50.98,1
16110.0,262,51.17,1
16113.0,263,51.37,1
16113.5,262,51.17,0
16113.5,261,50.98,0
16113.5,260,50.78,0
16113.5,259,50.59,0
16113.5,258,50.39,0
16113.5,257,50.20,0
16113.5,256,50.00,0
16113.5,255,49.80,0
16115.0,256,50.00,1
16118.0,257,50.20,1
16118.0,256,50.00,0
16118.0,255,49.80,0
16118.0,254,49.61,0
16118.0,253,49.41,0
16118.0,252,49.22,0
16118.0,251,49.02,0
16118.0,250,48.83,0
16118.0,249,48.63,0
16123.0,250,48.83,1
16125.0,251,49.02,1
16130.0,252,49.22,1
16133.5,251,49.02,0
16133.5,250,48.83,0
16133.5,249,48.63,0
16133.5,248,48.44,0
16133.5,247,48.24,0
16133.5,246,48.05,0
16133.5,245,47.85,0
16133.5,244,47.66,0
16138.0,243,47.46,0
16138.0,242,47.27,0
16138.0,241,47.07,0
16138.0,240,46.88,0
16138.0,239,46.68,0
16138.0,238,46.48,0
16138.0,237,46.29,0
16138.0,236,46.09,0
16142.0,237,46.29,1
16145.0,238,46.48,1
16147.0,239,46.68,1
16150.0,240,46.88,1
16152.0,241,47.07,1
16157.0,242,47.27,1
16160.0,243,47.46,1
16162.0,244,47.66,1
16165.0,245,47.85,1
16167.0,246,48.05,1
16170.0,245,47.85,0
16170.0,244,47.66,0
16170.0,243,47.46,0
16170.0,242,47.27,0
16170.0,241,47.07,0
16170.0,240,46.88,0
16170.0,239,46.68,0
16170.0,238,46.48,0
16172.0,239,46.68,1
16177.0,240,46.88,1
16181.5,239,46.68,0
16181.5,238,46.48,0
16181.5,237,46.29,0
16181.5,236,46.09,0
16181.5,235,45.90,0
16181.5,234,45.70,0
16181.5,233,45.51,0
16181.5,232,45.31,0
16206.0,233,45.51,1
16211.0,234,45.70,1
16213.5,233,45.51,0
16213.5,232,45.31,0
16213.5,231,45.12,0
16213.5,230,44.92,0
16213.5,229,44.73,0
16213.5,228,44.53,0
16213.5,227,44.34,0
16213.5,226,44.14,0
16221.0,227,44.34,1
16226.0,228,44.53,1
16231.0,229,44.73,1
16236.0,230,44.92,1
16240.0,229,44.73,0
16240.0,228,44.53,0
16240.0,227,44.34,0
16240.0,226,44.14,0
16240.0,225,43.95,0
16240.0,224,43.75,0
16240.0,223,43.55,0
16240.0,222,43.36,0
16241.0,223,43.55,1
16246.0,224,43.75,1
16250.0,223,43.55,0
16250.0,222,43.36,0
16250.0,221,43.16,0
16250.0,220,42.97,0
16250.0,219,42.77,0
16250.0,218,42.58,0
16250.0,217,42.38,0
16250.0,216,42.19,0
16273.5,215,41.99,0
16273.5,214,41.80,0
16273.5,213,41.60,0
16273.5,212,41.41,0
16273.5,211,41.21,0
16273.5,210,41.02,0
16273.5,209,40.82,0
16273.5,208,40.62,0
16302.0,209,40.82,1
16307.0,210,41.02,1
16312.0,209,40.82,0
16312.0,208,40.62,0
16312.0,207,40.43,0
16312.0,206,40.23,0
16312.0,205,40.04,0
16312.0,204,39.84,0
16312.0,203,39.65,0
16312.0,202,39.45,0
16317.0,203,39.65,1
16322.0,202,39.45,0
16322.0,201,39.26,0
16322.0,200,39.06,0
16322.0,199,38.87,0
16322.0,198,38.67,0
16322.0,197,38.48,0
16322.0,196,38.28,0
16322.0,195,38.09,0
16327.0,196,38.28,1
16332.0,197,38.48,1
16337.0,198,38.67,1
16342.0,199,38.87,1
16347.0,200,39.06,1
16368.0,199,38.87,0
16368.0,198,38.67,0
16368.0,197,38.48,0
16368.0,196,38.28,0
16368.0,195,38.09,0
16368.0,194,37.89,0
16368.0,193,37.70,0
16368.0,192,37.50,0
16398.0,193,37.70,1
16403.0,194,37.89,1
16408.0,195,38.09,1
16413.0,194,37.89,0
16413.0,193,37.70,0
16413.0,192,37.50,0
16413.0,191,37.30,0
16413.0,190,37.11,0
16413.0,189,36.91,0
16413.0,188,36.72,0
16413.0,187,36.52,0
16418.0,188,36.72,1
16423.0,189,36.91,1
16428.0,190,37.11,1
16433.0,191,37.30,1
16438.0,192,37.50,1
16462.0,193,37.70,1
16467.0,194,37.89,1
16472.0,195,38.09,1
16477.0,196,38.28,1
16482.0,197,38.48,1
16487.0,198,38.67,1
16492.0,199,38.87,1
16497.0,200,39.06,1
16558.0,201,39.26,1
16563.0,202,39.45,1
16568.0,203,39.65,1
16573.0,204,39.84,1
16578.0,205,40.04,1
16583.0,206,40.23,1
16588.0,207,40.43,1
16590.0,208,40.62,1
16593.0,209,40.82,1
16595.0,210,41.02,1
16600.0,211,41.21,1
16605.0,212,41.41,1
16610.0,213,41.60,1
16615.0,214,41.80,1
16620.0,215,41.99,1
16622.0,216,42.19,1
16625.0,217,42.38,1
16627.0,218,42.58,1
16632.0,219,42.77,1
16637.0,220,42.97,1
16642.0,221,43.16,1
16647.0,222,43.36,1
16652.0,223,43.55,1
16657.0,224,43.75,1
16686.0,225,43.95,1
16691.0,226,44.14,1
16696.0,227,44.34,1
16701.0,228,44.53,1
16706.0,229,44.73,1
16707.0,228,44.53,0
16707.0,227,44.34,0
16707.0,226,44.14,0
16707.0,225,43.95,0
16707.0,224,43.75,0
16707.0,223,43.55,0
16707.0,222,43.36,0
16707.0,221,43.16,0
16711.0,222,43.36,1
16718.0,223,43.55,1
16721.0,224,43.75,1
16723.0,225,43.95,1
16726.0,226,44.14,1
16728.0,227,44.34,1
16733.0,228,44.53,1
16738.0,229,44.73,1
16743.0,230,44.92,1
16748.0,231,45.12,1
16750.0,232,45.31,1
16753.0,233,45.51,1
16755.0,234,45.70,1
16760.0,235,45.90,1
16765.0,236,46.09,1
16770.0,237,46.29,1
16775.0,236,46.09,0
16775.0,235,45.90,0
16775.0,234,45.70,0
16775.0,233,45.51,0
16775.0,232,45.31,0
16775.0,231,45.12,0
16775.0,230,44.92,0
16775.0,229,44.73,0
16780.0,230,44.92,1
16782.0,231,45.12,1
16785.0,232,45.31,1
16787.0,233,45.51,1
16790.0,234,45.70,1
16792.0,235,45.90,1
16797.0,236,46.09,1
16802.0,237,46.29,1
16807.0,238,46.48,1
16811.0,237,46.29,0
16811.0,236,46.09,0
16811.0,235,45.90,0
16811.0,234,45.70,0
16811.0,233,45.51,0
16811.0,232,45.31,0
16811.0,231,45.12,0
16811.0,230,44.92,0
16812.0,231,45.12,1
16816.0,230,44.92,0
16816.0,229,44.73,0
16816.0,228,44.53,0
16816.0,227,44.34,0
16816.0,226,44.14,0
16816.0,225,43.95,0
16816.0,224,43.75,0
16816.0,223,43.55,0
16817.0,224,43.75,1
16846.0,225,43.95,1
16851.0,226,44.14,1
16856.0,227,44.34,1
16861.0,228,44.53,1
16866.0,227,44.34,0
16866.0,226,44.14,0
16866.0,225,43.95,0
16866.0,224,43.75,0
16866.0,223,43.55,0
16866.0,222,43.36,0
16866.0,221,43.16,0
16866.0,220,42.97,0
16867.5,219,42.77,0
16867.5,218,42.58,0
16867.5,217,42.38,0
16867.5,216,42.19,0
16867.5,215,41.99,0
16867.5,214,41.80,0
16867.5,213,41.60,0
16867.5,212,41.41,0
16871.0,213,41.60,1
16878.0,214,41.80,1
16881.0,215,41.99,1
16883.0,216,42.19,1
16886.0,217,42.38,1
16891.0,218,42.58,1
16893.0,219,42.77,1
16898.0,220,42.97,1
16901.0,219,42.77,0
16901.0,218,42.58,0
16901.0,217,42.38,0
16901.0,216,42.19,0
16901.0,215,41.99,0
16901.0,214,41.80,0
16901.0,213,41.60,0
16901.0,212,41.41,0
16903.0,213,41.60,1
16908.0,214,41.80,1
16911.0,213,41.60,0
16911.0,212,41.41,0
16911.0,211,41.21,0
16911.0,210,41.02,0
16911.0,209,40.82,0
16911.0,208,40.62,0
16911.0,207,40.43,0
16911.0,206,40.23,0
16913.0,205,40.04,0
16913.0,204,39.84,0
16913.0,203,39.65,0
16913.0,202,39.45,0
16913.0,201,39.26,0
16913.0,200,39.06,0
16913.0,199,38.87,0
16913.0,198,38.67,0
16918.0,199,38.87,1
16918.0,200,39.06,1
16919.0,199,38.87,0
16919.0,198,38.67,0
16919.0,197,38.48,0
16919.0,196,38.28,0
16919.0,195,38.09,0
16919.0,194,37.89,0
16919.0,193,37.70,0
16919.0,192,37.50,0
16928.0,193,37.70,1
16928.0,194,37.89,1
16933.0,195,38.09,1
16938.0,196,38.28,1
16942.0,197,38.48,1
16943.0,196,38.28,0
16943.0,195,38.09,0
16943.0,194,37.89,0
16943.0,193,37.70,0
16943.0,192,37.50,0
16943.0,191,37.30,0
16943.0,190,37.11,0
16943.0,189,36.91,0
16947.0,190,37.11,1
16948.0,191,37.30,1
16952.0,192,37.50,1
16953.0,193,37.70,1
16957.0,194,37.89,1
16957.0,193,37.70,0
16957.0,192,37.50,0
16957.0,191,37.30,0
16957.0,190,37.11,0
16957.0,189,36.91,0
16957.0,188,36.72,0
16957.0,187,36.52,0
16957.0,186,36.33,0
16958.0,187,36.52,1
16967.0,188,36.72,1
16968.0,189,36.91,1
16977.0,190,37.11,1
16978.0,189,36.91,0
16978.0,188,36.72,0
16978.0,187,36.52,0
16978.0,186,36.33,0
16978.0,185,36.13,0
16978.0,184,35.94,0
16978.0,183,35.74,0
16978.0,182,35.55,0
16983.0,181,35.35,0
16983.0,180,35.16,0
16983.0,179,34.96,0
16983.0,178,34.77,0
16983.0,177,34.57,0
16983.0,176,34.38,0
16983.0,175,34.18,0
16983.0,174,33.98,0
16987.0,175,34.18,1
16992.0,176,34.38,1
17006.0,177,34.57,1
17011.0,176,34.38,0
17011.0,175,34.18,0
17011.0,174,33.98,0
17011.0,173,33.79,0
17011.0,172,33.59,0
17011.0,171,33.40,0
17011.0,170,33.20,0
17011.0,169,33.01,0
17016.0,170,33.20,1
17021.0,171,33.40,1
17022.0,170,33.20,0
17022.0,169,33.01,0
17022.0,168,32.81,0
17022.0,167,32.62,0
17022.0,166,32.42,0
17022.0,165,32.23,0
17022.0,164,32.03,0
17022.0,163,31.84,0
17026.0,164,32.03,1
17036.0,165,32.23,1
17041.0,166,32.42,1
17046.0,167,32.62,1
17051.0,168,32.81,1
17053.0,167,32.62,0
17053.0,166,32.42,0
17053.0,165,32.23,0
17053.0,164,32.03,0
17053.0,163,31.84,0
17053.0,162,31.64,0
17053.0,161,31.45,0
17053.0,160,31.25,0
17070.0,161,31.45,1
17075.0,162,31.64,1
17079.0,161,31.45,0
17079.0,160,31.25,0
17079.0,159,31.05,0
17079.0,158,30.86,0
17079.0,157,30.66,0
17079.0,156,30.47,0
17079.0,155,30.27,0
17079.0,154,30.08,0
17080.0,155,30.27,1
17090.0,156,30.47,1
17095.0,155,30.27,0
17095.0,154,30.08,0
17095.0,153,29.88,0
17095.0,152,29.69,0
17095.0,151,29.49,0
17095.0,150,29.30,0
17095.0,149,29.10,0
17095.0,148,28.91,0
17100.0,149,29.10,1
17105.0,150,29.30,1
17110.0,151,29.49,1
17113.0,150,29.30,0
17113.0,149,29.10,0
17113.0,148,28.91,0
17113.0,147,28.71,0
17113.0,146,28.52,0
17113.0,145,28.32,0
17113.0,144,28.12,0
17113.0,143,27.93,0
17115.0,144,28.12,1
17134.0,145,28.32,1
17139.0,146,28.52,1
17144.0,147,28.71,1
17149.0,148,28.91,1
17154.0,147,28.71,0
17154.0,146,28.52,0
17154.0,145,28.32,0
17154.0,144,28.12,0
17154.0,143,27.93,0
17154.0,142,27.73,0
17154.0,141,27.54,0
17154.0,140,27.34,0
17156.0,139,27.15,0
17156.0,138,26.95,0
17156.0,137,26.76,0
17156.0,136,26.56,0
17156.0,135,26.37,0
17156.0,134,26.17,0
17156.0,133,25.98,0
17156.0,132,25.78,0
17159.0,133,25.98,1
17169.0,134,26.17,1
17174.0,135,26.37,1
17179.0,136,26.56,1
17184.0,137,26.76,1
17189.0,138,26.95,1
17194.0,139,27.15,1
17198.0,140,27.34,1
17199.0,141,27.54,1
17203.0,142,27.73,1
17204.0,143,27.93,1
17207.0,142,27.73,0
17207.0,141,27.54,0
17207.0,140,27.34,0
17207.0,139,27.15,0
17207.0,138,26.95,0
17207.0,137,26.76,0
17207.0,136,26.56,0
17207.0,135,26.37,0
17208.0,136,26.56,1
17209.0,137,26.76,1
17214.0,138,26.95,1
17218.0,139,27.15,1
17219.0,140,27.34,1
17223.0,141,27.54,1
17228.0,142,27.73,1
17233.0,143,27.93,1
17234.0,144,28.12,1
17238.0,145,28.32,1
17239.0,146,28.52,1
17244.0,147,28.71,1
17249.0,148,28.91,1
17251.0,147,28.71,0
17251.0,146,28.52,0
17251.0,145,28.32,0
17251.0,144,28.12,0
17251.0,143,27.93,0
17251.0,142,27.73,0
17251.0,141,27.54,0
17251.0,140,27.34,0
17254.0,141,27.54,1
17259.0,142,27.73,1
17269.0,143,27.93,1
17274.0,144,28.12,1
17294.0,145,28.32,1
17299.0,146,28.52,1
17304.0,147,28.71,1
17309.0,148,28.91,1
17314.0,149,29.10,1
17319.0,150,29.30,1
17324.0,151,29.49,1
17326.0,152,29.69,1
17329.0,153,29.88,1
17331.0,154,30.08,1
17336.0,155,30.27,1
17341.0,156,30.47,1
17346.0,157,30.66,1
17351.0,158,30.86,1
17356.0,159,31.05,1
17361.0,160,31.25,1
17390.0,161,31.45,1
17395.0,162,31.64,1
17400.0,163,31.84,1
17405.0,164,32.03,1
17410.0,165,32.23,1
17415.0,166,32.42,1
17420.0,167,32.62,1
17422.0,168,32.81,1
17425.0,169,33.01,1
17427.0,170,33.20,1
17432.0,171,33.40,1
17437.0,172,33.59,1
17442.0,173,33.79,1
17447.0,174,33.98,1
17452.0,175,34.18,1
17454.0,176,34.38,1
17457.0,177,34.57,1
17459.0,178,34.77,1
17464.0,179,34.96,1
17469.0,180,35.16,1
17474.0,181,35.35,1
17479.0,182,35.55,1
17484.0,183,35.74,1
17489.0,184,35.94,1
17518.0,185,36.13,1
17523.0,186,36.33,1
17528.0,187,36.52,1
17533.0,188,36.72,1
17538.0,189,36.91,1
17543.0,190,37.11,1
17545.5,189,36.91,0
17545.5,188,36.72,0
17545.5,187,36.52,0
17545.5,186,36.33,0
17545.5,185,36.13,0
17545.5,184,35.94,0
17545.5,183,35.74,0
17545.5,182,35.55,0
17548.0,183,35.74,1
17551.5,184,35.94,1
17553.0,185,36.13,1
17558.5,186,36.33,1
17563.5,187,36.52,1
17568.5,188,36.72,1
17573.5,189,36.91,1
17578.5,190,37.11,1
17583.5,191,37.30,1
17588.5,192,37.50,1
17607.0,191,37.30,0
17607.0,190,37.11,0
17607.0,189,36.91,0
17607.0,188,36.72,0
17607.0,187,36.52,0
17607.0,186,36.33,0
17607.0,185,36.13,0
17607.0,184,35.94,0
17618.0,185,36.13,1
17623.0,186,36.33,1
17628.0,187,36.52,1
17633.0,188,36.72,1
17638.0,189,36.91,1
17643.0,190,37.11,1
17648.0,191,37.30,1
17653.0,192,37.50,1
17658.0,191,37.30,0
17658.0,190,37.11,0
17658.0,189,36.91,0
17658.0,188,36.72,0
17658.0,187,36.52,0
17658.0,186,36.33,0
17658.0,185,36.13,0
17658.0,184,35.94,0
17658.5,183,35.74,0
17658.5,182,35.55,0
17658.5,181,35.35,0
17658.5,180,35.16,0
17658.5,179,34.96,0
17658.5,178,34.77,0
17658.5,177,34.57,0
17658.5,176,34.38,0
17682.5,177,34.57,1
17687.5,178,34.77,1
17692.5,179,34.96,1
17697.5,180,35.16,1
17701.0,179,34.96,0
17701.0,178,34.77,0
17701.0,177,34.57,0
17701.0,176,34.38,0
17701.0,175,34.18,0
17701.0,174,33.98,0
17701.0,173,33.79,0
17701.0,172,33.59,0
17702.5,173,33.79,1
17707.5,174,33.98,1
17712.5,175,34.18,1
17722.5,174,33.98,0
17722.5,173,33.79,0
17722.5,172,33.59,0
17722.5,171,33.40,0
17722.5,170,33.20,0
17722.5,169,33.01,0
17722.5,168,32.81,0
17722.5,167,32.62,0
17723.0,166,32.42,0
17723.0,165,32.23,0
17723.0,164,32.03,0
17723.0,163,31.84,0
17723.0,162,31.64,0
17723.0,161,31.45,0
17723.0,160,31.25,0
17723.0,159,31.05,0
17727.5,160,31.25,1
17740.0,159,31.05,0
17740.0,158,30.86,0
17740.0,157,30.66,0
17740.0,156,30.47,0
17740.0,155,30.27,0
17740.0,154,30.08,0
17740.0,153,29.88,0
17740.0,152,29.69,0
17745.0,153,29.88,1
17750.0,152,29.69,0
17750.0,151,29.49,0
17750.0,150,29.30,0
17750.0,149,29.10,0
17750.0,148,28.91,0
17750.0,147,28.71,0
17750.0,146,28.52,0
17750.0,145,28.32,0
17755.0,146,28.52,1
17760.0,147,28.71,1
17760.5,146,28.52,0
17760.5,145,28.32,0
17760.5,144,28.12,0
17760.5,143,27.93,0
17760.5,142,27.73,0
17760.5,141,27.54,0
17760.5,140,27.34,0
17760.5,139,27.15,0
17765.0,140,27.34,1
17772.0,139,27.15,0
17772.0,138,26.95,0
17772.0,137,26.76,0
17772.0,136,26.56,0
17772.0,135,26.37,0
17772.0,134,26.17,0
17772.0,133,25.98,0
17772.0,132,25.78,0
17775.0,133,25.98,1
17780.0,134,26.17,1
17785.0,135,26.37,1
17790.0,134,26.17,0
17790.0,133,25.98,0
17790.0,132,25.78,0
17790.0,131,25.59,0
17790.0,130,25.39,0
17790.0,129,25.20,0
17790.0,128,25.00,0
17790.0,127,24.80,0
17795.0,128,25.00,1
17796.0,127,24.80,0
17796.0,126,24.61,0
17796.0,125,24.41,0
17796.0,124,24.22,0
17796.0,123,24.02,0
17796.0,122,23.83,0
17796.0,121,23.63,0
17796.0,120,23.44,0
17838.0,121,23.63,1
17843.0,122,23.83,1
17848.0,123,24.02,1
17853.0,124,24.22,1
17858.0,123,24.02,0
17858.0,122,23.83,0
17858.0,121,23.63,0
17858.0,120,23.44,0
17858.0,119,23.24,0
17858.0,118,23.05,0
17858.0,117,22.85,0
17858.0,116,22.66,0
17863.0,117,22.85,1
17868.0,118,23.05,1
17870.0,119,23.24,1
17873.0,120,23.44,1
17875.0,121,23.63,1
17878.0,122,23.83,1
17880.0,123,24.02,1
17885.0,124,24.22,1
17890.0,125,24.41,1
17895.0,126,24.61,1
17900.0,127,24.80,1
17902.0,128,25.00,1
17905.0,129,25.20,1
17907.0,130,25.39,1
17912.0,131,25.59,1
17917.0,132,25.78,1
17922.0,131,25.59,0
17922.0,130,25.39,0
17922.0,129,25.20,0
17922.0,128,25.00,0
17922.0,127,24.80,0
17922.0,126,24.61,0
17922.0,125,24.41,0
17922.0,124,24.22,0
17927.0,125,24.41,1
17932.0,126,24.61,1
17934.0,127,24.80,1
17937.0,128,25.00,1
17939.0,129,25.20,1
17942.0,130,25.39,1
17944.0,131,25.59,1
17949.0,132,25.78,1
17954.0,133,25.98,1
17959.0,134,26.17,1
17964.0,135,26.37,1
17966.0,136,26.56,1
17969.0,137,26.76,1
17971.0,138,26.95,1
17976.0,139,27.15,1
17979.0,138,26.95,0
17979.0,137,26.76,0
17979.0,136,26.56,0
17979.0,135,26.37,0
17979.0,134,26.17,0
17979.0,133,25.98,0
17979.0,132,25.78,0
17979.0,131,25.59,0
17981.0,132,25.78,1
17991.0,133,25.98,1
17996.0,134,26.17,1
17998.0,135,26.37,1
18001.0,136,26.56,1
18003.0,137,26.76,1
18006.0,138,26.95,1
18008.0,139,27.15,1
18013.0,140,27.34,1
18018.0,141,27.54,1
18023.0,142,27.73,1
18028.0,143,27.93,1
18029.5,142,27.73,0
18029.5,141,27.54,0
18029.5,140,27.34,0
18029.5,139,27.15,0
18029.5,138,26.95,0
18029.5,137,26.76,0
18029.5,136,26.56,0
18029.5,135,26.37,0
18033.0,136,26.56,1
18038.0,137,26.76,1
18046.0,136,26.56,0
18046.0,135,26.37,0
18046.0,134,26.17,0
18046.0,133,25.98,0
18046.0,132,25.78,0
18046.0,131,25.59,0
18046.0,130,25.39,0
18046.0,129,25.20,0
18048.0,130,25.39,1
18053.0,131,25.59,1
18062.0,132,25.78,1
18063.0,133,25.98,1
18067.0,134,26.17,1
18068.0,135,26.37,1
18072.0,136,26.56,1
18073.0,137,26.76,1
18077.0,138,26.95,1
18078.0,139,27.15,1
18080.5,138,26.95,0
18080.5,137,26.76,0
18080.5,136,26.56,0
18080.5,135,26.37,0
18080.5,134,26.17,0
18080.5,133,25.98,0
18080.5,132,25.78,0
18080.5,131,25.59,0
18082.0,132,25.78,1
18083.0,133,25.98,1
18092.0,134,26.17,1
18094.0,135,26.37,1
18097.0,136,26.56,1
18099.0,137,26.76,1
18102.0,138,26.95,1
18104.0,139,27.15,1
18109.0,140,27.34,1
18114.0,141,27.54,1
18119.0,142,27.73,1
18124.0,143,27.93,1
18129.0,144,28.12,1
18139.0,143,27.93,0
18139.0,142,27.73,0
18139.0,141,27.54,0
18139.0,140,27.34,0
18139.0,139,27.15,0
18139.0,138,26.95,0
18139.0,137,26.76,0
18139.0,136,26.56,0
18171.0,135,26.37,0
18171.0,134,26.17,0
18171.0,133,25.98,0
18171.0,132,25.78,0
18171.0,131,25.59,0
18171.0,130,25.39,0
18171.0,129,25.20,0
18171.0,128,25.00,0
18191.0,129,25.20,1
18196.0,130,25.39,1
18201.0,131,25.59,1
18206.0,132,25.78,1
18211.0,133,25.98,1
18216.0,134,26.17,1
18221.0,135,26.37,1
18222.0,136,26.56,1
18226.0,137,26.76,1
18227.0,138,26.95,1
18232.0,139,27.15,1
18236.0,138,26.95,0
18236.0,137,26.76,0
18236.0,136,26.56,0
18236.0,135,26.37,0
18236.0,134,26.17,0
18236.0,133,25.98,0
18236.0,132,25.78,0
18236.0,131,25.59,0
18237.0,132,25.78,1
18247.0,133,25.98,1
18252.0,134,26.17,1
18254.0,135,26.37,1
18257.0,136,26.56,1
18259.0,137,26.76,1
18262.0,138,26.95,1
18264.0,139,27.15,1
18269.0,140,27.34,1
18274.0,141,27.54,1
18279.0,142,27.73,1
18284.0,143,27.93,1
18286.0,144,28.12,1
18289.0,145,28.32,1
18291.0,146,28.52,1
18296.0,147,28.71,1
18299.0,146,28.52,0
18299.0,145,28.32,0
18299.0,144,28.12,0
18299.0,143,27.93,0
18299.0,142,27.73,0
18299.0,141,27.54,0
18299.0,140,27.34,0
18299.0,139,27.15,0
18301.0,140,27.34,1
18311.0,141,27.54,1
18316.0,142,27.73,1
18321.0,143,27.93,1
18326.0,144,28.12,1
18350.0,145,28.32,1
18355.0,146,28.52,1
18360.0,147,28.71,1
18363.0,146,28.52,0
18363.0,145,28.32,0
18363.0,144,28.12,0
18363.0,143,27.93,0
18363.0,142,27.73,0
18363.0,141,27.54,0
18363.0,140,27.34,0
18363.0,139,27.15,0
18365.0,140,27.34,1
18375.0,141,27.54,1
18380.0,142,27.73,1
18385.0,143,27.93,1
18390.0,144,28.12,1
18395.0,145,28.32,1
18400.0,146,28.52,1
18401.0,145,28.32,0
18401.0,144,28.12,0
18401.0,143,27.93,0
18401.0,142,27.73,0
18401.0,141,27.54,0
18401.0,140,27.34,0
18401.0,139,27.15,0
18401.0,138,26.95,0
18405.0,139,27.15,1
18410.0,140,27.34,1
18415.0,141,27.54,1
18425.0,142,27.73,1
18430.0,143,27.93,1
18435.0,144,28.12,1
18440.0,145,28.32,1
18445.0,146,28.52,1
18447.0,147,28.71,1
18450.0,148,28.91,1
18452.0,149,29.10,1
18455.0,150,29.30,1
18457.0,151,29.49,1
18460.0,152,29.69,1
18462.0,153,29.88,1
18464.5,152,29.69,0
18464.5,151,29.49,0
18464.5,150,29.30,0
18464.5,149,29.10,0
18464.5,148,28.91,0
18464.5,147,28.71,0
18464.5,146,28.52,0
18464.5,145,28.32,0
18465.0,146,28.52,1
18467.0,147,28.71,1
18470.0,148,28.91,1
18475.0,149,29.10,1
18477.0,150,29.30,1
18478.5,151,29.49,1
18482.0,152,29.69,1
18483.5,153,29.88,1
18487.0,154,30.08,1
18488.5,155,30.27,1
18493.5,156,30.47,1
18498.5,157,30.66,1
18503.5,158,30.86,1
18508.5,159,31.05,1
18513.5,160,31.25,1
18518.5,161,31.45,1
18523.5,162,31.64,1
18528.5,163,31.84,1
18528.5,162,31.64,0
18528.5,161,31.45,0
18528.5,160,31.25,0
18528.5,159,31.05,0
18528.5,158,30.86,0
18528.5,157,30.66,0
18528.5,156,30.47,0
18528.5,155,30.27,0
18533.5,156,30.47,1
18538.5,157,30.66,1
18548.5,158,30.86,1
18553.5,159,31.05,1
18558.5,160,31.25,1
18574.0,161,31.45,1
18579.0,162,31.64,1
18584.0,163,31.84,1
18589.0,164,32.03,1
18594.0,165,32.23,1
18599.0,164,32.03,0
18599.0,163,31.84,0
18599.0,162,31.64,0
18599.0,161,31.45,0
18599.0,160,31.25,0
18599.0,159,31.05,0
18599.0,158,30.86,0
18599.0,157,30.66,0
18604.0,158,30.86,1
18606.0,159,31.05,1
18609.0,160,31.25,1
18611.0,161,31.45,1
18614.0,162,31.64,1
18616.0,163,31.84,1
18621.0,164,32.03,1
18626.0,165,32.23,1
18631.0,166,32.42,1
18636.0,167,32.62,1
18641.0,168,32.81,1
18646.0,169,33.01,1
18651.0,170,33.20,1
18656.0,171,33.40,1
18661.0,172,33.59,1
18666.0,173,33.79,1
18671.0,174,33.98,1
18676.0,175,34.18,1
18681.0,176,34.38,1
18684.5,175,34.18,0
18684.5,174,33.98,0
18684.5,173,33.79,0
18684.5,172,33.59,0
18684.5,171,33.40,0
18684.5,170,33.20,0
18684.5,169,33.01,0
18684.5,168,32.81,0
18686.0,169,33.01,1
18691.0,170,33.20,1
18696.0,171,33.40,1
18701.0,172,33.59,1
18702.0,173,33.79,1
18707.0,174,33.98,1
18711.0,175,34.18,1
18712.0,176,34.38,1
18715.0,175,34.18,0
18715.0,174,33.98,0
18715.0,173,33.79,0
18715.0,172,33.59,0
18715.0,171,33.40,0
18715.0,170,33.20,0
18715.0,169,33.01,0
18715.0,168,32.81,0
18716.0,169,33.01,1
18717.0,170,33.20,1
18721.0,171,33.40,1
18726.0,172,33.59,1
18727.0,173,33.79,1
18732.0,174,33.98,1
18737.0,175,34.18,1
18741.0,176,34.38,1
18742.0,177,34.57,1
18746.0,178,34.77,1
18751.0,179,34.96,1
18752.0,178,34.77,0
18752.0,177,34.57,0
18752.0,176,34.38,0
18752.0,175,34.18,0
18752.0,174,33.98,0
18752.0,173,33.79,0
18752.0,172,33.59,0
18752.0,171,33.40,0
18756.0,172,33.59,1
18766.0,173,33.79,1
18766.0,174,33.98,1
18771.0,175,34.18,1
18771.0,176,34.38,1
18776.0,177,34.57,1
18776.0,178,34.77,1
18779.0,177,34.57,0
18779.0,176,34.38,0
18779.0,175,34.18,0
18779.0,174,33.98,0
18779.0,173,33.79,0
18779.0,172,33.59,0
18779.0,171,33.40,0
18779.0,170,33.20,0
18781.0,171,33.40,1
18781.0,172,33.59,1
18791.0,173,33.79,1
18796.0,174,33.98,1
18798.0,175,34.18,1
18801.0,176,34.38,1
18803.0,177,34.57,1
18806.0,178,34.77,1
18808.0,179,34.96,1
18813.0,180,35.16,1
18816.0,179,34.96,0
18816.0,178,34.77,0
18816.0,177,34.57,0
18816.0,176,34.38,0
18816.0,175,34.18,0
18816.0,174,33.98,0
18816.0,173,33.79,0
18816.0,172,33.59,0
18823.0,173,33.79,1
18828.0,174,33.98,1
18833.0,175,34.18,1
18838.0,176,34.38,1
18843.0,177,34.57,1
18843.0,176,34.38,0
18843.0,175,34.18,0
18843.0,174,33.98,0
18843.0,173,33.79,0
18843.0,172,33.59,0
18843.0,171,33.40,0
18843.0,170,33.20,0
18843.0,169,33.01,0
18848.0,170,33.20,1
18853.0,171,33.40,1
18858.0,172,33.59,1
18868.0,173,33.79,1
18873.0,174,33.98,1
18878.0,175,34.18,1
18883.0,176,34.38,1
18888.0,175,34.18,0
18888.0,174,33.98,0
18888.0,173,33.79,0
18888.0,172,33.59,0
18888.0,171,33.40,0
18888.0,170,33.20,0
18888.0,169,33.01,0
18888.0,168,32.81,0
18898.0,169,33.01,1
18903.0,170,33.20,1
18908.0,171,33.40,1
18908.0,170,33.20,0
18908.0,169,33.01,0
18908.0,168,32.81,0
18908.0,167,32.62,0
18908.0,166,32.42,0
18908.0,165,32.23,0
18908.0,164,32.03,0
18908.0,163,31.84,0
18913.0,164,32.03,1
18923.0,165,32.23,1
18926.0,166,32.42,1
18928.0,167,32.62,1
18931.0,168,32.81,1
18933.0,169,33.01,1
18936.0,170,33.20,1
18938.0,171,33.40,1
18941.0,172,33.59,1
18948.0,171,33.40,0
18948.0,170,33.20,0
18948.0,169,33.01,0
18948.0,168,32.81,0
18948.0,167,32.62,0
18948.0,166,32.42,0
18948.0,165,32.23,0
18948.0,164,32.03,0
18951.0,165,32.23,1
18956.0,166,32.42,1
18958.0,167,32.62,1
18961.0,168,32.81,1
18963.0,169,33.01,1
18966.0,170,33.20,1
18968.0,171,33.40,1
18973.0,172,33.59,1
18978.0,173,33.79,1
18983.0,174,33.98,1
18988.0,175,34.18,1
18990.0,176,34.38,1
18993.0,177,34.57,1
18995.0,178,34.77,1
19000.0,179,34.96,1
19005.0,180,35.16,1
19010.0,181,35.35,1
19015.0,182,35.55,1
19020.0,183,35.74,1
19025.0,184,35.94,1
19036.0,183,35.74,0
19036.0,182,35.55,0
19036.0,181,35.35,0
19036.0,180,35.16,0
19036.0,179,34.96,0
19036.0,178,34.77,0
19036.0,177,34.57,0
19036.0,176,34.38,0
19056.0,177,34.57,1
19061.0,178,34.77,1
19066.0,179,34.96,1
19071.0,180,35.16,1
19076.0,179,34.96,0
19076.0,178,34.77,0
19076.0,177,34.57,0
19076.0,176,34.38,0
19076.0,175,34.18,0
19076.0,174,33.98,0
19076.0,173,33.79,0
19076.0,172,33.59,0
19081.0,173,33.79,1
19086.0,174,33.98,1
19086.0,175,34.18,1
19091.0,176,34.38,1
19091.0,177,34.57,1
19096.0,178,34.77,1
19096.0,179,34.96,1
19099.0,178,34.77,0
19099.0,177,34.57,0
19099.0,176,34.38,0
19099.0,175,34.18,0
19099.0,174,33.98,0
19099.0,173,33.79,0
19099.0,172,33.59,0
19099.0,171,33.40,0
19101.0,172,33.59,1
19111.0,173,33.79,1
19116.0,174,33.98,1
19118.0,175,34.18,1
19121.0,176,34.38,1
19123.0,177,34.57,1
19126.0,178,34.77,1
19128.0,179,34.96,1
19133.0,180,35.16,1
19136.0,179,34.96,0
19136.0,178,34.77,0
19136.0,177,34.57,0
19136.0,176,34.38,0
19136.0,175,34.18,0
19136.0,174,33.98,0
19136.0,173,33.79,0
19136.0,172,33.59,0
19143.0,173,33.79,1
19148.0,174,33.98,1
19153.0,175,34.18,1
19158.0,176,34.38,1
19163.0,177,34.57,1
19168.0,178,34.77,1
19173.0,179,34.96,1
19178.0,180,35.16,1
19183.0,181,35.35,1
19188.0,182,35.55,1
19193.0,183,35.74,1
19195.0,182,35.55,0
19195.0,181,35.35,0
19195.0,180,35.16,0
19195.0,179,34.96,0
19195.0,178,34.77,0
19195.0,177,34.57,0
19195.0,176,34.38,0
19195.0,175,34.18,0
19198.0,176,34.38,1
19215.0,177,34.57,1
19220.0,178,34.77,1
19225.0,179,34.96,1
19230.0,180,35.16,1
19235.0,181,35.35,1
19240.0,182,35.55,1
19243.0,181,35.35,0
19243.0,180,35.16,0
19243.0,179,34.96,0
19243.0,178,34.77,0
19243.0,177,34.57,0
19243.0,176,34.38,0
19243.0,175,34.18,0
19243.0,174,33.98,0
19245.0,175,34.18,1
19250.0,176,34.38,1
19251.0,177,34.57,1
19256.0,178,34.77,1
19261.0,179,34.96,1
19266.0,180,35.16,1
19271.0,181,35.35,1
19276.0,182,35.55,1
19278.0,183,35.74,1
19281.0,184,35.94,1
19283.0,185,36.13,1
19286.0,186,36.33,1
19287.5,185,36.13,0
19287.5,184,35.94,0
19287.5,183,35.74,0
19287.5,182,35.55,0
19287.5,181,35.35,0
19287.5,180,35.16,0
19287.5,179,34.96,0
19287.5,178,34.77,0
19288.0,179,34.96,1
19294.5,178,34.77,0
19294.5,177,34.57,0
19294.5,176,34.38,0
19294.5,175,34.18,0
19294.5,174,33.98,0
19294.5,173,33.79,0
19294.5,172,33.59,0
19294.5,171,33.40,0
19298.0,172,33.59,1
19308.0,173,33.79,1
19313.0,174,33.98,1
19318.0,175,34.18,1
19323.0,176,34.38,1
19323.5,175,34.18,0
19323.5,174,33.98,0
19323.5,173,33.79,0
19323.5,172,33.59,0
19323.5,171,33.40,0
19323.5,170,33.20,0
19323.5,169,33.01,0
19323.5,168,32.81,0
19328.0,169,33.01,1
19333.0,170,33.20,1
19338.0,171,33.40,1
19348.0,172,33.59,1
19353.0,173,33.79,1
19358.0,174,33.98,1
19363.0,175,34.18,1
19363.5,174,33.98,0
19363.5,173,33.79,0
19363.5,172,33.59,0
19363.5,171,33.40,0
19363.5,170,33.20,0
19363.5,169,33.01,0
19363.5,168,32.81,0
19363.5,167,32.62,0
19368.0,168,32.81,1
19378.0,169,33.01,1
19383.0,170,33.20,1
19388.0,171,33.40,1
19393.0,172,33.59,1
19398.0,173,33.79,1
19403.0,174,33.98,1
19406.0,175,34.18,1
19408.0,176,34.38,1
19411.0,177,34.57,1
19413.0,178,34.77,1
19416.0,179,34.96,1
19421.0,180,35.16,1
19423.0,179,34.96,0
19423.0,178,34.77,0
19423.0,177,34.57,0
19423.0,176,34.38,0
19423.0,175,34.18,0
19423.0,174,33.98,0
19423.0,173,33.79,0
19423.0,172,33.59,0
19431.0,173,33.79,1
19436.0,174,33.98,1
19438.0,175,34.18,1
19441.0,176,34.38,1
19443.0,177,34.57,1
19446.0,178,34.77,1
19448.0,179,34.96,1
19453.0,180,35.16,1
19458.0,179,34.96,0
19458.0,178,34.77,0
19458.0,177,34.57,0
19458.0,176,34.38,0
19458.0,175,34.18,0
19458.0,174,33.98,0
19458.0,173,33.79,0
19458.0,172,33.59,0
19463.0,173,33.79,1
19468.0,174,33.98,1
19473.0,175,34.18,1
19478.0,176,34.38,1
19483.0,177,34.57,1
19488.0,178,34.77,1
19493.0,179,34.96,1
19498.0,180,35.16,1
19503.0,181,35.35,1
19508.0,182,35.55,1
19513.0,181,35.35,0
19513.0,180,35.16,0
19513.0,179,34.96,0
19513.0,178,34.77,0
19513.0,177,34.57,0
19513.0,176,34.38,0
19513.0,175,34.18,0
19513.0,174,33.98,0
19518.0,175,34.18,1
19523.0,176,34.38,1
19531.0,175,34.18,0
19531.0,174,33.98,0
19531.0,173,33.79,0
19531.0,172,33.59,0
19531.0,171,33.40,0
19531.0,170,33.20,0
19531.0,169,33.01,0
19531.0,168,32.81,0
19547.0,167,32.62,0
19547.0,166,32.42,0
19547.0,165,32.23,0
19547.0,164,32.03,0
19547.0,163,31.84,0
19547.0,162,31.64,0
19547.0,161,31.45,0
19547.0,160,31.25,0
19566.0,161,31.45,1
19571.0,162,31.64,1
19576.0,163,31.84,1
19581.0,164,32.03,1
19586.0,165,32.23,1
19587.0,164,32.03,0
19587.0,163,31.84,0
19587.0,162,31.64,0
19587.0,161,31.45,0
19587.0,160,31.25,0
19587.0,159,31.05,0
19587.0,158,30.86,0
19587.0,157,30.66,0
19591.0,158,30.86,1
19598.0,159,31.05,1
19601.0,160,31.25,1
19603.0,161,31.45,1
19606.0,162,31.64,1
19608.0,163,31.84,1
19611.0,162,31.64,0
19611.0,161,31.45,0
19611.0,160,31.25,0
19611.0,159,31.05,0
19611.0,158,30.86,0
19611.0,157,30.66,0
19611.0,156,30.47,0
19611.0,155,30.27,0
19613.0,156,30.47,1
19623.0,157,30.66,1
19628.0,158,30.86,1
19633.0,159,31.05,1
19638.0,160,31.25,1
19643.5,159,31.05,0
19643.5,158,30.86,0
19643.5,157,30.66,0
19643.5,156,30.47,0
19643.5,155,30.27,0
19643.5,154,30.08,0
19643.5,153,29.88,0
19643.5,152,29.69,0
19664.5,153,29.88,1
19669.5,154,30.08,1
19674.5,155,30.27,1
19679.5,156,30.47,1
19684.5,157,30.66,1
19688.0,156,30.47,0
19688.0,155,30.27,0
19688.0,154,30.08,0
19688.0,153,29.88,0
19688.0,152,29.69,0
19688.0,151,29.49,0
19688.0,150,29.30,0
19688.0,149,29.10,0
19689.5,150,29.30,1
19694.5,151,29.49,1
19704.5,152,29.69,1
19709.5,153,29.88,1
19714.5,154,30.08,1
19719.5,155,30.27,1
19724.5,156,30.47,1
19729.5,157,30.66,1
19734.5,158,30.86,1
19739.5,159,31.05,1
19743.0,158,30.86,0
19743.0,157,30.66,0
19743.0,156,30.47,0
19743.0,155,30.27,0
19743.0,154,30.08,0
19743.0,153,29.88,0
19743.0,152,29.69,0
19743.0,151,29.49,0
19744.5,152,29.69,1
19758.0,153,29.88,1
19763.0,154,30.08,1
19768.0,155,30.27,1
19772.5,154,30.08,0
19772.5,153,29.88,0
19772.5,152,29.69,0
19772.5,151,29.49,0
19772.5,150,29.30,0
19772.5,149,29.10,0
19772.5,148,28.91,0
19772.5,147,28.71,0
19773.0,148,28.91,1
19783.0,149,29.10,1
19788.0,150,29.30,1
19790.5,151,29.49,1
19793.0,152,29.69,1
19795.5,153,29.88,1
19798.0,154,30.08,1
19800.5,155,30.27,1
19805.5,156,30.47,1
19808.0,155,30.27,0
19808.0,154,30.08,0
19808.0,153,29.88,0
19808.0,152,29.69,0
19808.0,151,29.49,0
19808.0,150,29.30,0
19808.0,149,29.10,0
19808.0,148,28.91,0
19815.5,149,29.10,1
19820.5,150,29.30,1
19825.5,151,29.49,1
19830.5,152,29.69,1
19835.0,151,29.49,0
19835.0,150,29.30,0
19835.0,149,29.10,0
19835.0,148,28.91,0
19835.0,147,28.71,0
19835.0,146,28.52,0
19835.0,145,28.32,0
19835.0,144,28.12,0
19886.0,145,28.32,1
19891.0,146,28.52,1
19896.0,147,28.71,1
19901.0,148,28.91,1
19901.5,147,28.71,0
19901.5,146,28.52,0
19901.5,145,28.32,0
19901.5,144,28.12,0
19901.5,143,27.93,0
19901.5,142,27.73,0
19901.5,141,27.54,0
19901.5,140,27.34,0
19911.0,141,27.54,1
19916.0,142,27.73,1
19918.5,143,27.93,1
19921.0,144,28.12,1
19923.5,145,28.32,1
19926.0,146,28.52,1
19928.5,147,28.71,1
19933.5,148,28.91,1
19936.0,147,28.71,0
19936.0,146,28.52,0
19936.0,145,28.32,0
19936.0,144,28.12,0
19936.0,143,27.93,0
19936.0,142,27.73,0
19936.0,141,27.54,0
19936.0,140,27.34,0
19943.5,141,27.54,1
19948.5,142,27.73,1
19953.5,143,27.93,1
19958.5,144,28.12,1
19963.5,143,27.93,0
19963.5,142,27.73,0
19963.5,141,27.54,0
19963.5,140,27.34,0
19963.5,139,27.15,0
19963.5,138,26.95,0
19963.5,137,26.76,0
19963.5,136,26.56,0
19982.0,137,26.76,1
19987.0,138,26.95,1
19992.0,139,27.15,1
19997.0,140,27.34,1
20002.0,141,27.54,1
20007.0,142,27.73,1
20011.0,141,27.54,0
20011.0,140,27.34,0
20011.0,139,27.15,0
20011.0,138,26.95,0
20011.0,137,26.76,0
20011.0,136,26.56,0
20011.0,135,26.37,0
20011.0,134,26.17,0
20012.0,135,26.37,1
20017.0,136,26.56,1
20046.0,137,26.76,1
20051.0,138,26.95,1
20056.0,139,27.15,1
20060.0,138,26.95,0
20060.0,137,26.76,0
20060.0,136,26.56,0
20060.0,135,26.37,0
20060.0,134,26.17,0
20060.0,133,25.98,0
20060.0,132,25.78,0
20060.0,131,25.59,0
20061.0,132,25.78,1
20071.0,133,25.98,1
20076.0,134,26.17,1
20078.0,135,26.37,1
20081.0,136,26.56,1
20083.0,137,26.76,1
20086.0,138,26.95,1
20088.0,139,27.15,1
20093.0,140,27.34,1
20096.0,139,27.15,0
20096.0,138,26.95,0
20096.0,137,26.76,0
20096.0,136,26.56,0
20096.0,135,26.37,0
20096.0,134,26.17,0
20096.0,133,25.98,0
20096.0,132,25.78,0
20098.0,133,25.98,1
20108.0,134,26.17,1
20113.0,135,26.37,1
20118.0,136,26.56,1
20123.0,135,26.37,0
20123.0,134,26.17,0
20123.0,133,25.98,0
20123.0,132,25.78,0
20123.0,131,25.59,0
20123.0,130,25.39,0
20123.0,129,25.20,0
20123.0,128,25.00,0
20142.0,129,25.20,1
20147.0,130,25.39,1
20152.0,131,25.59,1
20157.0,132,25.78,1
20162.0,133,25.98,1
20167.0,134,26.17,1
20172.0,135,26.37,1
20173.5,134,26.17,0
20173.5,133,25.98,0
20173.5,132,25.78,0
20173.5,131,25.59,0
20173.5,130,25.39,0
20173.5,129,25.20,0
20173.5,128,25.00,0
20173.5,127,24.80,0
20177.0,128,25.00,1
20206.0,129,25.20,1
20211.0,130,25.39,1
20216.0,131,25.59,1
20221.0,132,25.78,1
20226.0,133,25.98,1
20231.0,132,25.78,0
20231.0,131,25.59,0
20231.0,130,25.39,0
20231.0,129,25.20,0
20231.0,128,25.00,0
20231.0,127,24.80,0
20231.0,126,24.61,0
20231.0,125,24.41,0
20236.0,126,24.61,1
20238.0,127,24.80,1
20241.0,128,25.00,1
20243.0,129,25.20,1
20246.0,130,25.39,1
20248.0,131,25.59,1
20251.0,130,25.39,0
20251.0,129,25.20,0
20251.0,128,25.00,0
20251.0,127,24.80,0
20251.0,126,24.61,0
20251.0,125,24.41,0
20251.0,124,24.22,0
20251.0,123,24.02,0
20253.0,124,24.22,1
20263.0,125,24.41,1
20268.0,126,24.61,1
20273.0,127,24.80,1
20278.0,128,25.00,1
20283.0,127,24.80,0
20283.0,126,24.61,0
20283.0,125,24.41,0
20283.0,124,24.22,0
20283.0,123,24.02,0
20283.0,122,23.83,0
20283.0,121,23.63,0
20283.0,120,23.44,0
20302.0,121,23.63,1
20307.0,122,23.83,1
20312.0,123,24.02,1
20317.0,124,24.22,1
20322.0,125,24.41,1
20327.0,126,24.61,1
20331.0,125,24.41,0
20331.0,124,24.22,0
20331.0,123,24.02,0
20331.0,122,23.83,0
20331.0,121,23.63,0
20331.0,120,23.44,0
20331.0,119,23.24,0
20331.0,118,23.05,0
20332.0,119,23.24,1
20336.0,120,23.44,1
20337.0,121,23.63,1
20342.0,122,23.83,1
20347.0,123,24.02,1
20352.0,124,24.22,1
20357.0,125,24.41,1
20362.0,126,24.61,1
20367.0,127,24.80,1
20372.0,128,25.00,1
20411.0,127,24.80,0
20411.0,126,24.61,0
20411.0,125,24.41,0
20411.0,124,24.22,0
20411.0,123,24.02,0
20411.0,122,23.83,0
20411.0,121,23.63,0
20411.0,120,23.44,0
20430.0,121,23.63,1
20435.0,122,23.83,1
20440.0,123,24.02,1
20443.0,122,23.83,0
20443.0,121,23.63,0
20443.0,120,23.44,0
20443.0,119,23.24,0
20443.0,118,23.05,0
20443.0,117,22.85,0
20443.0,116,22.66,0
20443.0,115,22.46,0
20445.0,116,22.66,1
20455.0,117,22.85,1
20460.0,118,23.05,1
20462.0,119,23.24,1
20465.0,120,23.44,1
20467.0,121,23.63,1
20470.0,122,23.83,1
20472.0,123,24.02,1
20477.0,124,24.22,1
20482.0,125,24.41,1
20487.0,126,24.61,1
20492.0,127,24.80,1
20497.0,128,25.00,1
20510.0,127,24.80,0
20510.0,126,24.61,0
20510.0,125,24.41,0
20510.0,124,24.22,0
20510.0,123,24.02,0
20510.0,122,23.83,0
20510.0,121,23.63,0
20510.0,120,23.44,0
20528.0,121,23.63,1
20533.0,122,23.83,1
20538.0,123,24.02,1
20543.0,124,24.22,1
20548.0,125,24.41,1
20553.0,126,24.61,1
20555.0,125,24.41,0
20555.0,124,24.22,0
20555.0,123,24.02,0
20555.0,122,23.83,0
20555.0,121,23.63,0
20555.0,120,23.44,0
20555.0,119,23.24,0
20555.0,118,23.05,0
20558.0,119,23.24,1
20562.0,120,23.44,1
20563.0,121,23.63,1
20567.0,122,23.83,1
20572.0,123,24.02,1
20577.0,124,24.22,1
20582.0,125,24.41,1
20587.0,126,24.61,1
20592.0,127,24.80,1
20597.0,128,25.00,1
20603.0,127,24.80,0
20603.0,126,24.61,0
20603.0,125,24.41,0
20603.0,124,24.22,0
20603.0,123,24.02,0
20603.0,122,23.83,0
20603.0,121,23.63,0
20603.0,120,23.44,0
20622.0,121,23.63,1
20627.0,122,23.83,1
20632.0,123,24.02,1
20637.0,124,24.22,1
20642.0,123,24.02,0
20642.0,122,23.83,0
20642.0,121,23.63,0
20642.0,120,23.44,0
20642.0,119,23.24,0
20642.0,118,23.05,0
20642.0,117,22.85,0
20642.0,116,22.66,0
20647.0,117,22.85,1
20652.0,118,23.05,1
20654.0,119,23.24,1
20657.0,120,23.44,1
20659.0,121,23.63,1
20662.0,122,23.83,1
20664.0,123,24.02,1
20669.0,124,24.22,1
20674.0,125,24.41,1
20679.0,126,24.61,1
20684.0,127,24.80,1
20686.0,128,25.00,1
20689.0,129,25.20,1
20691.0,130,25.39,1
20696.0,131,25.59,1
20701.0,132,25.78,1
20706.0,133,25.98,1
20711.0,134,26.17,1
20716.0,135,26.37,1
20721.0,136,26.56,1
20726.0,137,26.76,1
20731.0,138,26.95,1
20733.0,137,26.76,0
20733.0,136,26.56,0
20733.0,135,26.37,0
20733.0,134,26.17,0
20733.0,133,25.98,0
20733.0,132,25.78,0
20733.0,131,25.59,0
20733.0,130,25.39,0
20736.0,131,25.59,1
20741.0,132,25.78,1
20751.0,133,25.98,1
20756.0,134,26.17,1
20761.0,135,26.37,1
20763.5,134,26.17,0
20763.5,133,25.98,0
20763.5,132,25.78,0
20763.5,131,25.59,0
20763.5,130,25.39,0
20763.5,129,25.20,0
20763.5,128,25.00,0
20763.5,127,24.80,0
20766.0,128,25.00,1
20782.0,129,25.20,1
20787.0,130,25.39,1
20792.0,131,25.59,1
20797.0,132,25.78,1
20802.0,133,25.98,1
20807.0,134,26.17,1
20812.0,135,26.37,1
20817.0,136,26.56,1
20827.0,135,26.37,0
20827.0,134,26.17,0
20827.0,133,25.98,0
20827.0,132,25.78,0
20827.0,131,25.59,0
20827.0,130,25.39,0
20827.0,129,25.20,0
20827.0,128,25.00,0
20846.0,129,25.20,1
20851.0,130,25.39,1
20856.0,131,25.59,1
20861.0,132,25.78,1
20866.0,133,25.98,1
20871.0,134,26.17,1
20876.0,135,26.37,1
20878.0,136,26.56,1
20881.0,137,26.76,1
20883.0,138,26.95,1
20888.0,139,27.15,1
20893.0,140,27.34,1
20898.0,139,27.15,0
20898.0,138,26.95,0
20898.0,137,26.76,0
20898.0,136,26.56,0
20898.0,135,26.37,0
20898.0,134,26.17,0
20898.0,133,25.98,0
20898.0,132,25.78,0
20903.0,133,25.98,1
20908.0,134,26.17,1
20913.0,135,26.37,1
20918.0,136,26.56,1
20923.0,135,26.37,0
20923.0,134,26.17,0
20923.0,133,25.98,0
20923.0,132,25.78,0
20923.0,131,25.59,0
20923.0,130,25.39,0
20923.0,129,25.20,0
20923.0,128,25.00,0
20942.0,129,25.20,1
20947.0,130,25.39,1
20952.0,131,25.59,1
20957.0,132,25.78,1
20962.0,133,25.98,1
20967.0,134,26.17,1
20972.0,135,26.37,1
20974.0,136,26.56,1
20977.0,137,26.76,1
20979.0,138,26.95,1
20984.0,139,27.15,1
20987.0,138,26.95,0
20987.0,137,26.76,0
20987.0,136,26.56,0
20987.0,135,26.37,0
20987.0,134,26.17,0
20987.0,133,25.98,0
20987.0,132,25.78,0
20987.0,131,25.59,0
20989.0,132,25.78,1
20999.0,133,25.98,1
21004.0,134,26.17,1
21006.0,135,26.37,1
21009.0,136,26.56,1
21011.0,137,26.76,1
21014.0,138,26.95,1
21016.0,139,27.15,1
21021.0,140,27.34,1
21026.0,141,27.54,1
21031.0,142,27.73,1
21036.0,143,27.93,1
21038.0,144,28.12,1
21041.0,145,28.32,1
21043.0,146,28.52,1
21048.0,147,28.71,1
21051.0,146,28.52,0
21051.0,145,28.32,0
21051.0,144,28.12,0
21051.0,143,27.93,0
21051.0,142,27.73,0
21051.0,141,27.54,0
21051.0,140,27.34,0
21051.0,139,27.15,0
21053.0,140,27.34,1
21063.0,141,27.54,1
21068.0,142,27.73,1
21073.0,143,27.93,1
21078.0,144,28.12,1
21083.0,143,27.93,0
21083.0,142,27.73,0
21083.0,141,27.54,0
21083.0,140,27.34,0
21083.0,139,27.15,0
21083.0,138,26.95,0
21083.0,137,26.76,0
21083.0,136,26.56,0
21103.0,137,26.76,1
21108.0,138,26.95,1
21113.0,139,27.15,1
21118.0,140,27.34,1
21123.0,141,27.54,1
21128.0,142,27.73,1
21133.0,143,27.93,1
21138.0,144,28.12,1
21143.0,145,28.32,1
21148.0,146,28.52,1
21153.0,147,28.71,1
21158.0,148,28.91,1
21163.0,147,28.71,0
21163.0,146,28.52,0
21163.0,145,28.32,0
21163.0,144,28.12,0
21163.0,143,27.93,0
21163.0,142,27.73,0
21163.0,141,27.54,0
21163.0,140,27.34,0
21166.0,141,27.54,1
21168.0,142,27.73,1
21171.0,143,27.93,1
21173.0,144,28.12,1
21176.0,145,28.32,1
21178.0,146,28.52,1
21181.0,147,28.71,1
21183.0,148,28.91,1
21184.5,147,28.71,0
21184.5,146,28.52,0
21184.5,145,28.32,0
21184.5,144,28.12,0
21184.5,143,27.93,0
21184.5,142,27.73,0
21184.5,141,27.54,0
21184.5,140,27.34,0
21186.0,141,27.54,1
21196.0,142,27.73,1
21198.0,143,27.93,1
21201.0,144,28.12,1
21203.0,145,28.32,1
21206.0,146,28.52,1
21208.0,147,28.71,1
21213.0,148,28.91,1
21218.0,149,29.10,1
21223.0,150,29.30,1
21228.0,151,29.49,1
21230.0,152,29.69,1
21233.0,153,29.88,1
21235.0,154,30.08,1
21240.0,155,30.27,1
21245.0,156,30.47,1
21250.0,157,30.66,1
21255.0,158,30.86,1
21260.0,159,31.05,1
21262.0,160,31.25,1
21265.0,161,31.45,1
21267.0,162,31.64,1
21272.0,163,31.84,1
21275.0,162,31.64,0
21275.0,161,31.45,0
21275.0,160,31.25,0
21275.0,159,31.05,0
21275.0,158,30.86,0
21275.0,157,30.66,0
21275.0,156,30.47,0
21275.0,155,30.27,0
21277.0,156,30.47,1
21287.0,157,30.66,1
21292.0,158,30.86,1
21294.0,159,31.05,1
21297.0,160,31.25,1
21299.0,161,31.45,1
21302.0,162,31.64,1
21304.0,163,31.84,1
21307.0,162,31.64,0
21307.0,161,31.45,0
21307.0,160,31.25,0
21307.0,159,31.05,0
21307.0,158,30.86,0
21307.0,157,30.66,0
21307.0,156,30.47,0
21307.0,155,30.27,0
21309.0,156,30.47,1
21319.0,157,30.66,1
21324.0,158,30.86,1
21326.0,159,31.05,1
21329.0,160,31.25,1
21331.0,161,31.45,1
21334.0,162,31.64,1
21336.0,163,31.84,1
21341.0,164,32.03,1
21346.0,165,32.23,1
21351.0,166,32.42,1
21356.0,167,32.62,1
21361.0,168,32.81,1
21373.5,167,32.62,0
21373.5,166,32.42,0
21373.5,165,32.23,0
21373.5,164,32.03,0
21373.5,163,31.84,0
21373.5,162,31.64,0
21373.5,161,31.45,0
21373.5,160,31.25,0
21408.5,159,31.05,0
21408.5,158,30.86,0
21408.5,157,30.66,0
21408.5,156,30.47,0
21408.5,155,30.27,0
21408.5,154,30.08,0
21408.5,153,29.88,0
21408.5,152,29.69,0
21422.0,153,29.88,1
21427.0,154,30.08,1
21432.0,155,30.27,1
21437.0,156,30.47,1
21442.0,157,30.66,1
21447.0,158,30.86,1
21452.0,159,31.05,1
21454.0,160,31.25,1
21457.0,161,31.45,1
21459.0,162,31.64,1
21464.0,163,31.84,1
21467.0,162,31.64,0
21467.0,161,31.45,0
21467.0,160,31.25,0
21467.0,159,31.05,0
21467.0,158,30.86,0
21467.0,157,30.66,0
21467.0,156,30.47,0
21467.0,155,30.27,0
21469.0,156,30.47,1
21479.0,157,30.66,1
21484.0,158,30.86,1
21489.0,159,31.05,1
21494.0,160,31.25,1
21499.0,161,31.45,1
21504.0,162,31.64,1
21509.0,163,31.84,1
21514.0,164,32.03,1
21519.0,163,31.84,0
21519.0,162,31.64,0
21519.0,161,31.45,0
21519.0,160,31.25,0
21519.0,159,31.05,0
21519.0,158,30.86,0
21519.0,157,30.66,0
21519.0,156,30.47,0
21524.0,157,30.66,1
21529.0,158,30.86,1
21531.0,157,30.66,0
21531.0,156,30.47,0
21531.0,155,30.27,0
21531.0,154,30.08,0
21531.0,153,29.88,0
21531.0,152,29.69,0
21531.0,151,29.49,0
21531.0,150,29.30,0
21534.0,151,29.49,1
21539.0,152,29.69,1
21571.0,151,29.49,0
21571.0,150,29.30,0
21571.0,149,29.10,0
21571.0,148,28.91,0
21571.0,147,28.71,0
21571.0,146,28.52,0
21571.0,145,28.32,0
21571.0,144,28.12,0
21582.0,145,28.32,1
21587.0,146,28.52,1
21592.0,147,28.71,1
21597.0,148,28.91,1
21602.0,149,29.10,1
21607.0,150,29.30,1
21612.0,151,29.49,1
21617.0,152,29.69,1
21627.0,151,29.49,0
21627.0,150,29.30,0
21627.0,149,29.10,0
21627.0,148,28.91,0
21627.0,147,28.71,0
21627.0,146,28.52,0
21627.0,145,28.32,0
21627.0,144,28.12,0
21646.0,145,28.32,1
21651.0,146,28.52,1
21656.0,147,28.71,1
21661.0,148,28.91,1
21666.0,149,29.10,1
21671.0,150,29.30,1
21676.0,151,29.49,1
21678.0,152,29.69,1
21681.0,153,29.88,1
21683.0,154,30.08,1
21688.0,155,30.27,1
21691.0,154,30.08,0
21691.0,153,29.88,0
21691.0,152,29.69,0
21691.0,151,29.49,0
21691.0,150,29.30,0
21691.0,149,29.10,0
21691.0,148,28.91,0
21691.0,147,28.71,0
21693.0,148,28.91,1
21703.0,149,29.10,1
21708.0,150,29.30,1
21710.0,151,29.49,1
21713.0,152,29.69,1
21715.0,153,29.88,1
21718.0,154,30.08,1
21720.0,155,30.27,1
21723.0,154,30.08,0
21723.0,153,29.88,0
21723.0,152,29.69,0
21723.0,151,29.49,0
21723.0,150,29.30,0
21723.0,149,29.10,0
21723.0,148,28.91,0
21723.0,147,28.71,0
21725.0,148,28.91,1
21735.0,149,29.10,1
21740.0,150,29.30,1
21742.0,151,29.49,1
21745.0,152,29.69,1
21747.0,153,29.88,1
21750.0,154,30.08,1
21752.0,155,30.27,1
21757.0,156,30.47,1
21762.0,157,30.66,1
21767.0,158,30.86,1
21772.0,159,31.05,1
21777.0,160,31.25,1
21789.5,159,31.05,0
21789.5,158,30.86,0
21789.5,157,30.66,0
21789.5,156,30.47,0
21789.5,155,30.27,0
21789.5,154,30.08,0
21789.5,153,29.88,0
21789.5,152,29.69,0
21792.5,151,29.49,0
21792.5,150,29.30,0
21792.5,149,29.10,0
21792.5,148,28.91,0
21792.5,147,28.71,0
21792.5,146,28.52,0
21792.5,145,28.32,0
21792.5,144,28.12,0
21806.0,145,28.32,1
21811.0,146,28.52,1
21816.0,147,28.71,1
21819.0,146,28.52,0
21819.0,145,28.32,0
21819.0,144,28.12,0
21819.0,143,27.93,0
21819.0,142,27.73,0
21819.0,141,27.54,0
21819.0,140,27.34,0
21819.0,139,27.15,0
21821.0,140,27.34,1
21831.0,141,27.54,1
21836.0,142,27.73,1
21838.0,143,27.93,1
21841.0,144,28.12,1
21843.0,145,28.32,1
21846.0,146,28.52,1
21848.0,147,28.71,1
21853.0,148,28.91,1
21858.0,149,29.10,1
21863.0,150,29.30,1
21868.0,151,29.49,1
21873.0,152,29.69,1
21883.0,151,29.49,0
21883.0,150,29.30,0
21883.0,149,29.10,0
21883.0,148,28.91,0
21883.0,147,28.71,0
21883.0,146,28.52,0
21883.0,145,28.32,0
21883.0,144,28.12,0
21903.0,145,28.32,1
21908.0,146,28.52,1
21913.0,147,28.71,1
21918.0,148,28.91,1
21923.0,149,29.10,1
21928.0,150,29.30,1
21933.0,151,29.49,1
21934.0,152,29.69,1
21938.0,153,29.88,1
21939.0,154,30.08,1
21944.0,155,30.27,1
21948.0,154,30.08,0
21948.0,153,29.88,0
21948.0,152,29.69,0
21948.0,151,29.49,0
21948.0,150,29.30,0
21948.0,149,29.10,0
21948.0,148,28.91,0
21948.0,147,28.71,0
21949.0,148,28.91,1
21959.0,149,29.10,1
21964.0,150,29.30,1
21969.0,151,29.49,1
21974.0,152,29.69,1
21988.0,151,29.49,0
21988.0,150,29.30,0
21988.0,149,29.10,0
21988.0,148,28.91,0
21988.0,147,28.71,0
21988.0,146,28.52,0
21988.0,145,28.32,0
21988.0,144,28.12,0
21998.0,145,28.32,1
22003.0,146,28.52,1
22008.0,147,28.71,1
22011.0,146,28.52,0
22011.0,145,28.32,0
22011.0,144,28.12,0
22011.0,143,27.93,0
22011.0,142,27.73,0
22011.0,141,27.54,0
22011.0,140,27.34,0
22011.0,139,27.15,0
22013.0,140,27.34,1
22023.0,141,27.54,1
22028.0,142,27.73,1
22030.0,143,27.93,1
22033.0,144,28.12,1
22035.0,145,28.32,1
22038.0,146,28.52,1
22040.0,147,28.71,1
22043.0,146,28.52,0
22043.0,145,28.32,0
22043.0,144,28.12,0
22043.0,143,27.93,0
22043.0,142,27.73,0
22043.0,141,27.54,0
22043.0,140,27.34,0
22043.0,139,27.15,0
22045.0,140,27.34,1
22055.0,141,27.54,1
22060.0,142,27.73,1
22062.0,143,27.93,1
22065.0,144,28.12,1
22067.0,145,28.32,1
22070.0,146,28.52,1
22072.0,147,28.71,1
22075.0,146,28.52,0
22075.0,145,28.32,0
22075.0,144,28.12,0
22075.0,143,27.93,0
22075.0,142,27.73,0
22075.0,141,27.54,0
22075.0,140,27.34,0
22075.0,139,27.15,0
22077.0,140,27.34,1
22087.0,141,27.54,1
22092.0,142,27.73,1
22097.0,143,27.93,1
22102.0,144,28.12,1
22107.0,145,28.32,1
22112.0,146,28.52,1
22117.0,147,28.71,1
22122.0,148,28.91,1
22126.0,149,29.10,1
22127.0,148,28.91,0
22127.0,147,28.71,0
22127.0,146,28.52,0
22127.0,145,28.32,0
22127.0,144,28.12,0
22127.0,143,27.93,0
22127.0,142,27.73,0
22127.0,141,27.54,0
22131.0,142,27.73,1
22132.0,143,27.93,1
22136.0,144,28.12,1
22137.0,145,28.32,1
22139.0,144,28.12,0
22139.0,143,27.93,0
22139.0,142,27.73,0
22139.0,141,27.54,0
22139.0,140,27.34,0
22139.0,139,27.15,0
22139.0,138,26.95,0
22139.0,137,26.76,0
22141.0,138,26.95,1
22142.0,139,27.15,1
22147.0,140,27.34,1
22151.0,141,27.54,1
22156.0,142,27.73,1
22158.0,143,27.93,1
22161.0,144,28.12,1
22163.0,145,28.32,1
22166.0,146,28.52,1
22168.0,147,28.71,1
22173.0,148,28.91,1
22176.0,147,28.71,0
22176.0,146,28.52,0
22176.0,145,28.32,0
22176.0,144,28.12,0
22176.0,143,27.93,0
22176.0,142,27.73,0
22176.0,141,27.54,0
22176.0,140,27.34,0
22183.0,141,27.54,1
22188.0,142,27.73,1
22193.0,143,27.93,1
22198.0,144,28.12,1
22222.0,145,28.32,1
22227.0,146,28.52,1
22232.0,147,28.71,1
22237.0,148,28.91,1
22242.0,149,29.10,1
22247.0,150,29.30,1
22252.0,151,29.49,1
22254.0,152,29.69,1
22257.0,153,29.88,1
22259.0,154,30.08,1
22264.0,155,30.27,1
22269.0,156,30.47,1
22274.0,155,30.27,0
22274.0,154,30.08,0
22274.0,153,29.88,0
22274.0,152,29.69,0
22274.0,151,29.49,0
22274.0,150,29.30,0
22274.0,149,29.10,0
22274.0,148,28.91,0
22279.0,149,29.10,1
22284.0,150,29.30,1
22286.0,151,29.49,1
22289.0,152,29.69,1
22291.0,153,29.88,1
22294.0,154,30.08,1
22296.0,155,30.27,1
22301.0,156,30.47,1
22306.0,155,30.27,0
22306.0,154,30.08,0
22306.0,153,29.88,0
22306.0,152,29.69,0
22306.0,151,29.49,0
22306.0,150,29.30,0
22306.0,149,29.10,0
22306.0,148,28.91,0
22311.0,149,29.10,1
22316.0,150,29.30,1
22318.0,151,29.49,1
22321.0,152,29.69,1
22323.0,153,29.88,1
22326.0,154,30.08,1
22328.0,155,30.27,1
22333.0,156,30.47,1
22338.0,157,30.66,1
22343.0,158,30.86,1
22348.0,159,31.05,1
22349.5,158,30.86,0
22349.5,157,30.66,0
22349.5,156,30.47,0
22349.5,155,30.27,0
22349.5,154,30.08,0
22349.5,153,29.88,0
22349.5,152,29.69,0
22349.5,151,29.49,0
22353.0,152,29.69,1
22356.5,153,29.88,1
22361.5,154,30.08,1
22366.5,155,30.27,1
22371.5,156,30.47,1
22376.5,157,30.66,1
22381.5,158,30.86,1
22386.5,159,31.05,1
22391.5,160,31.25,1
22427.0,159,31.05,0
22427.0,158,30.86,0
22427.0,157,30.66,0
22427.0,156,30.47,0
22427.0,155,30.27,0
22427.0,154,30.08,0
22427.0,153,29.88,0
22427.0,152,29.69,0
22478.0,153,29.88,1
22483.0,154,30.08,1
22488.0,155,30.27,1
22491.0,154,30.08,0
22491.0,153,29.88,0
22491.0,152,29.69,0
22491.0,151,29.49,0
22491.0,150,29.30,0
22491.0,149,29.10,0
22491.0,148,28.91,0
22491.0,147,28.71,0
22493.0,148,28.91,1
22503.0,149,29.10,1
22508.0,150,29.30,1
22510.0,151,29.49,1
22513.0,152,29.69,1
22515.0,153,29.88,1
22518.0,154,30.08,1
22520.0,155,30.27,1
22523.0,154,30.08,0
22523.0,153,29.88,0
22523.0,152,29.69,0
22523.0,151,29.49,0
22523.0,150,29.30,0
22523.0,149,29.10,0
22523.0,148,28.91,0
22523.0,147,28.71,0
22525.0,148,28.91,1
22535.0,149,29.10,1
22540.0,150,29.30,1
22542.0,151,29.49,1
22545.0,152,29.69,1
22547.0,153,29.88,1
22550.0,154,30.08,1
22552.0,155,30.27,1
22555.5,154,30.08,0
22555.5,153,29.88,0
22555.5,152,29.69,0
22555.5,151,29.49,0
22555.5,150,29.30,0
22555.5,149,29.10,0
22555.5,148,28.91,0
22555.5,147,28.71,0
22557.0,148,28.91,1
22567.0,149,29.10,1
22572.0,150,29.30,1
22574.0,151,29.49,1
22577.0,152,29.69,1
22579.0,153,29.88,1
22582.0,154,30.08,1
22584.0,155,30.27,1
22587.0,154,30.08,0
22587.0,153,29.88,0
22587.0,152,29.69,0
22587.0,151,29.49,0
22587.0,150,29.30,0
22587.0,149,29.10,0
22587.0,148,28.91,0
22587.0,147,28.71,0
22589.0,148,28.91,1
22599.0,149,29.10,1
22604.0,150,29.30,1
22606.0,151,29.49,1
22609.0,152,29.69,1
22611.0,153,29.88,1
22614.0,154,30.08,1
22616.0,155,30.27,1
22621.0,156,30.47,1
22626.0,157,30.66,1
22631.0,158,30.86,1
22636.0,159,31.05,1
22638.0,160,31.25,1
22641.0,161,31.45,1
22643.0,162,31.64,1
22648.0,163,31.84,1
22651.0,162,31.64,0
22651.0,161,31.45,0
22651.0,160,31.25,0
22651.0,159,31.05,0
22651.0,158,30.86,0
22651.0,157,30.66,0
22651.0,156,30.47,0
22651.0,155,30.27,0
22653.0,156,30.47,1
22663.0,157,30.66,1
22668.0,158,30.86,1
22673.0,159,31.05,1
22678.0,160,31.25,1
22683.0,161,31.45,1
22683.0,160,31.25,0
22683.0,159,31.05,0
22683.0,158,30.86,0
22683.0,157,30.66,0
22683.0,156,30.47,0
22683.0,155,30.27,0
22683.0,154,30.08,0
22683.0,153,29.88,0
22688.0,154,30.08,1
22693.0,155,30.27,1
22698.0,156,30.47,1
22702.0,157,30.66,1
22707.0,158,30.86,1
22708.0,159,31.05,1
22712.0,160,31.25,1
22713.0,161,31.45,1
22717.0,162,31.64,1
22718.0,163,31.84,1
22722.0,164,32.03,1
22723.0,165,32.23,1
22727.0,166,32.42,1
22732.0,167,32.62,1
22737.0,168,32.81,1
22742.0,169,33.01,1
22747.0,170,33.20,1
22752.0,171,33.40,1
22757.0,172,33.59,1
22762.0,173,33.79,1
22766.5,174,33.98,1
22767.0,173,33.79,0
22767.0,172,33.59,0
22767.0,171,33.40,0
22767.0,170,33.20,0
22767.0,169,33.01,0
22767.0,168,32.81,0
22767.0,167,32.62,0
22767.0,166,32.42,0
22771.5,167,32.62,1
22772.0,168,32.81,1
22776.5,169,33.01,1
22777.0,170,33.20,1
22779.0,169,33.01,0
22779.0,168,32.81,0
22779.0,167,32.62,0
22779.0,166,32.42,0
22779.0,165,32.23,0
22779.0,164,32.03,0
22779.0,163,31.84,0
22779.0,162,31.64,0
22781.5,163,31.84,1
22782.0,164,32.03,1
22791.5,165,32.23,1
22796.5,166,32.42,1
22798.0,167,32.62,1
22801.5,168,32.81,1
22803.0,169,33.01,1
22806.5,170,33.20,1
22808.0,171,33.40,1
22813.0,172,33.59,1
22818.0,173,33.79,1
22823.0,174,33.98,1
22828.0,175,34.18,1
22830.0,176,34.38,1
22833.0,177,34.57,1
22835.0,178,34.77,1
22840.0,179,34.96,1
22843.0,178,34.77,0
22843.0,177,34.57,0
22843.0,176,34.38,0
22843.0,175,34.18,0
22843.0,174,33.98,0
22843.0,173,33.79,0
22843.0,172,33.59,0
22843.0,171,33.40,0
22845.0,172,33.59,1
22855.0,173,33.79,1
22860.0,174,33.98,1
22862.0,175,34.18,1
22865.0,176,34.38,1
22867.0,177,34.57,1
22870.0,178,34.77,1
22872.0,179,34.96,1
22877.0,180,35.16,1
22880.0,179,34.96,0
22880.0,178,34.77,0
22880.0,177,34.57,0
22880.0,176,34.38,0
22880.0,175,34.18,0
22880.0,174,33.98,0
22880.0,173,33.79,0
22880.0,172,33.59,0
22887.0,173,33.79,1
22892.0,174,33.98,1
22897.0,175,34.18,1
22902.0,176,34.38,1
22907.0,175,34.18,0
22907.0,174,33.98,0
22907.0,173,33.79,0
22907.0,172,33.59,0
22907.0,171,33.40,0
22907.0,170,33.20,0
22907.0,169,33.01,0
22907.0,168,32.81,0
22927.0,169,33.01,1
22932.0,170,33.20,1
22937.0,171,33.40,1
22942.0,172,33.59,1
22947.0,173,33.79,1
22952.0,174,33.98,1
22955.0,173,33.79,0
22955.0,172,33.59,0
22955.0,171,33.40,0
22955.0,170,33.20,0
22955.0,169,33.01,0
22955.0,168,32.81,0
22955.0,167,32.62,0
22955.0,166,32.42,0
22957.0,167,32.62,1
22962.0,168,32.81,1
22971.0,167,32.62,0
22971.0,166,32.42,0
22971.0,165,32.23,0
22971.0,164,32.03,0
22971.0,163,31.84,0
22971.0,162,31.64,0
22971.0,161,31.45,0
22971.0,160,31.25,0
22990.0,161,31.45,1
22995.0,162,31.64,1
23000.0,163,31.84,1
23005.0,164,32.03,1
23010.0,163,31.84,0
23010.0,162,31.64,0
23010.0,161,31.45,0
23010.0,160,31.25,0
23010.0,159,31.05,0
23010.0,158,30.86,0
23010.0,157,30.66,0
23010.0,156,30.47,0
23015.0,157,30.66,1
23020.0,158,30.86,1
23022.0,159,31.05,1
23025.0,160,31.25,1
23027.0,161,31.45,1
23030.0,162,31.64,1
23032.0,163,31.84,1
23037.0,164,32.03,1
23042.0,165,32.23,1
23047.0,166,32.42,1
23052.0,167,32.62,1
23057.0,168,32.81,1
23067.0,167,32.62,0
23067.0,166,32.42,0
23067.0,165,32.23,0
23067.0,164,32.03,0
23067.0,163,31.84,0
23067.0,162,31.64,0
23067.0,161,31.45,0
23067.0,160,31.25,0
23086.0,161,31.45,1
23091.0,162,31.64,1
23096.0,163,31.84,1
23101.0,164,32.03,1
23106.0,163,31.84,0
23106.0,162,31.64,0
23106.0,161,31.45,0
23106.0,160,31.25,0
23106.0,159,31.05,0
23106.0,158,30.86,0
23106.0,157,30.66,0
23106.0,156,30.47,0
23111.0,157,30.66,1
23116.0,158,30.86,1
23118.0,159,31.05,1
23121.0,160,31.25,1
23123.0,161,31.45,1
23126.0,162,31.64,1
23128.0,163,31.84,1
23131.0,162,31.64,0
23131.0,161,31.45,0
23131.0,160,31.25,0
23131.0,159,31.05,0
23131.0,158,30.86,0
23131.0,157,30.66,0
23131.0,156,30.47,0
23131.0,155,30.27,0
23133.0,156,30.47,1
23143.0,157,30.66,1
23148.0,158,30.86,1
23153.0,159,31.05,1
23158.0,160,31.25,1
23163.0,159,31.05,0
23163.0,158,30.86,0
23163.0,157,30.66,0
23163.0,156,30.47,0
23163.0,155,30.27,0
23163.0,154,30.08,0
23163.0,153,29.88,0
23163.0,152,29.69,0
23202.0,151,29.49,0
23202.0,150,29.30,0
23202.0,149,29.10,0
23202.0,148,28.91,0
23202.0,147,28.71,0
23202.0,146,28.52,0
23202.0,145,28.32,0
23202.0,144,28.12,0
23217.0,145,28.32,1
23222.0,146,28.52,1
23227.0,147,28.71,1
23232.0,148,28.91,1
23237.0,149,29.10,1
23242.0,150,29.30,1
23246.0,151,29.49,1
23247.0,152,29.69,1
23251.0,153,29.88,1
23252.0,154,30.08,1
23256.0,155,30.27,1
23261.0,156,30.47,1
23266.0,157,30.66,1
23271.0,158,30.86,1
23276.0,159,31.05,1
23281.0,160,31.25,1
23286.0,161,31.45,1
23291.0,162,31.64,1
23296.0,163,31.84,1
23301.0,164,32.03,1
23306.0,165,32.23,1
23310.0,166,32.42,1
23311.0,167,32.62,1
23315.0,168,32.81,1
23316.0,169,33.01,1
23320.0,170,33.20,1
23321.0,171,33.40,1
23325.0,172,33.59,1
23330.0,171,33.40,0
23330.0,170,33.20,0
23330.0,169,33.01,0
23330.0,168,32.81,0
23330.0,167,32.62,0
23330.0,166,32.42,0
23330.0,165,32.23,0
23330.0,164,32.03,0
23335.0,165,32.23,1
23340.0,166,32.42,1
23342.0,167,32.62,1
23345.0,168,32.81,1
23347.0,169,33.01,1
23350.0,170,33.20,1
23352.0,171,33.40,1
23357.0,172,33.59,1
23362.0,171,33.40,0
23362.0,170,33.20,0
23362.0,169,33.01,0
23362.0,168,32.81,0
23362.0,167,32.62,0
23362.0,166,32.42,0
23362.0,165,32.23,0
23362.0,164,32.03,0
23367.0,165,32.23,1
23372.0,166,32.42,1
23377.0,167,32.62,1
23382.0,168,32.81,1
23388.5,167,32.62,0
23388.5,166,32.42,0
23388.5,165,32.23,0
23388.5,164,32.03,0
23388.5,163,31.84,0
23388.5,162,31.64,0
23388.5,161,31.45,0
23388.5,160,31.25,0
23406.0,161,31.45,1
23411.0,162,31.64,1
23416.0,163,31.84,1
23419.0,162,31.64,0
23419.0,161,31.45,0
23419.0,160,31.25,0
23419.0,159,31.05,0
23419.0,158,30.86,0
23419.0,157,30.66,0
23419.0,156,30.47,0
23419.0,155,30.27,0
23421.0,156,30.47,1
23431.0,157,30.66,1
23436.0,158,30.86,1
23438.0,159,31.05,1
23441.0,160,31.25,1
23443.0,161,31.45,1
23446.0,162,31.64,1
23448.0,163,31.84,1
23451.0,162,31.64,0
23451.0,161,31.45,0
23451.0,160,31.25,0
23451.0,159,31.05,0
23451.0,158,30.86,0
23451.0,157,30.66,0
23451.0,156,30.47,0
23451.0,155,30.27,0
23453.0,156,30.47,1
23463.0,157,30.66,1
23468.0,158,30.86,1
23473.0,159,31.05,1
23478.0,160,31.25,1
23483.0,159,31.05,0
23483.0,158,30.86,0
23483.0,157,30.66,0
23483.0,156,30.47,0
23483.0,155,30.27,0
23483.0,154,30.08,0
23483.0,153,29.88,0
23483.0,152,29.69,0
23530.5,151,29.49,0
23530.5,150,29.30,0
23530.5,149,29.10,0
23530.5,148,28.91,0
23530.5,147,28.71,0
23530.5,146,28.52,0
23530.5,145,28.32,0
23530.5,144,28.12,0
23547.0,143,27.93,0
23547.0,142,27.73,0
23547.0,141,27.54,0
23547.0,140,27.34,0
23547.0,139,27.15,0
23547.0,138,26.95,0
23547.0,137,26.76,0
23547.0,136,26.56,0
23566.0,137,26.76,1
23571.0,138,26.95,1
23576.0,139,27.15,1
23581.0,140,27.34,1
23586.0,141,27.54,1
23587.0,140,27.34,0
23587.0,139,27.15,0
23587.0,138,26.95,0
23587.0,137,26.76,0
23587.0,136,26.56,0
23587.0,135,26.37,0
23587.0,134,26.17,0
23587.0,133,25.98,0
23591.0,134,26.17,1
23598.0,135,26.37,1
23601.0,136,26.56,1
23603.0,137,26.76,1
23606.0,138,26.95,1
23608.0,139,27.15,1
23613.0,140,27.34,1
23616.0,139,27.15,0
23616.0,138,26.95,0
23616.0,137,26.76,0
23616.0,136,26.56,0
23616.0,135,26.37,0
23616.0,134,26.17,0
23616.0,133,25.98,0
23616.0,132,25.78,0
23623.0,133,25.98,1
23628.0,134,26.17,1
23630.5,135,26.37,1
23633.0,136,26.56,1
23635.5,137,26.76,1
23638.0,138,26.95,1
23640.5,139,27.15,1
23645.5,140,27.34,1
23650.5,139,27.15,0
23650.5,138,26.95,0
23650.5,137,26.76,0
23650.5,136,26.56,0
23650.5,135,26.37,0
23650.5,134,26.17,0
23650.5,133,25.98,0
23650.5,132,25.78,0
23655.5,133,25.98,1
23660.5,134,26.17,1
23665.5,135,26.37,1
23670.5,136,26.56,1
23675.0,135,26.37,0
23675.0,134,26.17,0
23675.0,133,25.98,0
23675.0,132,25.78,0
23675.0,131,25.59,0
23675.0,130,25.39,0
23675.0,129,25.20,0
23675.0,128,25.00,0
23695.0,129,25.20,1
23700.0,130,25.39,1
23705.0,131,25.59,1
23707.0,130,25.39,0
23707.0,129,25.20,0
23707.0,128,25.00,0
23707.0,127,24.80,0
23707.0,126,24.61,0
23707.0,125,24.41,0
23707.0,124,24.22,0
23707.0,123,24.02,0
23710.0,124,24.22,1
23720.0,125,24.41,1
23725.0,126,24.61,1
23730.0,127,24.80,1
23735.0,128,25.00,1
23740.0,129,25.20,1
23745.0,130,25.39,1
23750.0,131,25.59,1
23755.0,132,25.78,1
23758.0,133,25.98,1
23760.0,134,26.17,1
23763.0,135,26.37,1
23765.0,136,26.56,1
23768.0,137,26.76,1
23770.0,138,26.95,1
23773.0,139,27.15,1
23775.0,140,27.34,1
23783.0,141,27.54,1
23785.0,140,27.34,0
23785.0,139,27.15,0
23785.0,138,26.95,0
23785.0,137,26.76,0
23785.0,136,26.56,0
23785.0,135,26.37,0
23785.0,134,26.17,0
23785.0,133,25.98,0
23788.0,134,26.17,1
23790.0,135,26.37,1
23793.0,136,26.56,1
23795.0,137,26.76,1
23798.0,138,26.95,1
23800.0,139,27.15,1
23805.0,140,27.34,1
23810.0,141,27.54,1
23815.0,142,27.73,1
23820.0,143,27.93,1
23825.0,144,28.12,1
23835.0,143,27.93,0
23835.0,142,27.73,0
23835.0,141,27.54,0
23835.0,140,27.34,0
23835.0,139,27.15,0
23835.0,138,26.95,0
23835.0,137,26.76,0
23835.0,136,26.56,0
23867.0,135,26.37,0
23867.0,134,26.17,0
23867.0,133,25.98,0
23867.0,132,25.78,0
23867.0,131,25.59,0
23867.0,130,25.39,0
23867.0,129,25.20,0
23867.0,128,25.00,0
23886.0,129,25.20,1
23891.0,130,25.39,1
23896.0,131,25.59,1
23901.0,132,25.78,1
23906.0,133,25.98,1
23911.0,134,26.17,1
23916.0,135,26.37,1
23918.0,136,26.56,1
23921.0,137,26.76,1
23923.0,138,26.95,1
23928.0,139,27.15,1
23932.5,138,26.95,0
23932.5,137,26.76,0
23932.5,136,26.56,0
23932.5,135,26.37,0
23932.5,134,26.17,0
23932.5,133,25.98,0
23932.5,132,25.78,0
23932.5,131,25.59,0
23933.0,132,25.78,1
23943.0,133,25.98,1
23948.0,134,26.17,1
23953.0,135,26.37,1
23958.0,136,26.56,1
23963.0,137,26.76,1
23963.0,136,26.56,0
23963.0,135,26.37,0
23963.0,134,26.17,0
23963.0,133,25.98,0
23963.0,132,25.78,0
23963.0,131,25.59,0
23963.0,130,25.39,0
23963.0,129,25.20,0
23968.0,130,25.39,1
23973.0,131,25.59,1
23978.0,132,25.78,1
23983.0,131,25.59,0
23983.0,130,25.39,0
23983.0,129,25.20,0
23983.0,128,25.00,0
23983.0,127,24.80,0
23983.0,126,24.61,0
23983.0,125,24.41,0
23983.0,124,24.22,0
23988.0,125,24.41,1
23993.0,126,24.61,1
23998.0,127,24.80,1
24003.0,128,25.00,1
24014.0,129,25.20,1
24019.0,130,25.39,1
24024.0,131,25.59,1
24029.0,132,25.78,1
24034.0,133,25.98,1
24039.0,134,26.17,1
24044.0,135,26.37,1
24049.0,136,26.56,1
24062.0,135,26.37,0
24062.0,134,26.17,0
24062.0,133,25.98,0
24062.0,132,25.78,0
24062.0,131,25.59,0
24062.0,130,25.39,0
24062.0,129,25.20,0
24062.0,128,25.00,0
24078.0,129,25.20,1
24083.0,130,25.39,1
24088.0,131,25.59,1
24093.0,132,25.78,1
24098.0,131,25.59,0
24098.0,130,25.39,0
24098.0,129,25.20,0
24098.0,128,25.00,0
24098.0,127,24.80,0
24098.0,126,24.61,0
24098.0,125,24.41,0
24098.0,124,24.22,0
24103.0,125,24.41,1
24108.0,126,24.61,1
24110.0,127,24.80,1
24113.0,128,25.00,1
24115.0,129,25.20,1
24118.0,130,25.39,1
24120.0,131,25.59,1
24125.0,132,25.78,1
24130.0,133,25.98,1
24131.0,132,25.78,0
24131.0,131,25.59,0
24131.0,130,25.39,0
24131.0,129,25.20,0
24131.0,128,25.00,0
24131.0,127,24.80,0
24131.0,126,24.61,0
24131.0,125,24.41,0
24135.0,126,24.61,1
24145.0,127,24.80,1
24150.0,128,25.00,1
24155.0,129,25.20,1
24160.0,130,25.39,1
24165.0,131,25.59,1
24170.0,132,25.78,1
24174.0,133,25.98,1
24175.0,132,25.78,0
24175.0,131,25.59,0
24175.0,130,25.39,0
24175.0,129,25.20,0
24175.0,128,25.00,0
24175.0,127,24.80,0
24175.0,126,24.61,0
24175.0,125,24.41,0
24179.0,126,24.61,1
24180.0,127,24.80,1
24184.0,128,25.00,1
24185.0,129,25.20,1
24189.0,130,25.39,1
24190.0,131,25.59,1
24194.0,130,25.39,0
24194.0,129,25.20,0
24194.0,128,25.00,0
24194.0,127,24.80,0
24194.0,126,24.61,0
24194.0,125,24.41,0
24194.0,124,24.22,0
24194.0,123,24.02,0
24195.0,124,24.22,1
24199.0,125,24.41,1
24204.0,126,24.61,1
24209.0,127,24.80,1
24210.0,128,25.00,1
24214.0,129,25.20,1
24215.0,130,25.39,1
24220.0,131,25.59,1
24225.0,132,25.78,1
24230.0,133,25.98,1
24235.0,134,26.17,1
24240.0,135,26.37,1
24245.0,136,26.56,1
24251.0,135,26.37,0
24251.0,134,26.17,0
24251.0,133,25.98,0
24251.0,132,25.78,0
24251.0,131,25.59,0
24251.0,130,25.39,0
24251.0,129,25.20,0
24251.0,128,25.00,0
24283.0,127,24.80,0
24283.0,126,24.61,0
24283.0,125,24.41,0
24283.0,124,24.22,0
24283.0,123,24.02,0
24283.0,122,23.83,0
24283.0,121,23.63,0
24283.0,120,23.44,0
24334.0,121,23.63,1
24339.0,122,23.83,1
24344.0,123,24.02,1
24349.0,124,24.22,1
24354.0,125,24.41,1
24359.0,126,24.61,1
24364.0,127,24.80,1
24366.0,128,25.00,1
24369.0,129,25.20,1
24371.0,130,25.39,1
24376.0,131,25.59,1
24381.0,132,25.78,1
24386.0,133,25.98,1
24391.0,134,26.17,1
24396.0,135,26.37,1
24401.0,136,26.56,1
24411.0,135,26.37,0
24411.0,134,26.17,0
24411.0,133,25.98,0
24411.0,132,25.78,0
24411.0,131,25.59,0
24411.0,130,25.39,0
24411.0,129,25.20,0
24411.0,128,25.00,0
24430.0,129,25.20,1
24435.0,130,25.39,1
24440.0,131,25.59,1
24443.0,130,25.39,0
24443.0,129,25.20,0
24443.0,128,25.00,0
24443.0,127,24.80,0
24443.0,126,24.61,0
24443.0,125,24.41,0
24443.0,124,24.22,0
24443.0,123,24.02,0
24445.0,124,24.22,1
24455.0,125,24.41,1
24460.0,126,24.61,1
24465.0,127,24.80,1
24470.0,128,25.00,1
24475.0,129,25.20,1
24475.5,128,25.00,0
24475.5,127,24.80,0
24475.5,126,24.61,0
24475.5,125,24.41,0
24475.5,124,24.22,0
24475.5,123,24.02,0
24475.5,122,23.83,0
24475.5,121,23.63,0
24480.0,122,23.83,1
24485.0,123,24.02,1
24490.0,124,24.22,1
24500.0,125,24.41,1
24505.0,126,24.61,1
24510.0,127,24.80,1
24515.0,128,25.00,1
24540.0,127,24.80,0
24540.0,126,24.61,0
24540.0,125,24.41,0
24540.0,124,24.22,0
24540.0,123,24.02,0
24540.0,122,23.83,0
24540.0,121,23.63,0
24540.0,120,23.44,0
24559.0,121,23.63,1
24564.0,122,23.83,1
24569.0,123,24.02,1
24574.0,124,24.22,1
24579.0,125,24.41,1
24584.0,126,24.61,1
24589.0,127,24.80,1
24591.5,128,25.00,1
24594.0,127,24.80,0
24594.0,126,24.61,0
24594.0,125,24.41,0
24594.0,124,24.22,0
24594.0,123,24.02,0
24594.0,122,23.83,0
24594.0,121,23.63,0
24594.0,120,23.44,0
24597.5,121,23.63,1
24599.0,122,23.83,1
24602.5,123,24.02,1
24603.0,122,23.83,0
24603.0,121,23.63,0
24603.0,120,23.44,0
24603.0,119,23.24,0
24603.0,118,23.05,0
24603.0,117,22.85,0
24603.0,116,22.66,0
24603.0,115,22.46,0
24607.5,116,22.66,1
24617.5,117,22.85,1
24622.0,118,23.05,1
24622.5,119,23.24,1
24627.0,120,23.44,1
24627.5,121,23.63,1
24632.0,122,23.83,1
24632.5,123,24.02,1
24635.0,122,23.83,0
24635.0,121,23.63,0
24635.0,120,23.44,0
24635.0,119,23.24,0
24635.0,118,23.05,0
24635.0,117,22.85,0
24635.0,116,22.66,0
24635.0,115,22.46,0
24637.0,116,22.66,1
24647.0,117,22.85,1
24652.0,118,23.05,1
24657.0,119,23.24,1
24662.0,120,23.44,1
24686.0,121,23.63,1
24691.0,122,23.83,1
24696.0,123,24.02,1
24701.0,124,24.22,1
24706.0,125,24.41,1
24711.0,126,24.61,1
24716.0,127,24.80,1
24721.0,128,25.00,1
24726.0,129,25.20,1
24731.0,130,25.39,1
24736.0,131,25.59,1
24741.0,132,25.78,1
24746.0,131,25.59,0
24746.0,130,25.39,0
24746.0,129,25.20,0
24746.0,128,25.00,0
24746.0,127,24.80,0
24746.0,126,24.61,0
24746.0,125,24.41,0
24746.0,124,24.22,0
24750.0,125,24.41,1
24751.0,126,24.61,1
24755.0,127,24.80,1
24756.0,128,25.00,1
24760.0,129,25.20,1
24761.0,130,25.39,1
24765.0,131,25.59,1
24766.0,132,25.78,1
24770.0,133,25.98,1
24775.0,134,26.17,1
24780.0,135,26.37,1
24782.0,136,26.56,1
24785.0,137,26.76,1
24787.0,138,26.95,1
24792.0,139,27.15,1
24797.0,140,27.34,1
24802.0,141,27.54,1
24807.0,142,27.73,1
24811.0,141,27.54,0
24811.0,140,27.34,0
24811.0,139,27.15,0
24811.0,138,26.95,0
24811.0,137,26.76,0
24811.0,136,26.56,0
24811.0,135,26.37,0
24811.0,134,26.17,0
24812.0,135,26.37,1
24817.0,136,26.56,1
24846.0,137,26.76,1
24851.0,138,26.95,1
24856.0,139,27.15,1
24859.0,138,26.95,0
24859.0,137,26.76,0
24859.0,136,26.56,0
24859.0,135,26.37,0
24859.0,134,26.17,0
24859.0,133,25.98,0
24859.0,132,25.78,0
24859.0,131,25.59,0
24861.0,132,25.78,1
24871.0,133,25.98,1
24876.0,134,26.17,1
24878.0,135,26.37,1
24881.0,136,26.56,1
24883.0,137,26.76,1
24886.0,138,26.95,1
24888.0,139,27.15,1
24893.0,140,27.34,1
24898.0,141,27.54,1
24903.0,142,27.73,1
24908.0,143,27.93,1
24913.0,144,28.12,1
24923.0,143,27.93,0
24923.0,142,27.73,0
24923.0,141,27.54,0
24923.0,140,27.34,0
24923.0,139,27.15,0
24923.0,138,26.95,0
24923.0,137,26.76,0
24923.0,136,26.56,0
24942.0,137,26.76,1
24947.0,138,26.95,1
24952.0,139,27.15,1
24955.0,138,26.95,0
24955.0,137,26.76,0
24955.0,136,26.56,0
24955.0,135,26.37,0
24955.0,134,26.17,0
24955.0,133,25.98,0
24955.0,132,25.78,0
24955.0,131,25.59,0
24957.0,132,25.78,1
24967.0,133,25.98,1
24972.0,134,26.17,1
24974.0,135,26.37,1
24977.0,136,26.56,1
24979.0,137,26.76,1
24982.0,138,26.95,1
24984.0,139,27.15,1
24989.0,140,27.34,1
24994.0,141,27.54,1
24999.0,142,27.73,1
25004.0,143,27.93,1
25009.0,144,28.12,1
25014.0,143,27.93,0
25014.0,142,27.73,0
25014.0,141,27.54,0
25014.0,140,27.34,0
25014.0,139,27.15,0
25014.0,138,26.95,0
25014.0,137,26.76,0
25014.0,136,26.56,0
25019.0,135,26.37,0
25019.0,134,26.17,0
25019.0,133,25.98,0
25019.0,132,25.78,0
25019.0,131,25.59,0
25019.0,130,25.39,0
25019.0,129,25.20,0
25019.0,128,25.00,0
25055.0,127,24.80,0
25055.0,126,24.61,0
25055.0,125,24.41,0
25055.0,124,24.22,0
25055.0,123,24.02,0
25055.0,122,23.83,0
25055.0,121,23.63,0
25055.0,120,23.44,0
25070.0,121,23.63,1
25075.0,122,23.83,1
25080.0,123,24.02,1
25085.0,124,24.22,1
25090.0,125,24.41,1
25095.0,126,24.61,1
25100.0,127,24.80,1
25105.0,128,25.00,1
25110.0,129,25.20,1
25115.0,130,25.39,1
25120.0,131,25.59,1
25125.0,132,25.78,1
25130.0,133,25.98,1
25135.0,134,26.17,1
25140.0,135,26.37,1
25145.0,136,26.56,1
25166.0,137,26.76,1
25171.0,138,26.95,1
25176.0,139,27.15,1
25179.0,138,26.95,0
25179.0,137,26.76,0
25179.0,136,26.56,0
25179.0,135,26.37,0
25179.0,134,26.17,0
25179.0,133,25.98,0
25179.0,132,25.78,0
25179.0,131,25.59,0
25181.0,132,25.78,1
25191.0,133,25.98,1
25196.0,134,26.17,1
25198.0,135,26.37,1
25201.0,136,26.56,1
25203.0,137,26.76,1
25206.0,138,26.95,1
25208.0,139,27.15,1
25213.0,140,27.34,1
25216.0,139,27.15,0
25216.0,138,26.95,0
25216.0,137,26.76,0
25216.0,136,26.56,0
25216.0,135,26.37,0
25216.0,134,26.17,0
25216.0,133,25.98,0
25216.0,132,25.78,0
25223.0,133,25.98,1
25228.0,134,26.17,1
25233.0,135,26.37,1
25238.0,136,26.56,1
25262.0,137,26.76,1
25267.0,138,26.95,1
25272.0,139,27.15,1
25275.0,138,26.95,0
25275.0,137,26.76,0
25275.0,136,26.56,0
25275.0,135,26.37,0
25275.0,134,26.17,0
25275.0,133,25.98,0
25275.0,132,25.78,0
25275.0,131,25.59,0
25277.0,132,25.78,1
25287.0,133,25.98,1
25292.0,134,26.17,1
25297.0,135,26.37,1
25302.0,136,26.56,1
25307.0,137,26.76,1
25312.0,138,26.95,1
25317.0,139,27.15,1
25322.0,140,27.34,1
25323.0,139,27.15,0
25323.0,138,26.95,0
25323.0,137,26.76,0
25323.0,136,26.56,0
25323.0,135,26.37,0
25323.0,134,26.17,0
25323.0,133,25.98,0
25323.0,132,25.78,0
25327.0,133,25.98,1
25332.0,134,26.17,1
25337.0,135,26.37,1
25342.0,136,26.56,1
25358.0,137,26.76,1
25363.0,138,26.95,1
25368.0,139,27.15,1
25373.0,140,27.34,1
25378.0,141,27.54,1
25383.0,142,27.73,1
25388.0,143,27.93,1
25393.0,144,28.12,1
25408.0,143,27.93,0
25408.0,142,27.73,0
25408.0,141,27.54,0
25408.0,140,27.34,0
25408.0,139,27.15,0
25408.0,138,26.95,0
25408.0,137,26.76,0
25408.0,136,26.56,0
25422.0,137,26.76,1
25427.0,138,26.95,1
25432.0,139,27.15,1
25437.0,140,27.34,1
25440.0,139,27.15,0
25440.0,138,26.95,0
25440.0,137,26.76,0
25440.0,136,26.56,0
25440.0,135,26.37,0
25440.0,134,26.17,0
25440.0,133,25.98,0
25440.0,132,25.78,0
25442.0,133,25.98,1
25452.0,134,26.17,1
25454.0,135,26.37,1
25457.0,136,26.56,1
25459.0,137,26.76,1
25462.0,138,26.95,1
25464.0,139,27.15,1
25469.0,140,27.34,1
25474.0,139,27.15,0
25474.0,138,26.95,0
25474.0,137,26.76,0
25474.0,136,26.56,0
25474.0,135,26.37,0
25474.0,134,26.17,0
25474.0,133,25.98,0
25474.0,132,25.78,0
25479.0,133,25.98,1
25484.0,134,26.17,1
25489.0,135,26.37,1
25494.0,136,26.56,1
25518.0,137,26.76,1
25523.0,138,26.95,1
25528.0,139,27.15,1
25533.0,140,27.34,1
25538.0,139,27.15,0
25538.0,138,26.95,0
25538.0,137,26.76,0
25538.0,136,26.56,0
25538.0,135,26.37,0
25538.0,134,26.17,0
25538.0,133,25.98,0
25538.0,132,25.78,0
25543.0,133,25.98,1
25548.0,134,26.17,1
25553.0,135,26.37,1
25558.0,136,26.56,1
25571.0,135,26.37,0
25571.0,134,26.17,0
25571.0,133,25.98,0
25571.0,132,25.78,0
25571.0,131,25.59,0
25571.0,130,25.39,0
25571.0,129,25.20,0
25571.0,128,25.00,0
25585.0,129,25.20,1
25590.0,130,25.39,1
25595.0,131,25.59,1
25600.0,132,25.78,1
25605.0,131,25.59,0
25605.0,130,25.39,0
25605.0,129,25.20,0
25605.0,128,25.00,0
25605.0,127,24.80,0
25605.0,126,24.61,0
25605.0,125,24.41,0
25605.0,124,24.22,0
25610.0,125,24.41,1
25615.0,126,24.61,1
25620.0,127,24.80,1
25625.0,128,25.00,1
25627.0,127,24.80,0
25627.0,126,24.61,0
25627.0,125,24.41,0
25627.0,124,24.22,0
25627.0,123,24.02,0
25627.0,122,23.83,0
25627.0,121,23.63,0
25627.0,120,23.44,0
25678.0,121,23.63,1
25683.0,122,23.83,1
25688.0,123,24.02,1
25691.0,122,23.83,0
25691.0,121,23.63,0
25691.0,120,23.44,0
25691.0,119,23.24,0
25691.0,118,23.05,0
25691.0,117,22.85,0
25691.0,116,22.66,0
25691.0,115,22.46,0
25693.0,116,22.66,1
25703.0,117,22.85,1
25708.0,118,23.05,1
25710.0,119,23.24,1
25713.0,120,23.44,1
25715.0,121,23.63,1
25718.0,122,23.83,1
25720.0,123,24.02,1
25723.0,122,23.83,0
25723.0,121,23.63,0
25723.0,120,23.44,0
25723.0,119,23.24,0
25723.0,118,23.05,0
25723.0,117,22.85,0
25723.0,116,22.66,0
25723.0,115,22.46,0
25725.0,116,22.66,1
25735.0,117,22.85,1
25740.0,118,23.05,1
25745.0,119,23.24,1
25750.0,120,23.44,1
25774.0,121,23.63,1
25779.0,122,23.83,1
25784.0,123,24.02,1
25787.0,122,23.83,0
25787.0,121,23.63,0
25787.0,120,23.44,0
25787.0,119,23.24,0
25787.0,118,23.05,0
25787.0,117,22.85,0
25787.0,116,22.66,0
25787.0,115,22.46,0
25789.0,116,22.66,1
25799.0,117,22.85,1
25804.0,118,23.05,1
25806.0,119,23.24,1
25809.0,120,23.44,1
25811.0,121,23.63,1
25814.0,122,23.83,1
25816.0,123,24.02,1
25821.0,124,24.22,1
25824.0,123,24.02,0
25824.0,122,23.83,0
25824.0,121,23.63,0
25824.0,120,23.44,0
25824.0,119,23.24,0
25824.0,118,23.05,0
25824.0,117,22.85,0
25824.0,116,22.66,0
25831.0,117,22.85,1
25836.0,118,23.05,1
25838.0,119,23.24,1
25841.0,120,23.44,1
25843.0,121,23.63,1
25846.0,122,23.83,1
25848.0,123,24.02,1
25853.0,124,24.22,1
25858.0,125,24.41,1
25863.0,126,24.61,1
25868.0,127,24.80,1
25870.0,128,25.00,1
25873.0,129,25.20,1
25875.0,130,25.39,1
25880.0,131,25.59,1
25885.0,132,25.78,1
25890.0,133,25.98,1
25895.0,134,26.17,1
25900.0,135,26.37,1
25902.0,136,26.56,1
25905.0,137,26.76,1
25907.0,138,26.95,1
25912.0,139,27.15,1
25917.0,140,27.34,1
25922.0,139,27.15,0
25922.0,138,26.95,0
25922.0,137,26.76,0
25922.0,136,26.56,0
25922.0,135,26.37,0
25922.0,134,26.17,0
25922.0,133,25.98,0
25922.0,132,25.78,0
25927.0,133,25.98,1
25932.0,134,26.17,1
25934.0,135,26.37,1
25937.0,136,26.56,1
25939.0,137,26.76,1
25942.0,138,26.95,1
25944.0,139,27.15,1
25949.0,140,27.34,1
25954.0,141,27.54,1
25955.0,140,27.34,0
25955.0,139,27.15,0
25955.0,138,26.95,0
25955.0,137,26.76,0
25955.0,136,26.56,0
25955.0,135,26.37,0
25955.0,134,26.17,0
25955.0,133,25.98,0
25959.0,134,26.17,1
25969.0,135,26.37,1
25974.0,136,26.56,1
25998.0,137,26.76,1
26003.0,138,26.95,1
26008.0,139,27.15,1
26013.0,140,27.34,1
26018.0,139,27.15,0
26018.0,138,26.95,0
26018.0,137,26.76,0
26018.0,136,26.56,0
26018.0,135,26.37,0
26018.0,134,26.17,0
26018.0,133,25.98,0
26018.0,132,25.78,0
26023.0,133,25.98,1
26028.0,134,26.17,1
26030.0,135,26.37,1
26033.0,136,26.56,1
26035.0,137,26.76,1
26038.0,138,26.95,1
26040.0,139,27.15,1
26043.5,138,26.95,0
26043.5,137,26.76,0
26043.5,136,26.56,0
26043.5,135,26.37,0
26043.5,134,26.17,0
26043.5,133,25.98,0
26043.5,132,25.78,0
26043.5,131,25.59,0
26045.0,132,25.78,1
26055.0,133,25.98,1
26060.0,134,26.17,1
26065.0,135,26.37,1
26070.0,136,26.56,1
26107.0,135,26.37,0
26107.0,134,26.17,0
26107.0,133,25.98,0
26107.0,132,25.78,0
26107.0,131,25.59,0
26107.0,130,25.39,0
26107.0,129,25.20,0
26107.0,128,25.00,0
26126.0,129,25.20,1
26131.0,130,25.39,1
26136.0,131,25.59,1
26141.0,132,25.78,1
26146.0,133,25.98,1
26151.0,134,26.17,1
26155.0,133,25.98,0
26155.0,132,25.78,0
26155.0,131,25.59,0
26155.0,130,25.39,0
26155.0,129,25.20,0
26155.0,128,25.00,0
26155.0,127,24.80,0
26155.0,126,24.61,0
26156.0,127,24.80,1
26161.0,128,25.00,1
26171.0,129,25.20,1
26176.0,130,25.39,1
26181.0,131,25.59,1
26186.0,132,25.78,1
26190.0,133,25.98,1
26191.0,134,26.17,1
26195.0,135,26.37,1
26196.0,136,26.56,1
26200.0,137,26.76,1
26201.0,138,26.95,1
26205.0,139,27.15,1
26206.0,140,27.34,1
26210.0,139,27.15,0
26210.0,138,26.95,0
26210.0,137,26.76,0
26210.0,136,26.56,0
26210.0,135,26.37,0
26210.0,134,26.17,0
26210.0,133,25.98,0
26210.0,132,25.78,0
26215.0,133,25.98,1
26220.0,134,26.17,1
26222.0,135,26.37,1
26225.0,136,26.56,1
26227.0,137,26.76,1
26230.0,138,26.95,1
26232.0,139,27.15,1
26237.0,140,27.34,1
26242.0,141,27.54,1
26247.0,142,27.73,1
26252.0,143,27.93,1
26257.0,144,28.12,1
26267.0,143,27.93,0
26267.0,142,27.73,0
26267.0,141,27.54,0
26267.0,140,27.34,0
26267.0,139,27.15,0
26267.0,138,26.95,0
26267.0,137,26.76,0
26267.0,136,26.56,0
26299.0,135,26.37,0
26299.0,134,26.17,0
26299.0,133,25.98,0
26299.0,132,25.78,0
26299.0,131,25.59,0
26299.0,130,25.39,0
26299.0,129,25.20,0
26299.0,128,25.00,0
26318.0,129,25.20,1
26323.0,130,25.39,1
26328.0,131,25.59,1
26333.0,132,25.78,1
26338.0,133,25.98,1
26343.0,134,26.17,1
26348.0,135,26.37,1
26353.0,136,26.56,1
26363.0,135,26.37,0
26363.0,134,26.17,0
26363.0,133,25.98,0
26363.0,132,25.78,0
26363.0,131,25.59,0
26363.0,130,25.39,0
26363.0,129,25.20,0
26363.0,128,25.00,0
26432.5,127,24.80,0
26432.5,126,24.61,0
26432.5,125,24.41,0
26432.5,124,24.22,0
26432.5,123,24.02,0
26432.5,122,23.83,0
26432.5,121,23.63,0
26432.5,120,23.44,0
26523.0,119,23.24,0
26523.0,118,23.05,0
26523.0,117,22.85,0
26523.0,116,22.66,0
26523.0,115,22.46,0
26523.0,114,22.27,0
26523.0,113,22.07,0
26523.0,112,21.88,0
26544.0,113,22.07,1
26549.0,114,22.27,1
26554.0,115,22.46,1
26555.0,114,22.27,0
26555.0,113,22.07,0
26555.0,112,21.88,0
26555.0,111,21.68,0
26555.0,110,21.48,0
26555.0,109,21.29,0
26555.0,108,21.09,0
26555.0,107,20.90,0
26559.0,108,21.09,1
26569.0,109,21.29,1
26574.0,110,21.48,1
26574.0,111,21.68,1
26579.0,112,21.88,1
26579.0,113,22.07,1
26584.0,114,22.27,1
26584.0,115,22.46,1
26589.0,116,22.66,1
26594.0,117,22.85,1
26599.0,118,23.05,1
26604.0,119,23.24,1
26609.0,120,23.44,1
26619.0,119,23.24,0
26619.0,118,23.05,0
26619.0,117,22.85,0
26619.0,116,22.66,0
26619.0,115,22.46,0
26619.0,114,22.27,0
26619.0,113,22.07,0
26619.0,112,21.88,0
26638.0,113,22.07,1
26643.0,114,22.27,1
26648.0,115,22.46,1
26651.0,114,22.27,0
26651.0,113,22.07,0
26651.0,112,21.88,0
26651.0,111,21.68,0
26651.0,110,21.48,0
26651.0,109,21.29,0
26651.0,108,21.09,0
26651.0,107,20.90,0
26653.0,108,21.09,1
26663.0,109,21.29,1
26668.0,110,21.48,1
26670.0,111,21.68,1
26673.0,112,21.88,1
26675.0,113,22.07,1
26678.0,114,22.27,1
26680.0,115,22.46,1
26683.0,114,22.27,0
26683.0,113,22.07,0
26683.0,112,21.88,0
26683.0,111,21.68,0
26683.0,110,21.48,0
26683.0,109,21.29,0
26683.0,108,21.09,0
26683.0,107,20.90,0
26685.0,108,21.09,1
26695.0,109,21.29,1
26700.0,110,21.48,1
26702.0,111,21.68,1
26705.0,112,21.88,1
26707.0,113,22.07,1
26710.0,114,22.27,1
26712.0,115,22.46,1
26717.0,116,22.66,1
26720.0,115,22.46,0
26720.0,114,22.27,0
26720.0,113,22.07,0
26720.0,112,21.88,0
26720.0,111,21.68,0
26720.0,110,21.48,0
26720.0,109,21.29,0
26720.0,108,21.09,0
26727.0,109,21.29,1
26732.0,110,21.48,1
26734.0,111,21.68,1
26737.0,112,21.88,1
26739.0,113,22.07,1
26742.0,114,22.27,1
26744.0,115,22.46,1
26749.0,116,22.66,1
26754.0,115,22.46,0
26754.0,114,22.27,0
26754.0,113,22.07,0
26754.0,112,21.88,0
26754.0,111,21.68,0
26754.0,110,21.48,0
26754.0,109,21.29,0
26754.0,108,21.09,0
26759.0,109,21.29,1
26764.0,110,21.48,1
26769.0,111,21.68,1
26774.0,112,21.88,1
26779.0,113,22.07,1
26779.0,112,21.88,0
26779.0,111,21.68,0
26779.0,110,21.48,0
26779.0,109,21.29,0
26779.0,108,21.09,0
26779.0,107,20.90,0
26779.0,106,20.70,0
26779.0,105,20.51,0
26784.0,106,20.70,1
26789.0,107,20.90,1
26794.0,108,21.09,1
26798.0,109,21.29,1
26803.0,110,21.48,1
26804.0,111,21.68,1
26808.0,112,21.88,1
26809.0,113,22.07,1
26813.0,114,22.27,1
26814.0,115,22.46,1
26818.0,116,22.66,1
26819.0,117,22.85,1
26823.0,118,23.05,1
26828.0,119,23.24,1
26833.0,120,23.44,1
26843.0,119,23.24,0
26843.0,118,23.05,0
26843.0,117,22.85,0
26843.0,116,22.66,0
26843.0,115,22.46,0
26843.0,114,22.27,0
26843.0,113,22.07,0
26843.0,112,21.88,0
26862.0,113,22.07,1
26867.0,114,22.27,1
26872.0,115,22.46,1
26877.0,116,22.66,1
26882.0,115,22.46,0
26882.0,114,22.27,0
26882.0,113,22.07,0
26882.0,112,21.88,0
26882.0,111,21.68,0
26882.0,110,21.48,0
26882.0,109,21.29,0
26882.0,108,21.09,0
26887.0,109,21.29,1
26892.0,110,21.48,1
26894.0,111,21.68,1
26897.0,112,21.88,1
26899.0,113,22.07,1
26902.0,114,22.27,1
26904.0,115,22.46,1
26909.0,116,22.66,1
26914.0,117,22.85,1
26919.0,118,23.05,1
26924.0,119,23.24,1
26929.0,120,23.44,1
26934.0,121,23.63,1
26939.0,122,23.83,1
26944.0,123,24.02,1
26949.0,124,24.22,1
26954.0,125,24.41,1
26958.0,126,24.61,1
26959.0,127,24.80,1
26963.0,128,25.00,1
26964.0,129,25.20,1
26968.0,130,25.39,1
26969.0,131,25.59,1
26973.0,132,25.78,1
26979.0,131,25.59,0
26979.0,130,25.39,0
26979.0,129,25.20,0
26979.0,128,25.00,0
26979.0,127,24.80,0
26979.0,126,24.61,0
26979.0,125,24.41,0
26979.0,124,24.22,0
26983.0,125,24.41,1
26988.0,126,24.61,1
26990.0,127,24.80,1
26993.0,128,25.00,1
26995.0,129,25.20,1
26998.0,130,25.39,1
27000.0,131,25.59,1
27005.0,132,25.78,1
27010.0,133,25.98,1
27015.0,134,26.17,1
27020.0,135,26.37,1
27021.5,134,26.17,0
27021.5,133,25.98,0
27021.5,132,25.78,0
27021.5,131,25.59,0
27021.5,130,25.39,0
27021.5,129,25.20,0
27021.5,128,25.00,0
27021.5,127,24.80,0
27025.0,128,25.00,1
27026.5,129,25.20,1
27031.5,130,25.39,1
27035.0,129,25.20,0
27035.0,128,25.00,0
27035.0,127,24.80,0
27035.0,126,24.61,0
27035.0,125,24.41,0
27035.0,124,24.22,0
27035.0,123,24.02,0
27035.0,122,23.83,0
27036.5,123,24.02,1
27046.5,124,24.22,1
27051.5,125,24.41,1
27056.5,126,24.61,1
27061.5,127,24.80,1
27066.5,128,25.00,1
27071.5,127,24.80,0
27071.5,126,24.61,0
27071.5,125,24.41,0
27071.5,124,24.22,0
27071.5,123,24.02,0
27071.5,122,23.83,0
27071.5,121,23.63,0
27071.5,120,23.44,0
27150.0,121,23.63,1
27155.0,122,23.83,1
27160.0,123,24.02,1
27165.0,124,24.22,1
27170.0,123,24.02,0
27170.0,122,23.83,0
27170.0,121,23.63,0
27170.0,120,23.44,0
27170.0,119,23.24,0
27170.0,118,23.05,0
27170.0,117,22.85,0
27170.0,116,22.66,0
27175.0,117,22.85,1
27180.0,118,23.05,1
27185.0,119,23.24,1
27190.0,120,23.44,1
27214.0,121,23.63,1
27219.0,122,23.83,1
27224.0,123,24.02,1
27229.0,124,24.22,1
27234.0,125,24.41,1
27239.0,126,24.61,1
27244.0,127,24.80,1
27249.0,128,25.00,1
27254.0,129,25.20,1
27259.0,130,25.39,1
27264.0,131,25.59,1
27269.0,132,25.78,1
27274.0,133,25.98,1
27279.0,134,26.17,1
27284.0,135,26.37,1
27289.0,136,26.56,1
27294.0,137,26.76,1
27299.0,138,26.95,1
27304.0,139,27.15,1
27309.0,140,27.34,1
27310.0,141,27.54,1
27314.0,142,27.73,1
27315.0,143,27.93,1
27319.0,144,28.12,1
27320.0,145,28.32,1
27324.0,146,28.52,1
27325.0,147,28.71,1
27329.0,148,28.91,1
27330.0,149,29.10,1
27335.0,150,29.30,1
27340.0,151,29.49,1
27345.0,152,29.69,1
27392.5,151,29.49,0
27392.5,150,29.30,0
27392.5,149,29.10,0
27392.5,148,28.91,0
27392.5,147,28.71,0
27392.5,146,28.52,0
27392.5,145,28.32,0
27392.5,144,28.12,0
27419.0,143,27.93,0
27419.0,142,27.73,0
27419.0,141,27.54,0
27419.0,140,27.34,0
27419.0,139,27.15,0
27419.0,138,26.95,0
27419.0,137,26.76,0
27419.0,136,26.56,0
27470.0,137,26.76,1
27475.0,138,26.95,1
27480.0,139,27.15,1
27485.0,140,27.34,1
27490.0,139,27.15,0
27490.0,138,26.95,0
27490.0,137,26.76,0
27490.0,136,26.56,0
27490.0,135,26.37,0
27490.0,134,26.17,0
27490.0,133,25.98,0
27490.0,132,25.78,0
27495.0,133,25.98,1
27500.0,134,26.17,1
27505.0,135,26.37,1
27510.0,136,26.56,1
27515.0,135,26.37,0
27515.0,134,26.17,0
27515.0,133,25.98,0
27515.0,132,25.78,0
27515.0,131,25.59,0
27515.0,130,25.39,0
27515.0,129,25.20,0
27515.0,128,25.00,0
27534.0,129,25.20,1
27539.0,130,25.39,1
27544.0,131,25.59,1
27547.0,130,25.39,0
27547.0,129,25.20,0
27547.0,128,25.00,0
27547.0,127,24.80,0
27547.0,126,24.61,0
27547.0,125,24.41,0
27547.0,124,24.22,0
27547.0,123,24.02,0
27549.0,124,24.22,1
27559.0,125,24.41,1
27564.0,126,24.61,1
27566.0,127,24.80,1
27569.0,128,25.00,1
27571.0,129,25.20,1
27574.0,130,25.39,1
27576.0,131,25.59,1
27580.5,130,25.39,0
27580.5,129,25.20,0
27580.5,128,25.00,0
27580.5,127,24.80,0
27580.5,126,24.61,0
27580.5,125,24.41,0
27580.5,124,24.22,0
27580.5,123,24.02,0
27581.0,124,24.22,1
27591.0,125,24.41,1
27596.0,126,24.61,1
27601.0,127,24.80,1
27606.0,128,25.00,1
27624.0,127,24.80,0
27624.0,126,24.61,0
27624.0,125,24.41,0
27624.0,124,24.22,0
27624.0,123,24.02,0
27624.0,122,23.83,0
27624.0,121,23.63,0
27624.0,120,23.44,0
27634.0,121,23.63,1
27639.0,122,23.83,1
27644.0,123,24.02,1
27647.0,122,23.83,0
27647.0,121,23.63,0
27647.0,120,23.44,0
27647.0,119,23.24,0
27647.0,118,23.05,0
27647.0,117,22.85,0
27647.0,116,22.66,0
27647.0,115,22.46,0
27649.0,116,22.66,1
27654.0,115,22.46,0
27654.0,114,22.27,0
27654.0,113,22.07,0
27654.0,112,21.88,0
27654.0,111,21.68,0
27654.0,110,21.48,0
27654.0,109,21.29,0
27654.0,108,21.09,0
27659.0,109,21.29,1
27664.0,110,21.48,1
27669.0,111,21.68,1
27674.0,112,21.88,1
27694.0,113,22.07,1
27699.0,114,22.27,1
27704.0,115,22.46,1
27709.0,116,22.66,1
27714.0,115,22.46,0
27714.0,114,22.27,0
27714.0,113,22.07,0
27714.0,112,21.88,0
27714.0,111,21.68,0
27714.0,110,21.48,0
27714.0,109,21.29,0
27714.0,108,21.09,0
27719.0,109,21.29,1
27724.0,110,21.48,1
27726.0,111,21.68,1
27729.0,112,21.88,1
27731.0,113,22.07,1
27734.0,114,22.27,1
27736.0,115,22.46,1
27741.0,116,22.66,1
27746.0,115,22.46,0
27746.0,114,22.27,0
27746.0,113,22.07,0
27746.0,112,21.88,0
27746.0,111,21.68,0
27746.0,110,21.48,0
27746.0,109,21.29,0
27746.0,108,21.09,0
27751.0,109,21.29,1
27756.0,110,21.48,1
27761.0,111,21.68,1
27766.0,112,21.88,1
27779.0,111,21.68,0
27779.0,110,21.48,0
27779.0,109,21.29,0
27779.0,108,21.09,0
27779.0,107,20.90,0
27779.0,106,20.70,0
27779.0,105,20.51,0
27779.0,104,20.31,0
27803.0,103,20.12,0
27803.0,102,19.92,0
27803.0,101,19.73,0
27803.0,100,19.53,0
27803.0,99,19.34,0
27803.0,98,19.14,0
27803.0,97,18.95,0
27803.0,96,18.75,0
27835.0,95,18.55,0
27835.0,94,18.36,0
27835.0,93,18.16,0
27835.0,92,17.97,0
27835.0,91,17.77,0
27835.0,90,17.58,0
27835.0,89,17.38,0
27835.0,88,17.19,0
27854.0,89,17.38,1
27859.0,90,17.58,1
27864.0,91,17.77,1
27869.0,92,17.97,1
27874.0,93,18.16,1
27879.0,94,18.36,1
27884.0,95,18.55,1
27889.0,96,18.75,1
27918.0,97,18.95,1
27923.0,98,19.14,1
27928.0,99,19.34,1
27933.0,100,19.53,1
27938.0,101,19.73,1
27943.0,102,19.92,1
27948.0,103,20.12,1
27950.0,104,20.31,1
27953.0,105,20.51,1
27955.0,106,20.70,1
27960.0,107,20.90,1
27965.0,108,21.09,1
27970.0,109,21.29,1
27975.0,110,21.48,1
27980.0,111,21.68,1
27982.0,112,21.88,1
27985.0,113,22.07,1
27987.0,114,22.27,1
27992.0,115,22.46,1
27995.5,114,22.27,0
27995.5,113,22.07,0
27995.5,112,21.88,0
27995.5,111,21.68,0
27995.5,110,21.48,0
27995.5,109,21.29,0
27995.5,108,21.09,0
27995.5,107,20.90,0
27997.0,108,21.09,1
28007.0,109,21.29,1
28012.0,110,21.48,1
28017.0,111,21.68,1
28022.0,112,21.88,1
28059.0,111,21.68,0
28059.0,110,21.48,0
28059.0,109,21.29,0
28059.0,108,21.09,0
28059.0,107,20.90,0
28059.0,106,20.70,0
28059.0,105,20.51,0
28059.0,104,20.31,0
28099.0,103,20.12,0
28099.0,102,19.92,0
28099.0,101,19.73,0
28099.0,100,19.53,0
28099.0,99,19.34,0
28099.0,98,19.14,0
28099.0,97,18.95,0
28099.0,96,18.75,0
28110.0,97,18.95,1
28115.0,98,19.14,1
28120.0,99,19.34,1
28125.0,100,19.53,1
28130.0,101,19.73,1
28135.0,102,19.92,1
28139.0,101,19.73,0
28139.0,100,19.53,0
28139.0,99,19.34,0
28139.0,98,19.14,0
28139.0,97,18.95,0
28139.0,96,18.75,0
28139.0,95,18.55,0
28139.0,94,18.36,0
28140.0,95,18.55,1
28140.0,94,18.36,0
28140.0,93,18.16,0
28140.0,92,17.97,0
28140.0,91,17.77,0
28140.0,90,17.58,0
28140.0,89,17.38,0
28140.0,88,17.19,0
28140.0,87,16.99,0
28145.0,88,17.19,1
28145.0,89,17.38,1
28150.0,90,17.58,1
28155.0,91,17.77,1
28160.0,92,17.97,1
28160.0,91,17.77,0
28160.0,90,17.58,0
28160.0,89,17.38,0
28160.0,88,17.19,0
28160.0,87,16.99,0
28160.0,86,16.80,0
28160.0,85,16.60,0
28160.0,84,16.41,0
28170.0,85,16.60,1
28174.0,86,16.80,1
28175.0,87,16.99,1
28179.0,88,17.19,1
28180.0,89,17.38,1
28184.0,90,17.58,1
28185.0,91,17.77,1
28189.0,92,17.97,1
28194.0,93,18.16,1
28199.0,94,18.36,1
28204.0,95,18.55,1
28206.0,96,18.75,1
28209.0,97,18.95,1
28211.0,98,19.14,1
28216.0,99,19.34,1
28221.0,100,19.53,1
28226.0,101,19.73,1
28231.0,102,19.92,1
28236.0,103,20.12,1
28241.0,104,20.31,1
28246.0,105,20.51,1
28251.0,106,20.70,1
28256.0,107,20.90,1
28261.0,108,21.09,1
28266.0,109,21.29,1
28270.0,110,21.48,1
28271.0,111,21.68,1
28275.0,112,21.88,1
28276.0,113,22.07,1
28280.0,114,22.27,1
28281.0,115,22.46,1
28285.0,116,22.66,1
28290.0,117,22.85,1
28295.0,118,23.05,1
28300.0,119,23.24,1
28302.0,120,23.44,1
28305.0,121,23.63,1
28307.0,122,23.83,1
28312.0,123,24.02,1
28317.0,124,24.22,1
28322.0,125,24.41,1
28327.0,126,24.61,1
28332.0,127,24.80,1
28337.0,128,25.00,1
28342.0,129,25.20,1
28347.0,130,25.39,1
28352.0,131,25.59,1
28357.0,132,25.78,1
28362.0,133,25.98,1
28367.0,134,26.17,1
28372.0,135,26.37,1
28377.0,136,26.56,1
28379.0,135,26.37,0
28379.0,134,26.17,0
28379.0,133,25.98,0
28379.0,132,25.78,0
28379.0,131,25.59,0
28379.0,130,25.39,0
28379.0,129,25.20,0
28379.0,128,25.00,0
28398.0,129,25.20,1
28403.0,130,25.39,1
28408.0,131,25.59,1
28413.0,132,25.78,1
28418.0,131,25.59,0
28418.0,130,25.39,0
28418.0,129,25.20,0
28418.0,128,25.00,0
28418.0,127,24.80,0
28418.0,126,24.61,0
28418.0,125,24.41,0
28418.0,124,24.22,0
28423.0,125,24.41,1
28428.0,126,24.61,1
28430.0,127,24.80,1
28433.0,128,25.00,1
28435.0,129,25.20,1
28438.0,130,25.39,1
28440.0,131,25.59,1
28445.0,132,25.78,1
28450.0,133,25.98,1
28455.0,134,26.17,1
28460.0,135,26.37,1
28465.0,136,26.56,1
28470.0,137,26.76,1
28475.0,138,26.95,1
28479.0,137,26.76,0
28479.0,136,26.56,0
28479.0,135,26.37,0
28479.0,134,26.17,0
28479.0,133,25.98,0
28479.0,132,25.78,0
28479.0,131,25.59,0
28479.0,130,25.39,0
28480.0,131,25.59,1
28485.0,132,25.78,1
28490.0,133,25.98,1
28500.0,134,26.17,1
28505.0,135,26.37,1
28510.0,136,26.56,1
28539.0,135,26.37,0
28539.0,134,26.17,0
28539.0,133,25.98,0
28539.0,132,25.78,0
28539.0,131,25.59,0
28539.0,130,25.39,0
28539.0,129,25.20,0
28539.0,128,25.00,0
28571.0,127,24.80,0
28571.0,126,24.61,0
28571.0,125,24.41,0
28571.0,124,24.22,0
28571.0,123,24.02,0
28571.0,122,23.83,0
28571.0,121,23.63,0
28571.0,120,23.44,0
28686.0,121,23.63,1
28691.0,122,23.83,1
28696.0,123,24.02,1
28699.0,122,23.83,0
28699.0,121,23.63,0
28699.0,120,23.44,0
28699.0,119,23.24,0
28699.0,118,23.05,0
28699.0,117,22.85,0
28699.0,116,22.66,0
28699.0,115,22.46,0
28701.0,116,22.66,1
28711.0,117,22.85,1
28716.0,118,23.05,1
28721.0,119,23.24,1
28726.0,120,23.44,1
28763.0,119,23.24,0
28763.0,118,23.05,0
28763.0,117,22.85,0
28763.0,116,22.66,0
28763.0,115,22.46,0
28763.0,114,22.27,0
28763.0,113,22.07,0
28763.0,112,21.88,0
28782.0,113,22.07,1
28787.0,114,22.27,1
28792.0,115,22.46,1
28795.0,114,22.27,0
28795.0,113,22.07,0
28795.0,112,21.88,0
28795.0,111,21.68,0
28795.0,110,21.48,0
28795.0,109,21.29,0
28795.0,108,21.09,0
28795.0,107,20.90,0
28797.0,108,21.09,1
28807.0,109,21.29,1
28812.0,110,21.48,1
28814.0,111,21.68,1
28817.0,112,21.88,1
28819.0,113,22.07,1
28822.0,114,22.27,1
28824.0,115,22.46,1
28829.0,116,22.66,1
28832.0,115,22.46,0
28832.0,114,22.27,0
28832.0,113,22.07,0
28832.0,112,21.88,0
28832.0,111,21.68,0
28832.0,110,21.48,0
28832.0,109,21.29,0
28832.0,108,21.09,0
28839.0,109,21.29,1
28844.0,110,21.48,1
28846.0,111,21.68,1
28849.0,112,21.88,1
28851.0,113,22.07,1
28854.0,114,22.27,1
28856.0,115,22.46,1
28861.0,116,22.66,1
28866.0,117,22.85,1
28871.0,118,23.05,1
28876.0,119,23.24,1
28878.0,120,23.44,1
28881.0,121,23.63,1
28883.0,122,23.83,1
28888.0,123,24.02,1
28893.0,124,24.22,1
28898.0,125,24.41,1
28903.0,126,24.61,1
28908.0,127,24.80,1
28910.0,128,25.00,1
28913.0,129,25.20,1
28915.0,130,25.39,1
28920.0,131,25.59,1
28925.0,132,25.78,1
28930.0,133,25.98,1
28935.0,134,26.17,1
28940.0,135,26.37,1
28942.0,136,26.56,1
28945.0,137,26.76,1
28947.0,138,26.95,1
28952.0,139,27.15,1
28955.0,138,26.95,0
28955.0,137,26.76,0
28955.0,136,26.56,0
28955.0,135,26.37,0
28955.0,134,26.17,0
28955.0,133,25.98,0
28955.0,132,25.78,0
28955.0,131,25.59,0
28957.0,132,25.78,1
28967.0,133,25.98,1
28972.0,134,26.17,1
28977.0,135,26.37,1
28982.0,136,26.56,1
28990.0,135,26.37,0
28990.0,134,26.17,0
28990.0,133,25.98,0
28990.0,132,25.78,0
28990.0,131,25.59,0
28990.0,130,25.39,0
28990.0,129,25.20,0
28990.0,128,25.00,0
29019.0,127,24.80,0
29019.0,126,24.61,0
29019.0,125,24.41,0
29019.0,124,24.22,0
29019.0,123,24.02,0
29019.0,122,23.83,0
29019.0,121,23.63,0
29019.0,120,23.44,0
29051.0,119,23.24,0
29051.0,118,23.05,0
29051.0,117,22.85,0
29051.0,116,22.66,0
29051.0,115,22.46,0
29051.0,114,22.27,0
29051.0,113,22.07,0
29051.0,112,21.88,0
29070.0,113,22.07,1
29075.0,114,22.27,1
29080.0,115,22.46,1
29085.0,116,22.66,1
29090.0,117,22.85,1
29091.0,116,22.66,0
29091.0,115,22.46,0
29091.0,114,22.27,0
29091.0,113,22.07,0
29091.0,112,21.88,0
29091.0,111,21.68,0
29091.0,110,21.48,0
29091.0,109,21.29,0
29095.0,110,21.48,1
29105.0,111,21.68,1
29110.0,112,21.88,1
29120.0,111,21.68,0
29120.0,110,21.48,0
29120.0,109,21.29,0
29120.0,108,21.09,0
29120.0,107,20.90,0
29120.0,106,20.70,0
29120.0,105,20.51,0
29120.0,104,20.31,0
29134.0,105,20.51,1
29139.0,106,20.70,1
29144.0,107,20.90,1
29147.0,106,20.70,0
29147.0,105,20.51,0
29147.0,104,20.31,0
29147.0,103,20.12,0
29147.0,102,19.92,0
29147.0,101,19.73,0
29147.0,100,19.53,0
29147.0,99,19.34,0
29149.0,100,19.53,1
29159.0,101,19.73,1
29164.0,102,19.92,1
29169.0,103,20.12,1
29174.0,104,20.31,1
29187.0,103,20.12,0
29187.0,102,19.92,0
29187.0,101,19.73,0
29187.0,100,19.53,0
29187.0,99,19.34,0
29187.0,98,19.14,0
29187.0,97,18.95,0
29187.0,96,18.75,0
29198.0,97,18.95,1
29203.0,98,19.14,1
29208.0,99,19.34,1
29213.0,100,19.53,1
29218.0,101,19.73,1
29223.0,102,19.92,1
29228.0,103,20.12,1
29230.0,104,20.31,1
29233.0,105,20.51,1
29235.0,106,20.70,1
29240.0,107,20.90,1
29245.0,108,21.09,1
29250.0,107,20.90,0
29250.0,106,20.70,0
29250.0,105,20.51,0
29250.0,104,20.31,0
29250.0,103,20.12,0
29250.0,102,19.92,0
29250.0,101,19.73,0
29250.0,100,19.53,0
29255.0,101,19.73,1
29260.0,102,19.92,1
29262.0,103,20.12,1
29265.0,104,20.31,1
29267.0,105,20.51,1
29270.0,106,20.70,1
29272.0,107,20.90,1
29275.0,106,20.70,0
29275.0,105,20.51,0
29275.0,104,20.31,0
29275.0,103,20.12,0
29275.0,102,19.92,0
29275.0,101,19.73,0
29275.0,100,19.53,0
29275.0,99,19.34,0
29277.0,100,19.53,1
29287.0,101,19.73,1
29292.0,102,19.92,1
29297.0,103,20.12,1
29302.0,104,20.31,1
29315.0,103,20.12,0
29315.0,102,19.92,0
29315.0,101,19.73,0
29315.0,100,19.53,0
29315.0,99,19.34,0
29315.0,98,19.14,0
29315.0,97,18.95,0
29315.0,96,18.75,0
29390.0,97,18.95,1
29395.0,98,19.14,1
29400.0,99,19.34,1
29405.0,100,19.53,1
29410.0,101,19.73,1
29415.0,102,19.92,1
29420.0,103,20.12,1
29425.0,104,20.31,1
29430.0,105,20.51,1
29435.0,106,20.70,1
29440.0,107,20.90,1
29445.0,108,21.09,1
29450.0,109,21.29,1
29455.0,110,21.48,1
29460.0,111,21.68,1
29465.0,112,21.88,1
29470.0,113,22.07,1
29475.0,114,22.27,1
29480.0,115,22.46,1
29485.0,116,22.66,1
29486.0,117,22.85,1
29490.0,118,23.05,1
29491.0,119,23.24,1
29495.0,120,23.44,1
29496.0,121,23.63,1
29500.0,122,23.83,1
29501.0,123,24.02,1
29505.0,124,24.22,1
29506.0,125,24.41,1
29511.0,126,24.61,1
29516.0,127,24.80,1
29521.0,128,25.00,1
29531.0,127,24.80,0
29531.0,126,24.61,0
29531.0,125,24.41,0
29531.0,124,24.22,0
29531.0,123,24.02,0
29531.0,122,23.83,0
29531.0,121,23.63,0
29531.0,120,23.44,0
29550.0,121,23.63,1
29555.0,122,23.83,1
29560.0,123,24.02,1
29565.0,124,24.22,1
29570.0,125,24.41,1
29575.0,126,24.61,1
29580.0,127,24.80,1
29582.0,128,25.00,1
29585.0,129,25.20,1
29587.0,130,25.39,1
29592.0,131,25.59,1
29597.0,132,25.78,1
29602.0,133,25.98,1
29607.0,134,26.17,1
29612.0,135,26.37,1
29614.0,136,26.56,1
29617.0,137,26.76,1
29619.0,138,26.95,1
29624.0,139,27.15,1
29627.0,138,26.95,0
29627.0,137,26.76,0
29627.0,136,26.56,0
29627.0,135,26.37,0
29627.0,134,26.17,0
29627.0,133,25.98,0
29627.0,132,25.78,0
29627.0,131,25.59,0
29629.0,132,25.78,1
29639.0,133,25.98,1
29644.0,134,26.17,1
29649.0,135,26.37,1
29654.0,136,26.56,1
29659.0,135,26.37,0
29659.0,134,26.17,0
29659.0,133,25.98,0
29659.0,132,25.78,0
29659.0,131,25.59,0
29659.0,130,25.39,0
29659.0,129,25.20,0
29659.0,128,25.00,0
29678.0,129,25.20,1
29683.0,130,25.39,1
29688.0,131,25.59,1
29691.0,130,25.39,0
29691.0,129,25.20,0
29691.0,128,25.00,0
29691.0,127,24.80,0
29691.0,126,24.61,0
29691.0,125,24.41,0
29691.0,124,24.22,0
29691.0,123,24.02,0
29693.0,124,24.22,1
29703.0,125,24.41,1
29708.0,126,24.61,1
29713.0,127,24.80,1
29718.0,128,25.00,1
29723.0,129,25.20,1
29723.5,128,25.00,0
29723.5,127,24.80,0
29723.5,126,24.61,0
29723.5,125,24.41,0
29723.5,124,24.22,0
29723.5,123,24.02,0
29723.5,122,23.83,0
29723.5,121,23.63,0
29728.0,122,23.83,1
29733.0,123,24.02,1
29738.0,124,24.22,1
29748.0,125,24.41,1
29753.0,126,24.61,1
29755.0,125,24.41,0
29755.0,124,24.22,0
29755.0,123,24.02,0
29755.0,122,23.83,0
29755.0,121,23.63,0
29755.0,120,23.44,0
29755.0,119,23.24,0
29755.0,118,23.05,0
29758.0,119,23.24,1
29763.0,120,23.44,1
29774.0,121,23.63,1
29779.0,122,23.83,1
29784.0,123,24.02,1
29787.0,122,23.83,0
29787.0,121,23.63,0
29787.0,120,23.44,0
29787.0,119,23.24,0
29787.0,118,23.05,0
29787.0,117,22.85,0
29787.0,116,22.66,0
29787.0,115,22.46,0
29789.0,116,22.66,1
29799.0,117,22.85,1
29804.0,118,23.05,1
29809.0,119,23.24,1
29814.0,120,23.44,1
29838.0,121,23.63,1
29843.0,122,23.83,1
29848.0,123,24.02,1
29853.0,124,24.22,1
29858.0,125,24.41,1
29863.0,126,24.61,1
29868.0,127,24.80,1
29873.0,128,25.00,1
29902.0,129,25.20,1
29907.0,130,25.39,1
29912.0,131,25.59,1
29915.0,130,25.39,0
29915.0,129,25.20,0
29915.0,128,25.00,0
29915.0,127,24.80,0
29915.0,126,24.61,0
29915.0,125,24.41,0
29915.0,124,24.22,0
29915.0,123,24.02,0
29917.0,124,24.22,1
29927.0,125,24.41,1
29932.0,126,24.61,1
29937.0,127,24.80,1
29942.0,128,25.00,1
29947.0,129,25.20,1
29952.0,130,25.39,1
29957.0,131,25.59,1
29962.0,132,25.78,1
29967.0,133,25.98,1
29972.0,134,26.17,1
29977.0,135,26.37,1
29982.0,136,26.56,1
29987.0,135,26.37,0
29987.0,134,26.17,0
29987.0,133,25.98,0
29987.0,132,25.78,0
29987.0,131,25.59,0
29987.0,130,25.39,0
29987.0,129,25.20,0
29987.0,128,25.00,0
30030.0,129,25.20,1
30035.0,130,25.39,1
30040.0,131,25.59,1
30043.0,130,25.39,0
30043.0,129,25.20,0
30043.0,128,25.00,0
30043.0,127,24.80,0
30043.0,126,24.61,0
30043.0,125,24.41,0
30043.0,124,24.22,0
30043.0,123,24.02,0
30045.0,124,24.22,1
30055.0,125,24.41,1
30060.0,126,24.61,1
30062.0,127,24.80,1
30065.0,128,25.00,1
30067.0,129,25.20,1
30070.0,130,25.39,1
30072.0,131,25.59,1
30077.0,132,25.78,1
30082.0,133,25.98,1
30087.0,132,25.78,0
30087.0,131,25.59,0
30087.0,130,25.39,0
30087.0,129,25.20,0
30087.0,128,25.00,0
30087.0,127,24.80,0
30087.0,126,24.61,0
30087.0,125,24.41,0
30092.0,126,24.61,1
30094.0,127,24.80,1
30097.0,128,25.00,1
30099.0,129,25.20,1
30102.0,130,25.39,1
30104.0,131,25.59,1
30107.0,130,25.39,0
30107.0,129,25.20,0
30107.0,128,25.00,0
30107.0,127,24.80,0
30107.0,126,24.61,0
30107.0,125,24.41,0
30107.0,124,24.22,0
30107.0,123,24.02,0
30109.0,124,24.22,1
30119.0,125,24.41,1
30124.0,126,24.61,1
30126.0,127,24.80,1
30129.0,128,25.00,1
30131.0,129,25.20,1
30134.0,130,25.39,1
30136.0,131,25.59,1
30141.0,132,25.78,1
30146.0,133,25.98,1
30151.0,134,26.17,1
30156.0,135,26.37,1
30161.0,136,26.56,1
30190.0,137,26.76,1
30195.0,138,26.95,1
30200.0,139,27.15,1
30205.0,140,27.34,1
30210.0,141,27.54,1
30215.0,142,27.73,1
30220.0,143,27.93,1
30222.0,144,28.12,1
30225.0,145,28.32,1
30227.0,146,28.52,1
30232.0,147,28.71,1
30235.0,146,28.52,0
30235.0,145,28.32,0
30235.0,144,28.12,0
30235.0,143,27.93,0
30235.0,142,27.73,0
30235.0,141,27.54,0
30235.0,140,27.34,0
30235.0,139,27.15,0
30237.0,140,27.34,1
30247.0,141,27.54,1
30252.0,142,27.73,1
30257.0,143,27.93,1
30262.0,144,28.12,1
30267.0,145,28.32,1
30272.0,146,28.52,1
30275.0,145,28.32,0
30275.0,144,28.12,0
30275.0,143,27.93,0
30275.0,142,27.73,0
30275.0,141,27.54,0
30275.0,140,27.34,0
30275.0,139,27.15,0
30275.0,138,26.95,0
30277.0,139,27.15,1
30282.0,140,27.34,1
30287.0,141,27.54,1
30292.0,142,27.73,1
30302.0,143,27.93,1
30307.0,144,28.12,1
30315.0,143,27.93,0
30315.0,142,27.73,0
30315.0,141,27.54,0
30315.0,140,27.34,0
30315.0,139,27.15,0
30315.0,138,26.95,0
30315.0,137,26.76,0
30315.0,136,26.56,0
30331.0,135,26.37,0
30331.0,134,26.17,0
30331.0,133,25.98,0
30331.0,132,25.78,0
30331.0,131,25.59,0
30331.0,130,25.39,0
30331.0,129,25.20,0
30331.0,128,25.00,0
30395.0,127,24.80,0
30395.0,126,24.61,0
30395.0,125,24.41,0
30395.0,124,24.22,0
30395.0,123,24.02,0
30395.0,122,23.83,0
30395.0,121,23.63,0
30395.0,120,23.44,0
30427.0,119,23.24,0
30427.0,118,23.05,0
30427.0,117,22.85,0
30427.0,116,22.66,0
30427.0,115,22.46,0
30427.0,114,22.27,0
30427.0,113,22.07,0
30427.0,112,21.88,0
30459.0,111,21.68,0
30459.0,110,21.48,0
30459.0,109,21.29,0
30459.0,108,21.09,0
30459.0,107,20.90,0
30459.0,106,20.70,0
30459.0,105,20.51,0
30459.0,104,20.31,0
30478.0,105,20.51,1
30483.0,106,20.70,1
30488.0,107,20.90,1
30493.0,108,21.09,1
30498.0,109,21.29,1
30503.0,110,21.48,1
30508.0,111,21.68,1
30510.0,112,21.88,1
30513.0,113,22.07,1
30515.0,114,22.27,1
30520.0,115,22.46,1
30525.0,116,22.66,1
30530.0,115,22.46,0
30530.0,114,22.27,0
30530.0,113,22.07,0
30530.0,112,21.88,0
30530.0,111,21.68,0
30530.0,110,21.48,0
30530.0,109,21.29,0
30530.0,108,21.09,0
30535.0,109,21.29,1
30540.0,110,21.48,1
30542.0,111,21.68,1
30545.0,112,21.88,1
30547.0,113,22.07,1
30550.0,114,22.27,1
30552.0,115,22.46,1
30557.0,116,22.66,1
30562.0,117,22.85,1
30567.0,118,23.05,1
30571.0,117,22.85,0
30571.0,116,22.66,0
30571.0,115,22.46,0
30571.0,114,22.27,0
30571.0,113,22.07,0
30571.0,112,21.88,0
30571.0,111,21.68,0
30571.0,110,21.48,0
30572.0,111,21.68,1
30577.0,112,21.88,1
30606.0,113,22.07,1
30611.0,114,22.27,1
30616.0,115,22.46,1
30621.0,116,22.66,1
30626.0,115,22.46,0
30626.0,114,22.27,0
30626.0,113,22.07,0
30626.0,112,21.88,0
30626.0,111,21.68,0
30626.0,110,21.48,0
30626.0,109,21.29,0
30626.0,108,21.09,0
30631.0,109,21.29,1
30636.0,110,21.48,1
30641.0,111,21.68,1
30646.0,112,21.88,1
30651.0,113,22.07,1
30656.0,114,22.27,1
30661.0,115,22.46,1
30666.0,116,22.66,1
30670.0,117,22.85,1
30671.0,118,23.05,1
30675.0,119,23.24,1
30676.0,120,23.44,1
30680.0,121,23.63,1
30681.0,122,23.83,1
30685.0,123,24.02,1
30686.0,124,24.22,1
30690.0,123,24.02,0
30690.0,122,23.83,0
30690.0,121,23.63,0
30690.0,120,23.44,0
30690.0,119,23.24,0
30690.0,118,23.05,0
30690.0,117,22.85,0
30690.0,116,22.66,0
30695.0,117,22.85,1
30700.0,118,23.05,1
30702.0,119,23.24,1
30705.0,120,23.44,1
30707.0,121,23.63,1
30710.0,122,23.83,1
30712.0,123,24.02,1
30717.0,124,24.22,1
30722.0,125,24.41,1
30727.0,126,24.61,1
30732.0,127,24.80,1
30737.0,128,25.00,1
30747.0,127,24.80,0
30747.0,126,24.61,0
30747.0,125,24.41,0
30747.0,124,24.22,0
30747.0,123,24.02,0
30747.0,122,23.83,0
30747.0,121,23.63,0
30747.0,120,23.44,0
30766.0,121,23.63,1
30771.0,122,23.83,1
30776.0,123,24.02,1
30781.0,124,24.22,1
30786.0,125,24.41,1
30791.0,126,24.61,1
30792.0,125,24.41,0
30792.0,124,24.22,0
30792.0,123,24.02,0
30792.0,122,23.83,0
30792.0,121,23.63,0
30792.0,120,23.44,0
30792.0,119,23.24,0
30792.0,118,23.05,0
30796.0,119,23.24,1
30806.0,120,23.44,1
30830.0,121,23.63,1
30835.0,122,23.83,1
30840.0,123,24.02,1
30845.0,124,24.22,1
30850.0,125,24.41,1
30855.0,126,24.61,1
30860.0,127,24.80,1
30862.0,128,25.00,1
30865.0,129,25.20,1
30867.0,130,25.39,1
30872.0,131,25.59,1
30875.0,130,25.39,0
30875.0,129,25.20,0
30875.0,128,25.00,0
30875.0,127,24.80,0
30875.0,126,24.61,0
30875.0,125,24.41,0
30875.0,124,24.22,0
30875.0,123,24.02,0
30877.0,124,24.22,1
30887.0,125,24.41,1
30892.0,126,24.61,1
30894.0,127,24.80,1
30897.0,128,25.00,1
30899.0,129,25.20,1
30902.0,130,25.39,1
30904.0,131,25.59,1
30909.0,132,25.78,1
30912.0,131,25.59,0
30912.0,130,25.39,0
30912.0,129,25.20,0
30912.0,128,25.00,0
30912.0,127,24.80,0
30912.0,126,24.61,0
30912.0,125,24.41,0
30912.0,124,24.22,0
30919.0,125,24.41,1
30924.0,126,24.61,1
30926.0,127,24.80,1
30929.0,128,25.00,1
30931.0,129,25.20,1
30934.0,130,25.39,1
30936.0,131,25.59,1
30941.0,132,25.78,1
30944.0,131,25.59,0
30944.0,130,25.39,0
30944.0,129,25.20,0
30944.0,128,25.00,0
30944.0,127,24.80,0
30944.0,126,24.61,0
30944.0,125,24.41,0
30944.0,124,24.22,0
30951.0,125,24.41,1
30956.0,126,24.61,1
30961.0,127,24.80,1
30966.0,128,25.00,1
30971.0,127,24.80,0
30971.0,126,24.61,0
30971.0,125,24.41,0
30971.0,124,24.22,0
30971.0,123,24.02,0
30971.0,122,23.83,0
30971.0,121,23.63,0
30971.0,120,23.44,0
31022.0,121,23.63,1
31027.0,122,23.83,1
31032.0,123,24.02,1
31037.0,124,24.22,1
31042.0,123,24.02,0
31042.0,122,23.83,0
31042.0,121,23.63,0
31042.0,120,23.44,0
31042.0,119,23.24,0
31042.0,118,23.05,0
31042.0,117,22.85,0
31042.0,116,22.66,0
31047.0,117,22.85,1
31052.0,118,23.05,1
31057.0,119,23.24,1
31062.0,120,23.44,1
31067.0,119,23.24,0
31067.0,118,23.05,0
31067.0,117,22.85,0
31067.0,116,22.66,0
31067.0,115,22.46,0
31067.0,114,22.27,0
31067.0,113,22.07,0
31067.0,112,21.88,0
31114.5,111,21.68,0
31114.5,110,21.48,0
31114.5,109,21.29,0
31114.5,108,21.09,0
31114.5,107,20.90,0
31114.5,106,20.70,0
31114.5,105,20.51,0
31114.5,104,20.31,0
31150.0,105,20.51,1
31155.0,106,20.70,1
31160.0,107,20.90,1
31165.0,108,21.09,1
31170.0,109,21.29,1
31175.0,110,21.48,1
31180.0,111,21.68,1
31182.0,112,21.88,1
31185.0,113,22.07,1
31187.0,114,22.27,1
31192.0,115,22.46,1
31197.0,116,22.66,1
31202.0,117,22.85,1
31207.0,118,23.05,1
31212.0,119,23.24,1
31217.0,120,23.44,1
31246.0,121,23.63,1
31251.0,122,23.83,1
31256.0,123,24.02,1
31261.0,124,24.22,1
31266.0,125,24.41,1
31271.0,126,24.61,1
31276.0,127,24.80,1
31281.0,128,25.00,1
31286.0,129,25.20,1
31291.0,130,25.39,1
31296.0,131,25.59,1
31301.0,132,25.78,1
31306.0,133,25.98,1
31310.0,134,26.17,1
31311.0,135,26.37,1
31315.0,136,26.56,1
31316.0,137,26.76,1
31320.0,138,26.95,1
31321.0,139,27.15,1
31325.0,140,27.34,1
31331.0,139,27.15,0
31331.0,138,26.95,0
31331.0,137,26.76,0
31331.0,136,26.56,0
31331.0,135,26.37,0
31331.0,134,26.17,0
31331.0,133,25.98,0
31331.0,132,25.78,0
31335.0,133,25.98,1
31340.0,134,26.17,1
31345.0,135,26.37,1
31350.0,136,26.56,1
31355.0,137,26.76,1
31360.0,138,26.95,1
31365.0,139,27.15,1
31370.0,140,27.34,1
31375.0,139,27.15,0
31375.0,138,26.95,0
31375.0,137,26.76,0
31375.0,136,26.56,0
31375.0,135,26.37,0
31375.0,134,26.17,0
31375.0,133,25.98,0
31375.0,132,25.78,0
31380.0,133,25.98,1
31385.0,134,26.17,1
31387.0,133,25.98,0
31387.0,132,25.78,0
31387.0,131,25.59,0
31387.0,130,25.39,0
31387.0,129,25.20,0
31387.0,128,25.00,0
31387.0,127,24.80,0
31387.0,126,24.61,0
31390.0,127,24.80,1
31395.0,128,25.00,1
31438.0,129,25.20,1
31443.0,130,25.39,1
31448.0,131,25.59,1
31451.0,130,25.39,0
31451.0,129,25.20,0
31451.0,128,25.00,0
31451.0,127,24.80,0
31451.0,126,24.61,0
31451.0,125,24.41,0
31451.0,124,24.22,0
31451.0,123,24.02,0
31453.0,124,24.22,1
31463.0,125,24.41,1
31468.0,126,24.61,1
31470.0,127,24.80,1
31473.0,128,25.00,1
31475.0,129,25.20,1
31478.0,130,25.39,1
31480.0,131,25.59,1
31485.0,132,25.78,1
31490.0,133,25.98,1
31495.0,134,26.17,1
31496.0,133,25.98,0
31496.0,132,25.78,0
31496.0,131,25.59,0
31496.0,130,25.39,0
31496.0,129,25.20,0
31496.0,128,25.00,0
31496.0,127,24.80,0
31496.0,126,24.61,0
31500.0,127,24.80,1
31510.0,128,25.00,1
31515.0,127,24.80,0
31515.0,126,24.61,0
31515.0,125,24.41,0
31515.0,124,24.22,0
31515.0,123,24.02,0
31515.0,122,23.83,0
31515.0,121,23.63,0
31515.0,120,23.44,0
31535.0,121,23.63,1
31540.0,122,23.83,1
31545.0,123,24.02,1
31550.0,124,24.22,1
31555.0,123,24.02,0
31555.0,122,23.83,0
31555.0,121,23.63,0
31555.0,120,23.44,0
31555.0,119,23.24,0
31555.0,118,23.05,0
31555.0,117,22.85,0
31555.0,116,22.66,0
31560.0,117,22.85,1
31565.0,118,23.05,1
31570.0,119,23.24,1
31575.0,120,23.44,1
31598.0,121,23.63,1
31603.0,122,23.83,1
31608.0,123,24.02,1
31611.0,122,23.83,0
31611.0,121,23.63,0
31611.0,120,23.44,0
31611.0,119,23.24,0
31611.0,118,23.05,0
31611.0,117,22.85,0
31611.0,116,22.66,0
31611.0,115,22.46,0
31613.0,116,22.66,1
31623.0,117,22.85,1
31628.0,118,23.05,1
31630.0,119,23.24,1
31633.0,120,23.44,1
31635.0,121,23.63,1
31638.0,122,23.83,1
31640.0,123,24.02,1
31645.0,124,24.22,1
31650.0,125,24.41,1
31655.0,126,24.61,1
31660.0,127,24.80,1
31665.0,128,25.00,1
31675.0,127,24.80,0
31675.0,126,24.61,0
31675.0,125,24.41,0
31675.0,124,24.22,0
31675.0,123,24.02,0
31675.0,122,23.83,0
31675.0,121,23.63,0
31675.0,120,23.44,0
31707.0,119,23.24,0
31707.0,118,23.05,0
31707.0,117,22.85,0
31707.0,116,22.66,0
31707.0,115,22.46,0
31707.0,114,22.27,0
31707.0,113,22.07,0
31707.0,112,21.88,0
31726.0,113,22.07,1
31731.0,114,22.27,1
31736.0,115,22.46,1
31739.0,114,22.27,0
31739.0,113,22.07,0
31739.0,112,21.88,0
31739.0,111,21.68,0
31739.0,110,21.48,0
31739.0,109,21.29,0
31739.0,108,21.09,0
31739.0,107,20.90,0
31741.0,108,21.09,1
31751.0,109,21.29,1
31756.0,110,21.48,1
31758.0,111,21.68,1
31761.0,112,21.88,1
31763.0,113,22.07,1
31766.0,114,22.27,1
31768.0,115,22.46,1
31771.0,114,22.27,0
31771.0,113,22.07,0
31771.0,112,21.88,0
31771.0,111,21.68,0
31771.0,110,21.48,0
31771.0,109,21.29,0
31771.0,108,21.09,0
31771.0,107,20.90,0
31773.0,108,21.09,1
31783.0,109,21.29,1
31788.0,110,21.48,1
31793.0,111,21.68,1
31798.0,112,21.88,1
31822.0,113,22.07,1
31827.0,114,22.27,1
31832.0,115,22.46,1
31837.0,116,22.66,1
31842.0,117,22.85,1
31847.0,118,23.05,1
31852.0,119,23.24,1
31857.0,120,23.44,1
31867.0,119,23.24,0
31867.0,118,23.05,0
31867.0,117,22.85,0
31867.0,116,22.66,0
31867.0,115,22.46,0
31867.0,114,22.27,0
31867.0,113,22.07,0
31867.0,112,21.88,0
31982.0,113,22.07,1
31987.0,114,22.27,1
31992.0,115,22.46,1
31995.0,114,22.27,0
31995.0,113,22.07,0
31995.0,112,21.88,0
31995.0,111,21.68,0
31995.0,110,21.48,0
31995.0,109,21.29,0
31995.0,108,21.09,0
31995.0,107,20.90,0
31997.0,108,21.09,1
32007.0,109,21.29,1
32012.0,110,21.48,1
32017.0,111,21.68,1
32022.0,112,21.88,1
32027.0,113,22.07,1
32027.0,112,21.88,0
32027.0,111,21.68,0
32027.0,110,21.48,0
32027.0,109,21.29,0
32027.0,108,21.09,0
32027.0,107,20.90,0
32027.0,106,20.70,0
32027.0,105,20.51,0
32032.0,106,20.70,1
32037.0,107,20.90,1
32042.0,108,21.09,1
32052.0,109,21.29,1
32057.0,110,21.48,1
32062.0,111,21.68,1
32067.0,112,21.88,1
32078.0,113,22.07,1
32083.0,114,22.27,1
32088.0,115,22.46,1
32093.0,116,22.66,1
32098.0,115,22.46,0
32098.0,114,22.27,0
32098.0,113,22.07,0
32098.0,112,21.88,0
32098.0,111,21.68,0
32098.0,110,21.48,0
32098.0,109,21.29,0
32098.0,108,21.09,0
32103.0,109,21.29,1
32108.0,110,21.48,1
32113.0,111,21.68,1
32118.0,112,21.88,1
32131.0,111,21.68,0
32131.0,110,21.48,0
32131.0,109,21.29,0
32131.0,108,21.09,0
32131.0,107,20.90,0
32131.0,106,20.70,0
32131.0,105,20.51,0
32131.0,104,20.31,0
32155.0,103,20.12,0
32155.0,102,19.92,0
32155.0,101,19.73,0
32155.0,100,19.53,0
32155.0,99,19.34,0
32155.0,98,19.14,0
32155.0,97,18.95,0
32155.0,96,18.75,0
32174.0,97,18.95,1
32179.0,98,19.14,1
32184.0,99,19.34,1
32189.0,100,19.53,1
32194.0,101,19.73,1
32199.0,102,19.92,1
32200.0,101,19.73,0
32200.0,100,19.53,0
32200.0,99,19.34,0
32200.0,98,19.14,0
32200.0,97,18.95,0
32200.0,96,18.75,0
32200.0,95,18.55,0
32200.0,94,18.36,0
32201.0,93,18.16,0
32201.0,92,17.97,0
32201.0,91,17.77,0
32201.0,90,17.58,0
32201.0,89,17.38,0
32201.0,88,17.19,0
32201.0,87,16.99,0
32201.0,86,16.80,0
32204.0,87,16.99,1
32214.0,88,17.19,1
32270.0,89,17.38,1
32275.0,90,17.58,1
32280.0,91,17.77,1
32283.0,90,17.58,0
32283.0,89,17.38,0
32283.0,88,17.19,0
32283.0,87,16.99,0
32283.0,86,16.80,0
32283.0,85,16.60,0
32283.0,84,16.41,0
32283.0,83,16.21,0
32285.0,84,16.41,1
32295.0,85,16.60,1
32300.0,86,16.80,1
32305.0,87,16.99,1
32310.0,88,17.19,1
32315.0,87,16.99,0
32315.0,86,16.80,0
32315.0,85,16.60,0
32315.0,84,16.41,0
32315.0,83,16.21,0
32315.0,82,16.02,0
32315.0,81,15.82,0
32315.0,80,15.62,0
32316.0,79,15.43,0
32316.0,78,15.23,0
32316.0,77,15.04,0
32316.0,76,14.84,0
32316.0,75,14.65,0
32316.0,74,14.45,0
32316.0,73,14.26,0
32316.0,72,14.06,0
32334.0,73,14.26,1
32339.0,74,14.45,1
32344.0,75,14.65,1
32349.0,76,14.84,1
32354.0,77,15.04,1
32359.0,78,15.23,1
32364.0,79,15.43,1
32369.0,80,15.62,1
32374.0,81,15.82,1
32379.0,82,16.02,1
32384.0,83,16.21,1
32389.0,84,16.41,1
32394.0,83,16.21,0
32394.0,82,16.02,0
32394.0,81,15.82,0
32394.0,80,15.62,0
32394.0,79,15.43,0
32394.0,78,15.23,0
32394.0,77,15.04,0
32394.0,76,14.84,0
32398.0,77,15.04,1
32399.0,78,15.23,1
32403.0,79,15.43,1
32404.0,80,15.62,1
32408.0,81,15.82,1
32409.0,82,16.02,1
32413.0,83,16.21,1
32414.0,84,16.41,1
32418.0,85,16.60,1
32423.0,86,16.80,1
32428.0,87,16.99,1
32433.0,88,17.19,1
32443.0,87,16.99,0
32443.0,86,16.80,0
32443.0,85,16.60,0
32443.0,84,16.41,0
32443.0,83,16.21,0
32443.0,82,16.02,0
32443.0,81,15.82,0
32443.0,80,15.62,0
32462.0,81,15.82,1
32467.0,82,16.02,1
32472.0,83,16.21,1
32475.0,82,16.02,0
32475.0,81,15.82,0
32475.0,80,15.62,0
32475.0,79,15.43,0
32475.0,78,15.23,0
32475.0,77,15.04,0
32475.0,76,14.84,0
32475.0,75,14.65,0
32477.0,76,14.84,1
32487.0,77,15.04,1
32492.0,78,15.23,1
32497.0,79,15.43,1
32502.0,80,15.62,1
32571.0,79,15.43,0
32571.0,78,15.23,0
32571.0,77,15.04,0
32571.0,76,14.84,0
32571.0,75,14.65,0
32571.0,74,14.45,0
32571.0,73,14.26,0
32571.0,72,14.06,0
32591.0,73,14.26,1
32596.0,74,14.45,1
32601.0,75,14.65,1
32606.0,76,14.84,1
32611.0,77,15.04,1
32616.0,78,15.23,1
32621.0,79,15.43,1
32626.0,80,15.62,1
32654.0,81,15.82,1
32659.0,82,16.02,1
32664.0,83,16.21,1
32667.0,82,16.02,0
32667.0,81,15.82,0
32667.0,80,15.62,0
32667.0,79,15.43,0
32667.0,78,15.23,0
32667.0,77,15.04,0
32667.0,76,14.84,0
32667.0,75,14.65,0
32669.0,76,14.84,1
32679.0,77,15.04,1
32684.0,78,15.23,1
32689.0,79,15.43,1
32694.0,80,15.62,1
32699.0,81,15.82,1
32704.0,82,16.02,1
32709.0,83,16.21,1
32714.0,84,16.41,1
32719.0,85,16.60,1
32724.0,86,16.80,1
32729.0,87,16.99,1
32734.0,88,17.19,1
32750.0,89,17.38,1
32755.0,90,17.58,1
32760.0,91,17.77,1
32765.0,92,17.97,1
32770.0,93,18.16,1
32775.0,94,18.36,1
32780.0,95,18.55,1
32785.0,96,18.75,1
32814.0,97,18.95,1
32819.0,98,19.14,1
32824.0,99,19.34,1
32827.0,98,19.14,0
32827.0,97,18.95,0
32827.0,96,18.75,0
32827.0,95,18.55,0
32827.0,94,18.36,0
32827.0,93,18.16,0
32827.0,92,17.97,0
32827.0,91,17.77,0
32829.0,92,17.97,1
32839.0,93,18.16,1
32844.0,94,18.36,1
32849.0,95,18.55,1
32854.0,96,18.75,1
32859.0,97,18.95,1
32864.0,98,19.14,1
32869.0,99,19.34,1
32872.0,98,19.14,0
32872.0,97,18.95,0
32872.0,96,18.75,0
32872.0,95,18.55,0
32872.0,94,18.36,0
32872.0,93,18.16,0
32872.0,92,17.97,0
32872.0,91,17.77,0
32874.0,92,17.97,1
32879.0,93,18.16,1
32884.0,94,18.36,1
32889.0,95,18.55,1
32899.0,96,18.75,1
32910.0,97,18.95,1
32915.0,98,19.14,1
32920.0,99,19.34,1
32925.0,100,19.53,1
32930.0,101,19.73,1
32935.0,102,19.92,1
32940.0,103,20.12,1
32942.0,104,20.31,1
32945.0,105,20.51,1
32947.0,106,20.70,1
32952.0,107,20.90,1
32957.0,108,21.09,1
32962.0,109,21.29,1
32967.0,110,21.48,1
32972.0,111,21.68,1
32977.0,112,21.88,1
33006.0,113,22.07,1
33011.0,114,22.27,1
33016.0,115,22.46,1
33021.0,116,22.66,1
33026.0,115,22.46,0
33026.0,114,22.27,0
33026.0,113,22.07,0
33026.0,112,21.88,0
33026.0,111,21.68,0
33026.0,110,21.48,0
33026.0,109,21.29,0
33026.0,108,21.09,0
33031.0,109,21.29,1
33036.0,110,21.48,1
33041.0,111,21.68,1
33046.0,112,21.88,1
33070.0,113,22.07,1
33075.0,114,22.27,1
33080.0,115,22.46,1
33085.0,116,22.66,1
33090.0,117,22.85,1
33095.0,118,23.05,1
33100.0,119,23.24,1
33105.0,120,23.44,1
33115.0,119,23.24,0
33115.0,118,23.05,0
33115.0,117,22.85,0
33115.0,116,22.66,0
33115.0,115,22.46,0
33115.0,114,22.27,0
33115.0,113,22.07,0
33115.0,112,21.88,0
33135.0,113,22.07,1
33140.0,114,22.27,1
33145.0,115,22.46,1
33150.0,116,22.66,1
33155.0,117,22.85,1
33160.0,118,23.05,1
33165.0,119,23.24,1
33170.0,120,23.44,1
33179.0,119,23.24,0
33179.0,118,23.05,0
33179.0,117,22.85,0
33179.0,116,22.66,0
33179.0,115,22.46,0
33179.0,114,22.27,0
33179.0,113,22.07,0
33179.0,112,21.88,0
33198.0,113,22.07,1
33203.0,114,22.27,1
33208.0,115,22.46,1
33213.0,116,22.66,1
33218.0,117,22.85,1
33219.0,116,22.66,0
33219.0,115,22.46,0
33219.0,114,22.27,0
33219.0,113,22.07,0
33219.0,112,21.88,0
33219.0,111,21.68,0
33219.0,110,21.48,0
33219.0,109,21.29,0
33223.0,110,21.48,1
33230.0,111,21.68,1
33233.0,112,21.88,1
33235.0,113,22.07,1
33238.0,114,22.27,1
33240.0,115,22.46,1
33245.0,116,22.66,1
33248.0,115,22.46,0
33248.0,114,22.27,0
33248.0,113,22.07,0
33248.0,112,21.88,0
33248.0,111,21.68,0
33248.0,110,21.48,0
33248.0,109,21.29,0
33248.0,108,21.09,0
33255.0,109,21.29,1
33260.0,110,21.48,1
33262.0,111,21.68,1
33265.0,112,21.88,1
33267.0,113,22.07,1
33270.0,114,22.27,1
33272.0,115,22.46,1
33277.0,116,22.66,1
33282.0,117,22.85,1
33287.0,118,23.05,1
33292.0,119,23.24,1
33294.0,120,23.44,1
33297.0,121,23.63,1
33299.0,122,23.83,1
33304.0,123,24.02,1
33307.0,122,23.83,0
33307.0,121,23.63,0
33307.0,120,23.44,0
33307.0,119,23.24,0
33307.0,118,23.05,0
33307.0,117,22.85,0
33307.0,116,22.66,0
33307.0,115,22.46,0
33309.0,116,22.66,1
33319.0,117,22.85,1
33324.0,118,23.05,1
33326.0,119,23.24,1
33329.0,120,23.44,1
33331.0,121,23.63,1
33334.0,122,23.83,1
33336.0,123,24.02,1
33341.0,124,24.22,1
33346.0,125,24.41,1
33351.0,126,24.61,1
33356.0,127,24.80,1
33358.0,128,25.00,1
33361.0,129,25.20,1
33363.0,130,25.39,1
33368.0,131,25.59,1
33373.0,132,25.78,1
33378.0,133,25.98,1
33383.0,134,26.17,1
33388.0,135,26.37,1
33393.0,136,26.56,1
33398.0,137,26.76,1
33403.0,138,26.95,1
33408.0,139,27.15,1
33413.0,140,27.34,1
33418.0,141,27.54,1
33423.0,142,27.73,1
33428.0,143,27.93,1
33433.0,144,28.12,1
33436.0,143,27.93,0
33436.0,142,27.73,0
33436.0,141,27.54,0
33436.0,140,27.34,0
33436.0,139,27.15,0
33436.0,138,26.95,0
33436.0,137,26.76,0
33436.0,136,26.56,0
33456.0,137,26.76,1
33461.0,138,26.95,1
33466.0,139,27.15,1
33471.0,140,27.34,1
33476.0,141,27.54,1
33481.0,142,27.73,1
33486.0,143,27.93,1
33491.0,144,28.12,1
33499.0,143,27.93,0
33499.0,142,27.73,0
33499.0,141,27.54,0
33499.0,140,27.34,0
33499.0,139,27.15,0
33499.0,138,26.95,0
33499.0,137,26.76,0
33499.0,136,26.56,0
33544.0,135,26.37,0
33544.0,134,26.17,0
33544.0,133,25.98,0
33544.0,132,25.78,0
33544.0,131,25.59,0
33544.0,130,25.39,0
33544.0,129,25.20,0
33544.0,128,25.00,0
33582.0,129,25.20,1
33587.0,130,25.39,1
33592.0,131,25.59,1
33595.0,130,25.39,0
33595.0,129,25.20,0
33595.0,128,25.00,0
33595.0,127,24.80,0
33595.0,126,24.61,0
33595.0,125,24.41,0
33595.0,124,24.22,0
33595.0,123,24.02,0
33597.0,124,24.22,1
33607.0,125,24.41,1
33612.0,126,24.61,1
33617.0,127,24.80,1
33622.0,128,25.00,1
33646.0,129,25.20,1
33651.0,130,25.39,1
33656.0,131,25.59,1
33659.0,130,25.39,0
33659.0,129,25.20,0
33659.0,128,25.00,0
33659.0,127,24.80,0
33659.0,126,24.61,0
33659.0,125,24.41,0
33659.0,124,24.22,0
33659.0,123,24.02,0
33661.0,124,24.22,1
33671.0,125,24.41,1
33676.0,126,24.61,1
33678.0,127,24.80,1
33681.0,128,25.00,1
33683.0,129,25.20,1
33686.0,130,25.39,1
33688.0,131,25.59,1
33693.0,132,25.78,1
33698.0,133,25.98,1
33703.0,134,26.17,1
33707.0,133,25.98,0
33707.0,132,25.78,0
33707.0,131,25.59,0
33707.0,130,25.39,0
33707.0,129,25.20,0
33707.0,128,25.00,0
33707.0,127,24.80,0
33707.0,126,24.61,0
33708.0,127,24.80,1
33713.0,128,25.00,1
33742.0,129,25.20,1
33747.0,130,25.39,1
33752.0,131,25.59,1
33755.0,130,25.39,0
33755.0,129,25.20,0
33755.0,128,25.00,0
33755.0,127,24.80,0
33755.0,126,24.61,0
33755.0,125,24.41,0
33755.0,124,24.22,0
33755.0,123,24.02,0
33757.0,124,24.22,1
33767.0,125,24.41,1
33772.0,126,24.61,1
33774.0,127,24.80,1
33777.0,128,25.00,1
33779.0,129,25.20,1
33782.0,130,25.39,1
33784.0,131,25.59,1
33787.0,130,25.39,0
33787.0,129,25.20,0
33787.0,128,25.00,0
33787.0,127,24.80,0
33787.0,126,24.61,0
33787.0,125,24.41,0
33787.0,124,24.22,0
33787.0,123,24.02,0
33789.0,124,24.22,1
33799.0,125,24.41,1
33804.0,126,24.61,1
33809.0,127,24.80,1
33814.0,128,25.00,1
33819.0,129,25.20,1
33824.0,130,25.39,1
33829.0,131,25.59,1
33834.0,132,25.78,1
33838.0,133,25.98,1
33839.0,134,26.17,1
33843.0,135,26.37,1
33844.0,136,26.56,1
33848.0,137,26.76,1
33849.0,138,26.95,1
33853.0,139,27.15,1
33854.0,140,27.34,1
33863.0,141,27.54,1
33864.0,140,27.34,0
33864.0,139,27.15,0
33864.0,138,26.95,0
33864.0,137,26.76,0
33864.0,136,26.56,0
33864.0,135,26.37,0
33864.0,134,26.17,0
33864.0,133,25.98,0
33868.0,134,26.17,1
33870.0,135,26.37,1
33873.0,136,26.56,1
33875.0,137,26.76,1
33878.0,138,26.95,1
33880.0,139,27.15,1
33885.0,140,27.34,1
33890.0,141,27.54,1
33895.0,142,27.73,1
33900.0,143,27.93,1
33905.0,144,28.12,1
33915.0,143,27.93,0
33915.0,142,27.73,0
33915.0,141,27.54,0
33915.0,140,27.34,0
33915.0,139,27.15,0
33915.0,138,26.95,0
33915.0,137,26.76,0
33915.0,136,26.56,0
33966.0,137,26.76,1
33971.0,138,26.95,1
33976.0,139,27.15,1
33980.0,138,26.95,0
33980.0,137,26.76,0
33980.0,136,26.56,0
33980.0,135,26.37,0
33980.0,134,26.17,0
33980.0,133,25.98,0
33980.0,132,25.78,0
33980.0,131,25.59,0
33981.0,132,25.78,1
33991.0,133,25.98,1
33996.0,134,26.17,1
33998.0,135,26.37,1
34001.0,136,26.56,1
34003.0,137,26.76,1
34006.0,138,26.95,1
34008.0,139,27.15,1
34013.0,140,27.34,1
34018.0,141,27.54,1
34023.0,142,27.73,1
34028.0,143,27.93,1
34030.0,144,28.12,1
34033.0,145,28.32,1
34035.0,146,28.52,1
34040.0,147,28.71,1
34044.5,146,28.52,0
34044.5,145,28.32,0
34044.5,144,28.12,0
34044.5,143,27.93,0
34044.5,142,27.73,0
34044.5,141,27.54,0
34044.5,140,27.34,0
34044.5,139,27.15,0
34045.0,140,27.34,1
34055.0,141,27.54,1
34060.0,142,27.73,1
34065.0,143,27.93,1
34070.0,144,28.12,1
34075.0,145,28.32,1
34075.0,144,28.12,0
34075.0,143,27.93,0
34075.0,142,27.73,0
34075.0,141,27.54,0
34075.0,140,27.34,0
34075.0,139,27.15,0
34075.0,138,26.95,0
34075.0,137,26.76,0
34080.0,138,26.95,1
34085.0,139,27.15,1
34090.0,140,27.34,1
34100.0,141,27.54,1
34105.0,142,27.73,1
34107.0,141,27.54,0
34107.0,140,27.34,0
34107.0,139,27.15,0
34107.0,138,26.95,0
34107.0,137,26.76,0
34107.0,136,26.56,0
34107.0,135,26.37,0
34107.0,134,26.17,0
34110.0,135,26.37,1
34115.0,136,26.56,1
34139.0,135,26.37,0
34139.0,134,26.17,0
34139.0,133,25.98,0
34139.0,132,25.78,0
34139.0,131,25.59,0
34139.0,130,25.39,0
34139.0,129,25.20,0
34139.0,128,25.00,0
34158.0,129,25.20,1
34163.0,130,25.39,1
34168.0,131,25.59,1
34171.0,130,25.39,0
34171.0,129,25.20,0
34171.0,128,25.00,0
34171.0,127,24.80,0
34171.0,126,24.61,0
34171.0,125,24.41,0
34171.0,124,24.22,0
34171.0,123,24.02,0
34173.0,124,24.22,1
34183.0,125,24.41,1
34188.0,126,24.61,1
34193.0,127,24.80,1
34198.0,128,25.00,1
34203.0,129,25.20,1
34203.0,128,25.00,0
34203.0,127,24.80,0
34203.0,126,24.61,0
34203.0,125,24.41,0
34203.0,124,24.22,0
34203.0,123,24.02,0
34203.0,122,23.83,0
34203.0,121,23.63,0
34208.0,122,23.83,1
34213.0,123,24.02,1
34218.0,124,24.22,1
34228.0,125,24.41,1
34233.0,126,24.61,1
34238.0,127,24.80,1
34243.0,128,25.00,1
34243.0,127,24.80,0
34243.0,126,24.61,0
34243.0,125,24.41,0
34243.0,124,24.22,0
34243.0,123,24.02,0
34243.0,122,23.83,0
34243.0,121,23.63,0
34243.0,120,23.44,0
34286.0,121,23.63,1
34291.0,122,23.83,1
34296.0,123,24.02,1
34301.0,124,24.22,1
34301.5,123,24.02,0
34301.5,122,23.83,0
34301.5,121,23.63,0
34301.5,120,23.44,0
34301.5,119,23.24,0
34301.5,118,23.05,0
34301.5,117,22.85,0
34301.5,116,22.66,0
34311.0,117,22.85,1
34316.0,118,23.05,1
34318.0,119,23.24,1
34321.0,120,23.44,1
34323.0,121,23.63,1
34326.0,122,23.83,1
34328.0,123,24.02,1
34333.0,124,24.22,1
34338.0,125,24.41,1
34343.0,126,24.61,1
34348.0,127,24.80,1
34350.0,128,25.00,1
34353.0,129,25.20,1
34355.0,130,25.39,1
34360.0,131,25.59,1
34365.0,132,25.78,1
34370.0,133,25.98,1
34375.0,134,26.17,1
34380.0,135,26.37,1
34382.0,136,26.56,1
34385.0,137,26.76,1
34387.0,138,26.95,1
34392.0,139,27.15,1
34397.0,140,27.34,1
34402.0,141,27.54,1
34407.0,142,27.73,1
34412.0,143,27.93,1
34417.0,144,28.12,1
34422.0,145,28.32,1
34427.0,146,28.52,1
34430.0,145,28.32,0
34430.0,144,28.12,0
34430.0,143,27.93,0
34430.0,142,27.73,0
34430.0,141,27.54,0
34430.0,140,27.34,0
34430.0,139,27.15,0
34430.0,138,26.95,0
34432.0,139,27.15,1
34437.0,140,27.34,1
34447.0,141,27.54,1
34452.0,142,27.73,1
34457.0,143,27.93,1
34462.0,144,28.12,1
34467.0,145,28.32,1
34472.0,146,28.52,1
34477.0,147,28.71,1
34478.0,148,28.91,1
34482.0,149,29.10,1
34483.0,150,29.30,1
34487.0,151,29.49,1
34488.0,152,29.69,1
34491.0,151,29.49,0
34491.0,150,29.30,0
34491.0,149,29.10,0
34491.0,148,28.91,0
34491.0,147,28.71,0
34491.0,146,28.52,0
34491.0,145,28.32,0
34491.0,144,28.12,0
34492.0,145,28.32,1
34493.0,146,28.52,1
34497.0,147,28.71,1
34502.0,148,28.91,1
34503.0,149,29.10,1
34508.0,150,29.30,1
34513.0,151,29.49,1
34518.0,152,29.69,1
34523.0,151,29.49,0
34523.0,150,29.30,0
34523.0,149,29.10,0
34523.0,148,28.91,0
34523.0,147,28.71,0
34523.0,146,28.52,0
34523.0,145,28.32,0
34523.0,144,28.12,0
34543.0,145,28.32,1
34548.0,146,28.52,1
34553.0,147,28.71,1
34558.0,148,28.91,1
34563.0,149,29.10,1
34568.0,150,29.30,1
34573.0,151,29.49,1
34578.0,152,29.69,1
34587.5,151,29.49,0
34587.5,150,29.30,0
34587.5,149,29.10,0
34587.5,148,28.91,0
34587.5,147,28.71,0
34587.5,146,28.52,0
34587.5,145,28.32,0
34587.5,144,28.12,0
34606.0,145,28.32,1
34611.0,146,28.52,1
34616.0,147,28.71,1
34619.0,146,28.52,0
34619.0,145,28.32,0
34619.0,144,28.12,0
34619.0,143,27.93,0
34619.0,142,27.73,0
34619.0,141,27.54,0
34619.0,140,27.34,0
34619.0,139,27.15,0
34621.0,140,27.34,1
34631.0,141,27.54,1
34636.0,142,27.73,1
34641.0,143,27.93,1
34646.0,144,28.12,1
34651.0,145,28.32,1
34656.0,146,28.52,1
34661.0,147,28.71,1
34664.5,146,28.52,0
34664.5,145,28.32,0
34664.5,144,28.12,0
34664.5,143,27.93,0
34664.5,142,27.73,0
34664.5,141,27.54,0
34664.5,140,27.34,0
34664.5,139,27.15,0
34666.0,140,27.34,1
34671.0,141,27.54,1
34676.0,142,27.73,1
34681.0,143,27.93,1
34691.0,144,28.12,1
34696.0,143,27.93,0
34696.0,142,27.73,0
34696.0,141,27.54,0
34696.0,140,27.34,0
34696.0,139,27.15,0
34696.0,138,26.95,0
34696.0,137,26.76,0
34696.0,136,26.56,0
34702.0,137,26.76,1
34707.0,138,26.95,1
34712.0,139,27.15,1
34715.0,138,26.95,0
34715.0,137,26.76,0
34715.0,136,26.56,0
34715.0,135,26.37,0
34715.0,134,26.17,0
34715.0,133,25.98,0
34715.0,132,25.78,0
34715.0,131,25.59,0
34717.0,132,25.78,1
34727.0,133,25.98,1
34732.0,134,26.17,1
34737.0,135,26.37,1
34742.0,136,26.56,1
34766.0,137,26.76,1
34771.0,138,26.95,1
34776.0,139,27.15,1
34781.0,140,27.34,1
34786.0,141,27.54,1
34791.0,142,27.73,1
34796.0,143,27.93,1
34798.0,144,28.12,1
34801.0,145,28.32,1
34803.0,146,28.52,1
34808.0,147,28.71,1
34811.0,146,28.52,0
34811.0,145,28.32,0
34811.0,144,28.12,0
34811.0,143,27.93,0
34811.0,142,27.73,0
34811.0,141,27.54,0
34811.0,140,27.34,0
34811.0,139,27.15,0
34813.0,140,27.34,1
34823.0,141,27.54,1
34828.0,142,27.73,1
34833.0,143,27.93,1
34838.0,144,28.12,1
34843.0,143,27.93,0
34843.0,142,27.73,0
34843.0,141,27.54,0
34843.0,140,27.34,0
34843.0,139,27.15,0
34843.0,138,26.95,0
34843.0,137,26.76,0
34843.0,136,26.56,0
34862.0,137,26.76,1
34867.0,138,26.95,1
34872.0,139,27.15,1
34875.0,138,26.95,0
34875.0,137,26.76,0
34875.0,136,26.56,0
34875.0,135,26.37,0
34875.0,134,26.17,0
34875.0,133,25.98,0
34875.0,132,25.78,0
34875.0,131,25.59,0
34877.0,132,25.78,1
34887.0,133,25.98,1
34892.0,134,26.17,1
34894.0,135,26.37,1
34897.0,136,26.56,1
34899.0,137,26.76,1
34902.0,138,26.95,1
34904.0,139,27.15,1
34909.0,140,27.34,1
34914.0,141,27.54,1
34919.0,142,27.73,1
34923.0,141,27.54,0
34923.0,140,27.34,0
34923.0,139,27.15,0
34923.0,138,26.95,0
34923.0,137,26.76,0
34923.0,136,26.56,0
34923.0,135,26.37,0
34923.0,134,26.17,0
34924.0,135,26.37,1
34929.0,136,26.56,1
34958.0,137,26.76,1
34963.0,138,26.95,1
34968.0,139,27.15,1
34973.0,140,27.34,1
34978.0,141,27.54,1
34983.0,142,27.73,1
34988.0,143,27.93,1
34990.0,144,28.12,1
34993.0,145,28.32,1
34995.0,146,28.52,1
35000.0,147,28.71,1
35003.0,146,28.52,0
35003.0,145,28.32,0
35003.0,144,28.12,0
35003.0,143,27.93,0
35003.0,142,27.73,0
35003.0,141,27.54,0
35003.0,140,27.34,0
35003.0,139,27.15,0
35005.0,140,27.34,1
35015.0,141,27.54,1
35020.0,142,27.73,1
35025.0,143,27.93,1
35030.0,144,28.12,1
35050.5,143,27.93,0
35050.5,142,27.73,0
35050.5,141,27.54,0
35050.5,140,27.34,0
35050.5,139,27.15,0
35050.5,138,26.95,0
35050.5,137,26.76,0
35050.5,136,26.56,0
35057.5,137,26.76,1
35062.5,138,26.95,1
35067.5,139,27.15,1
35072.5,140,27.34,1
35077.5,141,27.54,1
35082.5,142,27.73,1
35087.5,143,27.93,1
35092.5,144,28.12,1
35131.0,143,27.93,0
35131.0,142,27.73,0
35131.0,141,27.54,0
35131.0,140,27.34,0
35131.0,139,27.15,0
35131.0,138,26.95,0
35131.0,137,26.76,0
35131.0,136,26.56,0
35163.0,135,26.37,0
35163.0,134,26.17,0
35163.0,133,25.98,0
35163.0,132,25.78,0
35163.0,131,25.59,0
35163.0,130,25.39,0
35163.0,129,25.20,0
35163.0,128,25.00,0
35182.0,129,25.20,1
35187.0,130,25.39,1
35192.0,131,25.59,1
35195.0,130,25.39,0
35195.0,129,25.20,0
35195.0,128,25.00,0
35195.0,127,24.80,0
35195.0,126,24.61,0
35195.0,125,24.41,0
35195.0,124,24.22,0
35195.0,123,24.02,0
35197.0,124,24.22,1
35207.0,125,24.41,1
35212.0,126,24.61,1
35217.0,127,24.80,1
35222.0,128,25.00,1
35227.0,127,24.80,0
35227.0,126,24.61,0
35227.0,125,24.41,0
35227.0,124,24.22,0
35227.0,123,24.02,0
35227.0,122,23.83,0
35227.0,121,23.63,0
35227.0,120,23.44,0
35246.0,121,23.63,1
35251.0,122,23.83,1
35256.0,123,24.02,1
35261.0,124,24.22,1
35266.0,125,24.41,1
35267.0,124,24.22,0
35267.0,123,24.02,0
35267.0,122,23.83,0
35267.0,121,23.63,0
35267.0,120,23.44,0
35267.0,119,23.24,0
35267.0,118,23.05,0
35267.0,117,22.85,0
35271.0,118,23.05,1
35281.0,119,23.24,1
35286.0,120,23.44,1
35291.0,121,23.63,1
35296.0,122,23.83,1
35301.0,123,24.02,1
35306.0,124,24.22,1
35311.0,125,24.41,1
35312.0,124,24.22,0
35312.0,123,24.02,0
35312.0,122,23.83,0
35312.0,121,23.63,0
35312.0,120,23.44,0
35312.0,119,23.24,0
35312.0,118,23.05,0
35312.0,117,22.85,0
35316.0,118,23.05,1
35321.0,119,23.24,1
35324.0,118,23.05,0
35324.0,117,22.85,0
35324.0,116,22.66,0
35324.0,115,22.46,0
35324.0,114,22.27,0
35324.0,113,22.07,0
35324.0,112,21.88,0
35324.0,111,21.68,0
35326.0,112,21.88,1
35331.0,113,22.07,1
35341.0,114,22.27,1
35346.0,115,22.46,1
35356.0,116,22.66,1
35361.0,117,22.85,1
35366.0,118,23.05,1
35371.0,119,23.24,1
35376.0,120,23.44,1
35388.0,119,23.24,0
35388.0,118,23.05,0
35388.0,117,22.85,0
35388.0,116,22.66,0
35388.0,115,22.46,0
35388.0,114,22.27,0
35388.0,113,22.07,0
35388.0,112,21.88,0
35438.0,113,22.07,1
35443.0,114,22.27,1
35448.0,115,22.46,1
35451.0,114,22.27,0
35451.0,113,22.07,0
35451.0,112,21.88,0
35451.0,111,21.68,0
35451.0,110,21.48,0
35451.0,109,21.29,0
35451.0,108,21.09,0
35451.0,107,20.90,0
35453.0,108,21.09,1
35463.0,109,21.29,1
35468.0,110,21.48,1
35470.0,111,21.68,1
35473.0,112,21.88,1
35475.0,113,22.07,1
35478.0,114,22.27,1
35480.0,115,22.46,1
35485.0,116,22.66,1
35490.0,117,22.85,1
35495.0,118,23.05,1
35500.0,119,23.24,1
35505.0,118,23.05,0
35505.0,117,22.85,0
35505.0,116,22.66,0
35505.0,115,22.46,0
35505.0,114,22.27,0
35505.0,113,22.07,0
35505.0,112,21.88,0
35505.0,111,21.68,0
35506.0,112,21.88,1
35510.0,113,22.07,1
35511.0,114,22.27,1
35516.0,115,22.46,1
35521.0,116,22.66,1
35526.0,117,22.85,1
35531.0,118,23.05,1
35536.0,119,23.24,1
35541.0,120,23.44,1
35547.0,119,23.24,0
35547.0,118,23.05,0
35547.0,117,22.85,0
35547.0,116,22.66,0
35547.0,115,22.46,0
35547.0,114,22.27,0
35547.0,113,22.07,0
35547.0,112,21.88,0
35566.0,113,22.07,1
35571.0,114,22.27,1
35576.0,115,22.46,1
35581.0,116,22.66,1
35586.0,117,22.85,1
35591.0,118,23.05,1
35596.0,119,23.24,1
35601.0,120,23.44,1
35606.0,121,23.63,1
35611.0,122,23.83,1
35614.0,121,23.63,0
35614.0,120,23.44,0
35614.0,119,23.24,0
35614.0,118,23.05,0
35614.0,117,22.85,0
35614.0,116,22.66,0
35614.0,115,22.46,0
35614.0,114,22.27,0
35616.0,115,22.46,1
35621.0,116,22.66,1
35631.0,117,22.85,1
35636.0,118,23.05,1
35641.0,119,23.24,1
35643.0,118,23.05,0
35643.0,117,22.85,0
35643.0,116,22.66,0
35643.0,115,22.46,0
35643.0,114,22.27,0
35643.0,113,22.07,0
35643.0,112,21.88,0
35643.0,111,21.68,0
35646.0,112,21.88,1
35662.0,113,22.07,1
35667.0,114,22.27,1
35672.0,115,22.46,1
35677.0,116,22.66,1
35682.0,117,22.85,1
35687.0,118,23.05,1
35692.0,119,23.24,1
35694.0,120,23.44,1
35697.0,121,23.63,1
35699.0,122,23.83,1
35704.0,123,24.02,1
35707.0,122,23.83,0
35707.0,121,23.63,0
35707.0,120,23.44,0
35707.0,119,23.24,0
35707.0,118,23.05,0
35707.0,117,22.85,0
35707.0,116,22.66,0
35707.0,115,22.46,0
35709.0,116,22.66,1
35719.0,117,22.85,1
35724.0,118,23.05,1
35729.0,119,23.24,1
35734.0,120,23.44,1
35739.0,119,23.24,0
35739.0,118,23.05,0
35739.0,117,22.85,0
35739.0,116,22.66,0
35739.0,115,22.46,0
35739.0,114,22.27,0
35739.0,113,22.07,0
35739.0,112,21.88,0
35803.0,111,21.68,0
35803.0,110,21.48,0
35803.0,109,21.29,0
35803.0,108,21.09,0
35803.0,107,20.90,0
35803.0,106,20.70,0
35803.0,105,20.51,0
35803.0,104,20.31,0
35835.0,103,20.12,0
35835.0,102,19.92,0
35835.0,101,19.73,0
35835.0,100,19.53,0
35835.0,99,19.34,0
35835.0,98,19.14,0
35835.0,97,18.95,0
35835.0,96,18.75,0
35886.0,97,18.95,1
35891.0,98,19.14,1
35896.0,99,19.34,1
35901.0,100,19.53,1
35906.0,101,19.73,1
35911.0,100,19.53,0
35911.0,99,19.34,0
35911.0,98,19.14,0
35911.0,97,18.95,0
35911.0,96,18.75,0
35911.0,95,18.55,0
35911.0,94,18.36,0
35911.0,93,18.16,0
35916.0,94,18.36,1
35921.0,95,18.55,1
35926.0,96,18.75,1
35950.0,97,18.95,1
35955.0,98,19.14,1
35960.0,99,19.34,1
35965.0,100,19.53,1
35970.0,101,19.73,1
35975.0,102,19.92,1
35980.0,103,20.12,1
35985.0,104,20.31,1
35990.0,105,20.51,1
35995.0,106,20.70,1
36000.0,107,20.90,1
36005.0,108,21.09,1
36010.0,109,21.29,1
36015.0,110,21.48,1
36020.0,111,21.68,1
36025.0,112,21.88,1
36027.0,111,21.68,0
36027.0,110,21.48,0
36027.0,109,21.29,0
36027.0,108,21.09,0
36027.0,107,20.90,0
36027.0,106,20.70,0
36027.0,105,20.51,0
36027.0,104,20.31,0
36078.0,105,20.51,1
36083.0,106,20.70,1
36088.0,107,20.90,1
36091.0,106,20.70,0
36091.0,105,20.51,0
36091.0,104,20.31,0
36091.0,103,20.12,0
36091.0,102,19.92,0
36091.0,101,19.73,0
36091.0,100,19.53,0
36091.0,99,19.34,0
36093.0,100,19.53,1
36103.0,101,19.73,1
36108.0,102,19.92,1
36110.0,103,20.12,1
36113.0,104,20.31,1
36115.0,105,20.51,1
36118.0,106,20.70,1
36120.0,107,20.90,1
36125.0,108,21.09,1
36130.0,109,21.29,1
36135.0,110,21.48,1
36140.0,111,21.68,1
36145.0,112,21.88,1
36145.0,113,22.07,1
36150.0,112,21.88,0
36150.0,111,21.68,0
36150.0,110,21.48,0
36150.0,109,21.29,0
36150.0,108,21.09,0
36150.0,107,20.90,0
36150.0,106,20.70,0
36150.0,105,20.51,0
36150.0,106,20.70,1
36155.0,107,20.90,1
36160.0,108,21.09,1
36165.0,109,21.29,1
36170.0,110,21.48,1
36174.0,111,21.68,1
36175.0,112,21.88,1
36179.0,111,21.68,0
36179.0,110,21.48,0
36179.0,109,21.29,0
36179.0,108,21.09,0
36179.0,107,20.90,0
36179.0,106,20.70,0
36179.0,105,20.51,0
36179.0,104,20.31,0
36180.0,105,20.51,1
36184.0,106,20.70,1
36189.0,107,20.90,1
36194.0,108,21.09,1
36199.0,109,21.29,1
36204.0,110,21.48,1
36209.0,111,21.68,1
36214.0,112,21.88,1
36219.0,113,22.07,1
36224.0,114,22.27,1
36229.0,115,22.46,1
36234.0,116,22.66,1
36238.0,117,22.85,1
36239.0,118,23.05,1
36243.0,119,23.24,1
36244.0,120,23.44,1
36248.0,121,23.63,1
36249.0,122,23.83,1
36253.0,123,24.02,1
36254.0,124,24.22,1
36258.0,125,24.41,1
36263.0,126,24.61,1
36268.0,127,24.80,1
36270.0,128,25.00,1
36273.0,129,25.20,1
36275.0,130,25.39,1
36280.0,131,25.59,1
36283.0,130,25.39,0
36283.0,129,25.20,0
36283.0,128,25.00,0
36283.0,127,24.80,0
36283.0,126,24.61,0
36283.0,125,24.41,0
36283.0,124,24.22,0
36283.0,123,24.02,0
36285.0,124,24.22,1
36295.0,125,24.41,1
36300.0,126,24.61,1
36302.0,127,24.80,1
36305.0,128,25.00,1
36307.0,129,25.20,1
36310.0,130,25.39,1
36312.0,131,25.59,1
36315.0,130,25.39,0
36315.0,129,25.20,0
36315.0,128,25.00,0
36315.0,127,24.80,0
36315.0,126,24.61,0
36315.0,125,24.41,0
36315.0,124,24.22,0
36315.0,123,24.02,0
36317.0,124,24.22,1
36327.0,125,24.41,1
36332.0,126,24.61,1
36334.0,127,24.80,1
36337.0,128,25.00,1
36339.0,129,25.20,1
36342.0,130,25.39,1
36344.0,131,25.59,1
36349.0,132,25.78,1
36352.5,131,25.59,0
36352.5,130,25.39,0
36352.5,129,25.20,0
36352.5,128,25.00,0
36352.5,127,24.80,0
36352.5,126,24.61,0
36352.5,125,24.41,0
36352.5,124,24.22,0
36354.0,125,24.41,1
36364.0,126,24.61,1
36369.0,127,24.80,1
36374.0,128,25.00,1
36398.0,129,25.20,1
36403.0,130,25.39,1
36408.0,131,25.59,1
36413.0,132,25.78,1
36418.0,131,25.59,0
36418.0,130,25.39,0
36418.0,129,25.20,0
36418.0,128,25.00,0
36418.0,127,24.80,0
36418.0,126,24.61,0
36418.0,125,24.41,0
36418.0,124,24.22,0
36423.0,125,24.41,1
36428.0,126,24.61,1
36433.0,127,24.80,1
36438.0,128,25.00,1
36451.0,127,24.80,0
36451.0,126,24.61,0
36451.0,125,24.41,0
36451.0,124,24.22,0
36451.0,123,24.02,0
36451.0,122,23.83,0
36451.0,121,23.63,0
36451.0,120,23.44,0
36494.0,121,23.63,1
36499.0,122,23.83,1
36504.0,123,24.02,1
36507.0,122,23.83,0
36507.0,121,23.63,0
36507.0,120,23.44,0
36507.0,119,23.24,0
36507.0,118,23.05,0
36507.0,117,22.85,0
36507.0,116,22.66,0
36507.0,115,22.46,0
36509.0,116,22.66,1
36519.0,117,22.85,1
36524.0,118,23.05,1
36526.0,119,23.24,1
36529.0,120,23.44,1
36531.0,121,23.63,1
36534.0,122,23.83,1
36536.0,123,24.02,1
36539.0,122,23.83,0
36539.0,121,23.63,0
36539.0,120,23.44,0
36539.0,119,23.24,0
36539.0,118,23.05,0
36539.0,117,22.85,0
36539.0,116,22.66,0
36539.0,115,22.46,0
36541.0,116,22.66,1
36551.0,117,22.85,1
36556.0,118,23.05,1
36561.0,119,23.24,1
36566.0,120,23.44,1
36590.0,121,23.63,1
36595.0,122,23.83,1
36600.0,123,24.02,1
36605.0,124,24.22,1
36610.0,125,24.41,1
36615.0,126,24.61,1
36620.0,127,24.80,1
36625.0,128,25.00,1
36654.0,129,25.20,1
36659.0,130,25.39,1
36664.0,131,25.59,1
36669.0,132,25.78,1
36674.0,133,25.98,1
36679.0,134,26.17,1
36684.0,135,26.37,1
36689.0,136,26.56,1
36718.0,137,26.76,1
36723.0,138,26.95,1
36728.0,139,27.15,1
36731.0,138,26.95,0
36731.0,137,26.76,0
36731.0,136,26.56,0
36731.0,135,26.37,0
36731.0,134,26.17,0
36731.0,133,25.98,0
36731.0,132,25.78,0
36731.0,131,25.59,0
36733.0,132,25.78,1
36743.0,133,25.98,1
36748.0,134,26.17,1
36753.0,135,26.37,1
36758.0,136,26.56,1
36782.0,137,26.76,1
36787.0,138,26.95,1
36792.0,139,27.15,1
36795.0,138,26.95,0
36795.0,137,26.76,0
36795.0,136,26.56,0
36795.0,135,26.37,0
36795.0,134,26.17,0
36795.0,133,25.98,0
36795.0,132,25.78,0
36795.0,131,25.59,0
36797.0,132,25.78,1
36807.0,133,25.98,1
36812.0,134,26.17,1
36817.0,135,26.37,1
36822.0,136,26.56,1
36827.0,137,26.76,1
36832.0,138,26.95,1
36835.0,137,26.76,0
36835.0,136,26.56,0
36835.0,135,26.37,0
36835.0,134,26.17,0
36835.0,133,25.98,0
36835.0,132,25.78,0
36835.0,131,25.59,0
36835.0,130,25.39,0
36837.0,131,25.59,1
36842.0,132,25.78,1
36846.0,133,25.98,1
36847.0,134,26.17,1
36851.0,135,26.37,1
36852.0,136,26.56,1
36856.0,137,26.76,1
36861.0,138,26.95,1
36862.0,139,27.15,1
36866.0,140,27.34,1
36867.0,141,27.54,1
36871.0,142,27.73,1
36876.0,143,27.93,1
36878.0,144,28.12,1
36881.0,145,28.32,1
36883.0,146,28.52,1
36888.0,147,28.71,1
36893.0,148,28.91,1
36898.0,149,29.10,1
36903.0,150,29.30,1
36908.0,151,29.49,1
36910.0,152,29.69,1
36913.0,153,29.88,1
36915.0,154,30.08,1
36920.0,155,30.27,1
36923.0,154,30.08,0
36923.0,153,29.88,0
36923.0,152,29.69,0
36923.0,151,29.49,0
36923.0,150,29.30,0
36923.0,149,29.10,0
36923.0,148,28.91,0
36923.0,147,28.71,0
36925.0,148,28.91,1
36935.0,149,29.10,1
36940.0,150,29.30,1
36942.0,151,29.49,1
36945.0,152,29.69,1
36947.0,153,29.88,1
36950.0,154,30.08,1
36952.0,155,30.27,1
36955.0,154,30.08,0
36955.0,153,29.88,0
36955.0,152,29.69,0
36955.0,151,29.49,0
36955.0,150,29.30,0
36955.0,149,29.10,0
36955.0,148,28.91,0
36955.0,147,28.71,0
36957.0,148,28.91,1
36967.0,149,29.10,1
36972.0,150,29.30,1
36974.0,151,29.49,1
36977.0,152,29.69,1
36979.0,153,29.88,1
36982.0,154,30.08,1
36984.0,155,30.27,1
36989.0,156,30.47,1
36991.0,155,30.27,0
36991.0,154,30.08,0
36991.0,153,29.88,0
36991.0,152,29.69,0
36991.0,151,29.49,0
36991.0,150,29.30,0
36991.0,149,29.10,0
36991.0,148,28.91,0
36994.0,149,29.10,1
37004.0,150,29.30,1
37007.0,151,29.49,1
37009.0,152,29.69,1
37012.0,153,29.88,1
37014.0,154,30.08,1
37017.0,155,30.27,1
37022.0,156,30.47,1
37024.0,155,30.27,0
37024.0,154,30.08,0
37024.0,153,29.88,0
37024.0,152,29.69,0
37024.0,151,29.49,0
37024.0,150,29.30,0
37024.0,149,29.10,0
37024.0,148,28.91,0
37032.0,149,29.10,1
37037.0,150,29.30,1
37042.0,151,29.49,1
37047.0,152,29.69,1
37052.0,153,29.88,1
37057.0,154,30.08,1
37062.0,155,30.27,1
37064.0,154,30.08,0
37064.0,153,29.88,0
37064.0,152,29.69,0
37064.0,151,29.49,0
37064.0,150,29.30,0
37064.0,149,29.10,0
37064.0,148,28.91,0
37064.0,147,28.71,0
37067.0,148,28.91,1
37072.0,149,29.10,1
37072.0,150,29.30,1
37077.0,151,29.49,1
37079.0,152,29.69,1
37082.0,153,29.88,1
37084.0,154,30.08,1
37092.0,155,30.27,1
37094.0,156,30.47,1
37099.0,157,30.66,1
37102.0,156,30.47,0
37102.0,155,30.27,0
37102.0,154,30.08,0
37102.0,153,29.88,0
37102.0,152,29.69,0
37102.0,151,29.49,0
37102.0,150,29.30,0
37102.0,149,29.10,0
37104.0,150,29.30,1
37109.0,151,29.49,1
37114.0,152,29.69,1
37119.0,153,29.88,1
37124.0,154,30.08,1
37129.0,155,30.27,1
37134.0,156,30.47,1
37134.0,157,30.66,1
37139.0,156,30.47,0
37139.0,155,30.27,0
37139.0,154,30.08,0
37139.0,153,29.88,0
37139.0,152,29.69,0
37139.0,151,29.49,0
37139.0,150,29.30,0
37139.0,149,29.10,0
37139.0,150,29.30,1
37144.0,151,29.49,1
37144.0,152,29.69,1
37147.0,151,29.49,0
37147.0,150,29.30,0
37147.0,149,29.10,0
37147.0,148,28.91,0
37147.0,147,28.71,0
37147.0,146,28.52,0
37147.0,145,28.32,0
37147.0,144,28.12,0
37149.0,145,28.32,1
37149.0,146,28.52,1
37154.0,147,28.71,1
37159.0,148,28.91,1
37159.0,149,29.10,1
37164.0,150,29.30,1
37169.0,151,29.49,1
37174.0,152,29.69,1
37179.0,153,29.88,1
37179.0,152,29.69,0
37179.0,151,29.49,0
37179.0,150,29.30,0
37179.0,149,29.10,0
37179.0,148,28.91,0
37179.0,147,28.71,0
37179.0,146,28.52,0
37179.0,145,28.32,0
37184.0,146,28.52,1
37189.0,147,28.71,1
37194.0,148,28.91,1
37204.0,149,29.10,1
37209.0,150,29.30,1
37214.0,151,29.49,1
37219.0,152,29.69,1
37224.0,153,29.88,1
37229.0,154,30.08,1
37234.0,155,30.27,1
37239.0,156,30.47,1
37243.0,155,30.27,0
37243.0,154,30.08,0
37243.0,153,29.88,0
37243.0,152,29.69,0
37243.0,151,29.49,0
37243.0,150,29.30,0
37243.0,149,29.10,0
37243.0,148,28.91,0
37244.0,149,29.10,1
37249.0,150,29.30,1
37254.0,151,29.49,1
37259.0,152,29.69,1
37269.0,153,29.88,1
37274.0,154,30.08,1
37279.0,155,30.27,1
37284.0,156,30.47,1
37289.0,157,30.66,1
37294.0,158,30.86,1
37299.0,159,31.05,1
37304.0,160,31.25,1
37326.0,161,31.45,1
37331.0,162,31.64,1
37336.0,163,31.84,1
37341.0,164,32.03,1
37346.0,163,31.84,0
37346.0,162,31.64,0
37346.0,161,31.45,0
37346.0,160,31.25,0
37346.0,159,31.05,0
37346.0,158,30.86,0
37346.0,157,30.66,0
37346.0,156,30.47,0
37351.0,157,30.66,1
37356.0,158,30.86,1
37361.0,159,31.05,1
37366.0,160,31.25,1
37371.0,159,31.05,0
37371.0,158,30.86,0
37371.0,157,30.66,0
37371.0,156,30.47,0
37371.0,155,30.27,0
37371.0,154,30.08,0
37371.0,153,29.88,0
37371.0,152,29.69,0
37422.0,153,29.88,1
37427.0,154,30.08,1
37432.0,155,30.27,1
37435.0,154,30.08,0
37435.0,153,29.88,0
37435.0,152,29.69,0
37435.0,151,29.49,0
37435.0,150,29.30,0
37435.0,149,29.10,0
37435.0,148,28.91,0
37435.0,147,28.71,0
37437.0,148,28.91,1
37447.0,149,29.10,1
37452.0,150,29.30,1
37454.0,151,29.49,1
37457.0,152,29.69,1
37459.0,153,29.88,1
37462.0,154,30.08,1
37464.0,155,30.27,1
37469.0,156,30.47,1
37474.0,157,30.66,1
37479.0,158,30.86,1
37484.0,159,31.05,1
37486.0,160,31.25,1
37489.0,161,31.45,1
37491.0,162,31.64,1
37496.0,163,31.84,1
37499.0,162,31.64,0
37499.0,161,31.45,0
37499.0,160,31.25,0
37499.0,159,31.05,0
37499.0,158,30.86,0
37499.0,157,30.66,0
37499.0,156,30.47,0
37499.0,155,30.27,0
37501.0,156,30.47,1
37511.0,157,30.66,1
37516.0,158,30.86,1
37521.0,159,31.05,1
37526.0,160,31.25,1
37531.0,161,31.45,1
37536.0,162,31.64,1
37541.0,163,31.84,1
37546.0,164,32.03,1
37551.0,165,32.23,1
37556.0,166,32.42,1
37561.0,167,32.62,1
37566.0,168,32.81,1
37571.0,167,32.62,0
37571.0,166,32.42,0
37571.0,165,32.23,0
37571.0,164,32.03,0
37571.0,163,31.84,0
37571.0,162,31.64,0
37571.0,161,31.45,0
37571.0,160,31.25,0
37627.0,159,31.05,0
37627.0,158,30.86,0
37627.0,157,30.66,0
37627.0,156,30.47,0
37627.0,155,30.27,0
37627.0,154,30.08,0
37627.0,153,29.88,0
37627.0,152,29.69,0
37646.0,153,29.88,1
37651.0,154,30.08,1
37656.0,155,30.27,1
37661.0,156,30.47,1
37666.0,157,30.66,1
37671.0,158,30.86,1
37672.0,157,30.66,0
37672.0,156,30.47,0
37672.0,155,30.27,0
37672.0,154,30.08,0
37672.0,153,29.88,0
37672.0,152,29.69,0
37672.0,151,29.49,0
37672.0,150,29.30,0
37676.0,151,29.49,1
37686.0,152,29.69,1
37691.0,151,29.49,0
37691.0,150,29.30,0
37691.0,149,29.10,0
37691.0,148,28.91,0
37691.0,147,28.71,0
37691.0,146,28.52,0
37691.0,145,28.32,0
37691.0,144,28.12,0
37723.0,143,27.93,0
37723.0,142,27.73,0
37723.0,141,27.54,0
37723.0,140,27.34,0
37723.0,139,27.15,0
37723.0,138,26.95,0
37723.0,137,26.76,0
37723.0,136,26.56,0
37755.0,135,26.37,0
37755.0,134,26.17,0
37755.0,133,25.98,0
37755.0,132,25.78,0
37755.0,131,25.59,0
37755.0,130,25.39,0
37755.0,129,25.20,0
37755.0,128,25.00,0
37787.0,127,24.80,0
37787.0,126,24.61,0
37787.0,125,24.41,0
37787.0,124,24.22,0
37787.0,123,24.02,0
37787.0,122,23.83,0
37787.0,121,23.63,0
37787.0,120,23.44,0
37819.0,119,23.24,0
37819.0,118,23.05,0
37819.0,117,22.85,0
37819.0,116,22.66,0
37819.0,115,22.46,0
37819.0,114,22.27,0
37819.0,113,22.07,0
37819.0,112,21.88,0
37852.0,111,21.68,0
37852.0,110,21.48,0
37852.0,109,21.29,0
37852.0,108,21.09,0
37852.0,107,20.90,0
37852.0,106,20.70,0
37852.0,105,20.51,0
37852.0,104,20.31,0
37870.0,105,20.51,1
37875.0,106,20.70,1
37880.0,107,20.90,1
37885.0,108,21.09,1
37890.0,109,21.29,1
37895.0,110,21.48,1
37900.0,111,21.68,1
37905.0,112,21.88,1
37910.0,111,21.68,0
37910.0,110,21.48,0
37910.0,109,21.29,0
37910.0,108,21.09,0
37910.0,107,20.90,0
37910.0,106,20.70,0
37910.0,105,20.51,0
37910.0,104,20.31,0
37917.5,103,20.12,0
37917.5,102,19.92,0
37917.5,101,19.73,0
37917.5,100,19.53,0
37917.5,99,19.34,0
37917.5,98,19.14,0
37917.5,97,18.95,0
37917.5,96,18.75,0
37936.5,97,18.95,1
37941.5,98,19.14,1
37946.5,99,19.34,1
37951.5,100,19.53,1
37956.5,101,19.73,1
37961.5,102,19.92,1
37964.0,101,19.73,0
37964.0,100,19.53,0
37964.0,99,19.34,0
37964.0,98,19.14,0
37964.0,97,18.95,0
37964.0,96,18.75,0
37964.0,95,18.55,0
37964.0,94,18.36,0
37966.5,95,18.55,1
37971.5,96,18.75,1
37979.0,95,18.55,0
37979.0,94,18.36,0
37979.0,93,18.16,0
37979.0,92,17.97,0
37979.0,91,17.77,0
37979.0,90,17.58,0
37979.0,89,17.38,0
37979.0,88,17.19,0
37998.0,89,17.38,1
38003.0,90,17.58,1
38008.0,91,17.77,1
38013.0,92,17.97,1
38018.0,93,18.16,1
38023.0,94,18.36,1
38024.0,93,18.16,0
38024.0,92,17.97,0
38024.0,91,17.77,0
38024.0,90,17.58,0
38024.0,89,17.38,0
38024.0,88,17.19,0
38024.0,87,16.99,0
38024.0,86,16.80,0
38028.0,87,16.99,1
38033.0,88,17.19,1
38038.0,89,17.38,1
38038.0,90,17.58,1
38043.0,91,17.77,1
38048.0,92,17.97,1
38053.0,93,18.16,1
38058.0,94,18.36,1
38062.0,95,18.55,1
38063.0,96,18.75,1
38067.0,97,18.95,1
38068.0,98,19.14,1
38072.0,97,18.95,0
38072.0,96,18.75,0
38072.0,95,18.55,0
38072.0,94,18.36,0
38072.0,93,18.16,0
38072.0,92,17.97,0
38072.0,91,17.77,0
38072.0,90,17.58,0
38077.0,91,17.77,1
38082.0,92,17.97,1
38087.0,93,18.16,1
38092.0,94,18.36,1
38097.0,95,18.55,1
38102.0,96,18.75,1
38114.0,95,18.55,0
38114.0,94,18.36,0
38114.0,93,18.16,0
38114.0,92,17.97,0
38114.0,91,17.77,0
38114.0,90,17.58,0
38114.0,89,17.38,0
38114.0,88,17.19,0
38171.0,87,16.99,0
38171.0,86,16.80,0
38171.0,85,16.60,0
38171.0,84,16.41,0
38171.0,83,16.21,0
38171.0,82,16.02,0
38171.0,81,15.82,0
38171.0,80,15.62,0
38190.0,81,15.82,1
38195.0,82,16.02,1
38200.0,83,16.21,1
38205.0,84,16.41,1
38210.0,85,16.60,1
38215.0,86,16.80,1
38220.0,87,16.99,1
38225.0,88,17.19,1
38230.0,89,17.38,1
38235.0,90,17.58,1
38240.0,91,17.77,1
38245.0,92,17.97,1
38250.0,93,18.16,1
38255.0,94,18.36,1
38260.0,95,18.55,1
38265.0,96,18.75,1
38267.0,95,18.55,0
38267.0,94,18.36,0
38267.0,93,18.16,0
38267.0,92,17.97,0
38267.0,91,17.77,0
38267.0,90,17.58,0
38267.0,89,17.38,0
38267.0,88,17.19,0
38299.0,87,16.99,0
38299.0,86,16.80,0
38299.0,85,16.60,0
38299.0,84,16.41,0
38299.0,83,16.21,0
38299.0,82,16.02,0
38299.0,81,15.82,0
38299.0,80,15.62,0
38318.0,81,15.82,1
38323.0,82,16.02,1
38328.0,83,16.21,1
38333.0,84,16.41,1
38338.0,83,16.21,0
38338.0,82,16.02,0
38338.0,81,15.82,0
38338.0,80,15.62,0
38338.0,79,15.43,0
38338.0,78,15.23,0
38338.0,77,15.04,0
38338.0,76,14.84,0
38343.0,77,15.04,1
38348.0,78,15.23,1
38350.0,79,15.43,1
38353.0,80,15.62,1
38355.0,81,15.82,1
38358.0,82,16.02,1
38360.0,83,16.21,1
38365.0,84,16.41,1
38370.0,85,16.60,1
38375.0,86,16.80,1
38376.0,85,16.60,0
38376.0,84,16.41,0
38376.0,83,16.21,0
38376.0,82,16.02,0
38376.0,81,15.82,0
38376.0,80,15.62,0
38376.0,79,15.43,0
38376.0,78,15.23,0
38380.0,79,15.43,1
38387.0,80,15.62,1
38390.0,81,15.82,1
38392.0,82,16.02,1
38397.0,83,16.21,1
38402.0,84,16.41,1
38407.0,85,16.60,1
38412.0,86,16.80,1
38417.0,87,16.99,1
38422.0,88,17.19,1
38491.0,87,16.99,0
38491.0,86,16.80,0
38491.0,85,16.60,0
38491.0,84,16.41,0
38491.0,83,16.21,0
38491.0,82,16.02,0
38491.0,81,15.82,0
38491.0,80,15.62,0
38606.0,81,15.82,1
38611.0,82,16.02,1
38616.0,83,16.21,1
38621.0,84,16.41,1
38626.0,85,16.60,1
38631.0,86,16.80,1
38636.0,87,16.99,1
38641.0,88,17.19,1
38646.0,89,17.38,1
38651.0,90,17.58,1
38656.0,91,17.77,1
38661.0,92,17.97,1
38666.0,93,18.16,1
38671.0,94,18.36,1
38676.0,95,18.55,1
38681.0,96,18.75,1
38715.0,95,18.55,0
38715.0,94,18.36,0
38715.0,93,18.16,0
38715.0,92,17.97,0
38715.0,91,17.77,0
38715.0,90,17.58,0
38715.0,89,17.38,0
38715.0,88,17.19,0
38735.0,89,17.38,1
38740.0,90,17.58,1
38745.0,91,17.77,1
38750.0,92,17.97,1
38755.0,93,18.16,1
38760.0,94,18.36,1
38765.0,95,18.55,1
38770.0,96,18.75,1
38782.0,95,18.55,0
38782.0,94,18.36,0
38782.0,93,18.16,0
38782.0,92,17.97,0
38782.0,91,17.77,0
38782.0,90,17.58,0
38782.0,89,17.38,0
38782.0,88,17.19,0
38843.0,87,16.99,0
38843.0,86,16.80,0
38843.0,85,16.60,0
38843.0,84,16.41,0
38843.0,83,16.21,0
38843.0,82,16.02,0
38843.0,81,15.82,0
38843.0,80,15.62,0
38878.0,79,15.43,0
38878.0,78,15.23,0
38878.0,77,15.04,0
38878.0,76,14.84,0
38878.0,75,14.65,0
38878.0,74,14.45,0
38878.0,73,14.26,0
38878.0,72,14.06,0
38907.0,71,13.87,0
38907.0,70,13.67,0
38907.0,69,13.48,0
38907.0,68,13.28,0
38907.0,67,13.09,0
38907.0,66,12.89,0
38907.0,65,12.70,0
38907.0,64,12.50,0
38958.0,65,12.70,1
38963.0,66,12.89,1
38968.0,67,13.09,1
38973.0,68,13.28,1
38978.0,69,13.48,1
38983.0,70,13.67,1
38988.0,71,13.87,1
38993.0,72,14.06,1
39022.0,73,14.26,1
39027.0,74,14.45,1
39032.0,75,14.65,1
39035.0,74,14.45,0
39035.0,73,14.26,0
39035.0,72,14.06,0
39035.0,71,13.87,0
39035.0,70,13.67,0
39035.0,69,13.48,0
39035.0,68,13.28,0
39035.0,67,13.09,0
39037.0,68,13.28,1
39047.0,69,13.48,1
39052.0,70,13.67,1
39057.0,71,13.87,1
39062.0,72,14.06,1
39075.0,71,13.87,0
39075.0,70,13.67,0
39075.0,69,13.48,0
39075.0,68,13.28,0
39075.0,67,13.09,0
39075.0,66,12.89,0
39075.0,65,12.70,0
39075.0,64,12.50,0
39086.0,65,12.70,1
39091.0,66,12.89,1
39096.0,67,13.09,1
39101.0,68,13.28,1
39106.0,69,13.48,1
39111.0,70,13.67,1
39116.0,71,13.87,1
39121.0,72,14.06,1
39150.0,73,14.26,1
39155.0,74,14.45,1
39160.0,75,14.65,1
39163.0,74,14.45,0
39163.0,73,14.26,0
39163.0,72,14.06,0
39163.0,71,13.87,0
39163.0,70,13.67,0
39163.0,69,13.48,0
39163.0,68,13.28,0
39163.0,67,13.09,0
39165.0,68,13.28,1
39175.0,69,13.48,1
39180.0,70,13.67,1
39185.0,71,13.87,1
39190.0,72,14.06,1
39195.0,71,13.87,0
39195.0,70,13.67,0
39195.0,69,13.48,0
39195.0,68,13.28,0
39195.0,67,13.09,0
39195.0,66,12.89,0
39195.0,65,12.70,0
39195.0,64,12.50,0
39215.0,65,12.70,1
39220.0,66,12.89,1
39225.0,67,13.09,1
39230.0,68,13.28,1
39232.0,67,13.09,0
39232.0,66,12.89,0
39232.0,65,12.70,0
39232.0,64,12.50,0
39232.0,63,12.30,0
39232.0,62,12.11,0
39232.0,61,11.91,0
39232.0,60,11.72,0
39235.0,61,11.91,1
39245.0,62,12.11,1
39247.0,63,12.30,1
39250.0,64,12.50,1
39252.0,65,12.70,1
39255.0,66,12.89,1
39257.0,67,13.09,1
39262.0,68,13.28,1
39267.0,69,13.48,1
39272.0,70,13.67,1
39277.0,71,13.87,1
39278.0,72,14.06,1
39282.0,73,14.26,1
39283.0,74,14.45,1
39288.0,75,14.65,1
39293.0,76,14.84,1
39298.0,77,15.04,1
39303.0,78,15.23,1
39308.0,79,15.43,1
39313.0,80,15.62,1
39406.0,81,15.82,1
39411.0,82,16.02,1
39416.0,83,16.21,1
39421.0,84,16.41,1
39426.0,85,16.60,1
39431.0,86,16.80,1
39436.0,87,16.99,1
39438.0,88,17.19,1
39441.0,89,17.38,1
39443.0,90,17.58,1
39448.0,91,17.77,1
39453.0,92,17.97,1
39458.0,91,17.77,0
39458.0,90,17.58,0
39458.0,89,17.38,0
39458.0,88,17.19,0
39458.0,87,16.99,0
39458.0,86,16.80,0
39458.0,85,16.60,0
39458.0,84,16.41,0
39463.0,85,16.60,1
39468.0,86,16.80,1
39473.0,87,16.99,1
39478.0,88,17.19,1
39491.0,87,16.99,0
39491.0,86,16.80,0
39491.0,85,16.60,0
39491.0,84,16.41,0
39491.0,83,16.21,0
39491.0,82,16.02,0
39491.0,81,15.82,0
39491.0,80,15.62,0
39502.0,81,15.82,1
39507.0,82,16.02,1
39512.0,83,16.21,1
39517.0,84,16.41,1
39522.0,85,16.60,1
39527.0,86,16.80,1
39532.0,87,16.99,1
39537.0,88,17.19,1
39566.0,89,17.38,1
39571.0,90,17.58,1
39576.0,91,17.77,1
39580.0,90,17.58,0
39580.0,89,17.38,0
39580.0,88,17.19,0
39580.0,87,16.99,0
39580.0,86,16.80,0
39580.0,85,16.60,0
39580.0,84,16.41,0
39580.0,83,16.21,0
39581.0,84,16.41,1
39591.0,85,16.60,1
39596.0,86,16.80,1
39598.0,87,16.99,1
39601.0,88,17.19,1
39603.0,89,17.38,1
39606.0,90,17.58,1
39608.0,91,17.77,1
39613.0,92,17.97,1
39618.0,93,18.16,1
39623.0,94,18.36,1
39628.0,95,18.55,1
39633.0,96,18.75,1
39662.0,97,18.95,1
39667.0,98,19.14,1
39672.0,99,19.34,1
39677.0,100,19.53,1
39682.0,101,19.73,1
39687.0,102,19.92,1
39692.0,103,20.12,1
39694.0,104,20.31,1
39697.0,105,20.51,1
39699.0,106,20.70,1
39704.0,107,20.90,1
39709.0,108,21.09,1
39714.0,109,21.29,1
39719.0,110,21.48,1
39724.0,111,21.68,1
39726.0,112,21.88,1
39729.0,113,22.07,1
39731.0,114,22.27,1
39736.0,115,22.46,1
39741.0,116,22.66,1
39746.0,117,22.85,1
39751.0,118,23.05,1
39756.0,119,23.24,1
39761.0,120,23.44,1
39766.0,121,23.63,1
39771.0,122,23.83,1
39776.0,123,24.02,1
39781.0,124,24.22,1
39786.0,125,24.41,1
39791.0,126,24.61,1
39796.0,127,24.80,1
39801.0,128,25.00,1
39803.0,127,24.80,0
39803.0,126,24.61,0
39803.0,125,24.41,0
39803.0,124,24.22,0
39803.0,123,24.02,0
39803.0,122,23.83,0
39803.0,121,23.63,0
39803.0,120,23.44,0
39823.0,121,23.63,1
39828.0,122,23.83,1
39833.0,123,24.02,1
39838.0,124,24.22,1
39843.0,125,24.41,1
39848.0,126,24.61,1
39853.0,127,24.80,1
39854.0,128,25.00,1
39858.0,129,25.20,1
39859.0,130,25.39,1
39864.0,131,25.59,1
39867.0,130,25.39,0
39867.0,129,25.20,0
39867.0,128,25.00,0
39867.0,127,24.80,0
39867.0,126,24.61,0
39867.0,125,24.41,0
39867.0,124,24.22,0
39867.0,123,24.02,0
39869.0,124,24.22,1
39879.0,125,24.41,1
39884.0,126,24.61,1
39889.0,127,24.80,1
39894.0,128,25.00,1
39931.0,127,24.80,0
39931.0,126,24.61,0
39931.0,125,24.41,0
39931.0,124,24.22,0
39931.0,123,24.02,0
39931.0,122,23.83,0
39931.0,121,23.63,0
39931.0,120,23.44,0
39950.0,121,23.63,1
39955.0,122,23.83,1
39960.0,123,24.02,1
39965.0,124,24.22,1
39970.0,125,24.41,1
39975.0,126,24.61,1
39980.0,127,24.80,1
39982.0,128,25.00,1
39985.0,129,25.20,1
39987.0,130,25.39,1
39992.0,131,25.59,1
39997.0,132,25.78,1
40002.0,131,25.59,0
40002.0,130,25.39,0
40002.0,129,25.20,0
40002.0,128,25.00,0
40002.0,127,24.80,0
40002.0,126,24.61,0
40002.0,125,24.41,0
40002.0,124,24.22,0
40007.0,125,24.41,1
40012.0,126,24.61,1
40014.0,127,24.80,1
40017.0,128,25.00,1
40019.0,129,25.20,1
40022.0,130,25.39,1
40024.0,131,25.59,1
40029.0,132,25.78,1
40034.0,133,25.98,1
40039.0,134,26.17,1
40044.0,135,26.37,1
40046.0,136,26.56,1
40049.0,137,26.76,1
40051.0,138,26.95,1
40056.0,139,27.15,1
40060.0,138,26.95,0
40060.0,137,26.76,0
40060.0,136,26.56,0
40060.0,135,26.37,0
40060.0,134,26.17,0
40060.0,133,25.98,0
40060.0,132,25.78,0
40060.0,131,25.59,0
40061.0,132,25.78,1
40071.0,133,25.98,1
40076.0,134,26.17,1
40081.0,135,26.37,1
40086.0,136,26.56,1
40092.0,135,26.37,0
40092.0,134,26.17,0
40092.0,133,25.98,0
40092.0,132,25.78,0
40092.0,131,25.59,0
40092.0,130,25.39,0
40092.0,129,25.20,0
40092.0,128,25.00,0
40110.0,129,25.20,1
40115.0,130,25.39,1
40120.0,131,25.59,1
40125.0,132,25.78,1
40130.0,131,25.59,0
40130.0,130,25.39,0
40130.0,129,25.20,0
40130.0,128,25.00,0
40130.0,127,24.80,0
40130.0,126,24.61,0
40130.0,125,24.41,0
40130.0,124,24.22,0
40135.0,125,24.41,1
40140.0,126,24.61,1
40142.0,127,24.80,1
40145.0,128,25.00,1
40147.0,129,25.20,1
40150.0,130,25.39,1
40152.0,131,25.59,1
40157.0,132,25.78,1
40162.0,133,25.98,1
40167.0,134,26.17,1
40172.0,135,26.37,1
40174.0,136,26.56,1
40177.0,137,26.76,1
40179.0,138,26.95,1
40184.0,139,27.15,1
40189.0,140,27.34,1
40194.0,141,27.54,1
40199.0,142,27.73,1
40204.0,143,27.93,1
40209.0,144,28.12,1
40251.0,143,27.93,0
40251.0,142,27.73,0
40251.0,141,27.54,0
40251.0,140,27.34,0
40251.0,139,27.15,0
40251.0,138,26.95,0
40251.0,137,26.76,0
40251.0,136,26.56,0
40270.0,137,26.76,1
40275.0,138,26.95,1
40280.0,139,27.15,1
40283.0,138,26.95,0
40283.0,137,26.76,0
40283.0,136,26.56,0
40283.0,135,26.37,0
40283.0,134,26.17,0
40283.0,133,25.98,0
40283.0,132,25.78,0
40283.0,131,25.59,0
40285.0,132,25.78,1
40295.0,133,25.98,1
40300.0,134,26.17,1
40302.0,135,26.37,1
40305.0,136,26.56,1
40307.0,137,26.76,1
40310.0,138,26.95,1
40312.0,139,27.15,1
40317.0,140,27.34,1
40322.0,141,27.54,1
40327.0,142,27.73,1
40332.0,143,27.93,1
40337.0,144,28.12,1
40347.0,143,27.93,0
40347.0,142,27.73,0
40347.0,141,27.54,0
40347.0,140,27.34,0
40347.0,139,27.15,0
40347.0,138,26.95,0
40347.0,137,26.76,0
40347.0,136,26.56,0
40367.0,137,26.76,1
40372.0,138,26.95,1
40377.0,139,27.15,1
40382.0,140,27.34,1
40387.0,141,27.54,1
40392.0,142,27.73,1
40397.0,143,27.93,1
40398.0,144,28.12,1
40402.0,145,28.32,1
40403.0,146,28.52,1
40408.0,147,28.71,1
40413.0,148,28.91,1
40416.0,147,28.71,0
40416.0,146,28.52,0
40416.0,145,28.32,0
40416.0,144,28.12,0
40416.0,143,27.93,0
40416.0,142,27.73,0
40416.0,141,27.54,0
40416.0,140,27.34,0
40417.0,139,27.15,0
40417.0,138,26.95,0
40417.0,137,26.76,0
40417.0,136,26.56,0
40417.0,135,26.37,0
40417.0,134,26.17,0
40417.0,133,25.98,0
40417.0,132,25.78,0
40418.0,133,25.98,1
40428.0,134,26.17,1
40431.0,135,26.37,1
40433.0,136,26.56,1
40436.0,137,26.76,1
40438.0,138,26.95,1
40441.0,139,27.15,1
40446.0,140,27.34,1
40448.0,139,27.15,0
40448.0,138,26.95,0
40448.0,137,26.76,0
40448.0,136,26.56,0
40448.0,135,26.37,0
40448.0,134,26.17,0
40448.0,133,25.98,0
40448.0,132,25.78,0
40456.0,133,25.98,1
40461.0,134,26.17,1
40466.0,135,26.37,1
40471.0,136,26.56,1
40494.0,137,26.76,1
40499.0,138,26.95,1
40504.0,139,27.15,1
40509.0,140,27.34,1
40514.0,139,27.15,0
40514.0,138,26.95,0
40514.0,137,26.76,0
40514.0,136,26.56,0
40514.0,135,26.37,0
40514.0,134,26.17,0
40514.0,133,25.98,0
40514.0,132,25.78,0
40519.0,133,25.98,1
40524.0,134,26.17,1
40526.0,135,26.37,1
40529.0,136,26.56,1
40531.0,137,26.76,1
40534.0,138,26.95,1
40536.0,139,27.15,1
40541.0,140,27.34,1
40546.0,141,27.54,1
40551.0,142,27.73,1
40556.0,143,27.93,1
40561.0,144,28.12,1
40571.0,143,27.93,0
40571.0,142,27.73,0
40571.0,141,27.54,0
40571.0,140,27.34,0
40571.0,139,27.15,0
40571.0,138,26.95,0
40571.0,137,26.76,0
40571.0,136,26.56,0
40611.0,135,26.37,0
40611.0,134,26.17,0
40611.0,133,25.98,0
40611.0,132,25.78,0
40611.0,131,25.59,0
40611.0,130,25.39,0
40611.0,129,25.20,0
40611.0,128,25.00,0
40668.0,127,24.80,0
40668.0,126,24.61,0
40668.0,125,24.41,0
40668.0,124,24.22,0
40668.0,123,24.02,0
40668.0,122,23.83,0
40668.0,121,23.63,0
40668.0,120,23.44,0
40686.0,121,23.63,1
40691.0,122,23.83,1
40696.0,123,24.02,1
40699.5,122,23.83,0
40699.5,121,23.63,0
40699.5,120,23.44,0
40699.5,119,23.24,0
40699.5,118,23.05,0
40699.5,117,22.85,0
40699.5,116,22.66,0
40699.5,115,22.46,0
40701.0,116,22.66,1
40711.0,117,22.85,1
40716.0,118,23.05,1
40721.0,119,23.24,1
40726.0,120,23.44,1
40750.0,121,23.63,1
40755.0,122,23.83,1
40760.0,123,24.02,1
40765.0,124,24.22,1
40770.0,125,24.41,1
40775.0,126,24.61,1
40780.0,127,24.80,1
40785.0,128,25.00,1
40795.0,127,24.80,0
40795.0,126,24.61,0
40795.0,125,24.41,0
40795.0,124,24.22,0
40795.0,123,24.02,0
40795.0,122,23.83,0
40795.0,121,23.63,0
40795.0,120,23.44,0
40814.0,121,23.63,1
40819.0,122,23.83,1
40824.0,123,24.02,1
40827.0,122,23.83,0
40827.0,121,23.63,0
40827.0,120,23.44,0
40827.0,119,23.24,0
40827.0,118,23.05,0
40827.0,117,22.85,0
40827.0,116,22.66,0
40827.0,115,22.46,0
40829.0,116,22.66,1
40839.0,117,22.85,1
40844.0,118,23.05,1
40849.0,119,23.24,1
40854.0,120,23.44,1
40859.0,119,23.24,0
40859.0,118,23.05,0
40859.0,117,22.85,0
40859.0,116,22.66,0
40859.0,115,22.46,0
40859.0,114,22.27,0
40859.0,113,22.07,0
40859.0,112,21.88,0
40891.0,111,21.68,0
40891.0,110,21.48,0
40891.0,109,21.29,0
40891.0,108,21.09,0
40891.0,107,20.90,0
40891.0,106,20.70,0
40891.0,105,20.51,0
40891.0,104,20.31,0
40942.0,105,20.51,1
40947.0,106,20.70,1
40952.0,107,20.90,1
40955.0,106,20.70,0
40955.0,105,20.51,0
40955.0,104,20.31,0
40955.0,103,20.12,0
40955.0,102,19.92,0
40955.0,101,19.73,0
40955.0,100,19.53,0
40955.0,99,19.34,0
40957.0,100,19.53,1
40967.0,101,19.73,1
40972.0,102,19.92,1
40977.0,103,20.12,1
40982.0,104,20.31,1
40987.0,105,20.51,1
40992.0,106,20.70,1
40997.0,107,20.90,1
41002.0,108,21.09,1
41007.0,107,20.90,0
41007.0,106,20.70,0
41007.0,105,20.51,0
41007.0,104,20.31,0
41007.0,103,20.12,0
41007.0,102,19.92,0
41007.0,101,19.73,0
41007.0,100,19.53,0
41012.0,101,19.73,1
41017.0,102,19.92,1
41019.5,101,19.73,0
41019.5,100,19.53,0
41019.5,99,19.34,0
41019.5,98,19.14,0
41019.5,97,18.95,0
41019.5,96,18.75,0
41019.5,95,18.55,0
41019.5,94,18.36,0
41022.0,95,18.55,1
41027.0,96,18.75,1
41032.0,97,18.95,1
41037.0,98,19.14,1
41042.0,99,19.34,1
41047.0,100,19.53,1
41057.0,101,19.73,1
41062.0,102,19.92,1
41067.0,103,20.12,1
41070.0,104,20.31,1
41072.0,105,20.51,1
41075.0,106,20.70,1
41080.0,107,20.90,1
41085.0,108,21.09,1
41090.0,109,21.29,1
41095.0,110,21.48,1
41100.0,111,21.68,1
41102.0,112,21.88,1
41105.0,113,22.07,1
41107.0,114,22.27,1
41112.0,115,22.46,1
41115.0,114,22.27,0
41115.0,113,22.07,0
41115.0,112,21.88,0
41115.0,111,21.68,0
41115.0,110,21.48,0
41115.0,109,21.29,0
41115.0,108,21.09,0
41115.0,107,20.90,0
41117.0,108,21.09,1
41127.0,109,21.29,1
41132.0,110,21.48,1
41137.0,111,21.68,1
41142.0,112,21.88,1
41147.0,111,21.68,0
41147.0,110,21.48,0
41147.0,109,21.29,0
41147.0,108,21.09,0
41147.0,107,20.90,0
41147.0,106,20.70,0
41147.0,105,20.51,0
41147.0,104,20.31,0
41166.0,105,20.51,1
41171.0,106,20.70,1
41176.0,107,20.90,1
41181.0,108,21.09,1
41186.0,109,21.29,1
41191.0,110,21.48,1
41196.0,111,21.68,1
41201.0,112,21.88,1
41212.0,111,21.68,0
41212.0,110,21.48,0
41212.0,109,21.29,0
41212.0,108,21.09,0
41212.0,107,20.90,0
41212.0,106,20.70,0
41212.0,105,20.51,0
41212.0,104,20.31,0
41243.0,103,20.12,0
41243.0,102,19.92,0
41243.0,101,19.73,0
41243.0,100,19.53,0
41243.0,99,19.34,0
41243.0,98,19.14,0
41243.0,97,18.95,0
41243.0,96,18.75,0
41276.0,95,18.55,0
41276.0,94,18.36,0
41276.0,93,18.16,0
41276.0,92,17.97,0
41276.0,91,17.77,0
41276.0,90,17.58,0
41276.0,89,17.38,0
41276.0,88,17.19,0
41326.0,89,17.38,1
41331.0,90,17.58,1
41336.0,91,17.77,1
41339.0,90,17.58,0
41339.0,89,17.38,0
41339.0,88,17.19,0
41339.0,87,16.99,0
41339.0,86,16.80,0
41339.0,85,16.60,0
41339.0,84,16.41,0
41339.0,83,16.21,0
41341.0,84,16.41,1
41351.0,85,16.60,1
41356.0,86,16.80,1
41358.0,87,16.99,1
41361.0,88,17.19,1
41363.0,89,17.38,1
41366.0,90,17.58,1
41368.0,91,17.77,1
41373.0,92,17.97,1
41376.0,91,17.77,0
41376.0,90,17.58,0
41376.0,89,17.38,0
41376.0,88,17.19,0
41376.0,87,16.99,0
41376.0,86,16.80,0
41376.0,85,16.60,0
41376.0,84,16.41,0
41383.0,85,16.60,1
41388.0,86,16.80,1
41393.0,87,16.99,1
41398.0,88,17.19,1
41422.0,89,17.38,1
41427.0,90,17.58,1
41432.0,91,17.77,1
41437.0,92,17.97,1
41442.0,93,18.16,1
41447.0,94,18.36,1
41452.0,95,18.55,1
41454.0,96,18.75,1
41457.0,97,18.95,1
41459.0,98,19.14,1
41464.0,99,19.34,1
41469.0,100,19.53,1
41474.0,101,19.73,1
41479.0,102,19.92,1
41484.0,103,20.12,1
41489.0,104,20.31,1
41494.0,105,20.51,1
41499.0,106,20.70,1
41504.0,107,20.90,1
41509.0,108,21.09,1
41514.0,109,21.29,1
41519.0,110,21.48,1
41524.0,111,21.68,1
41529.0,112,21.88,1
41531.0,111,21.68,0
41531.0,110,21.48,0
41531.0,109,21.29,0
41531.0,108,21.09,0
41531.0,107,20.90,0
41531.0,106,20.70,0
41531.0,105,20.51,0
41531.0,104,20.31,0
41550.0,105,20.51,1
41555.0,106,20.70,1
41560.0,107,20.90,1
41565.0,108,21.09,1
41570.0,109,21.29,1
41575.0,110,21.48,1
41580.0,111,21.68,1
41582.0,112,21.88,1
41585.0,113,22.07,1
41587.0,114,22.27,1
41592.0,115,22.46,1
41595.0,114,22.27,0
41595.0,113,22.07,0
41595.0,112,21.88,0
41595.0,111,21.68,0
41595.0,110,21.48,0
41595.0,109,21.29,0
41595.0,108,21.09,0
41595.0,107,20.90,0
41597.0,108,21.09,1
41607.0,109,21.29,1
41612.0,110,21.48,1
41617.0,111,21.68,1
41622.0,112,21.88,1
41659.0,111,21.68,0
41659.0,110,21.48,0
41659.0,109,21.29,0
41659.0,108,21.09,0
41659.0,107,20.90,0
41659.0,106,20.70,0
41659.0,105,20.51,0
41659.0,104,20.31,0
41678.0,105,20.51,1
41683.0,106,20.70,1
41688.0,107,20.90,1
41693.0,108,21.09,1
41698.0,109,21.29,1
41703.0,110,21.48,1
41708.0,111,21.68,1
41713.0,112,21.88,1
41787.0,111,21.68,0
41787.0,110,21.48,0
41787.0,109,21.29,0
41787.0,108,21.09,0
41787.0,107,20.90,0
41787.0,106,20.70,0
41787.0,105,20.51,0
41787.0,104,20.31,0
41832.0,103,20.12,0
41832.0,102,19.92,0
41832.0,101,19.73,0
41832.0,100,19.53,0
41832.0,99,19.34,0
41832.0,98,19.14,0
41832.0,97,18.95,0
41832.0,96,18.75,0
41842.0,97,18.95,1
41847.0,98,19.14,1
41852.0,99,19.34,1
41857.0,100,19.53,1
41862.0,101,19.73,1
41867.0,102,19.92,1
41872.0,103,20.12,1
41877.0,104,20.31,1
41877.5,103,20.12,0
41877.5,102,19.92,0
41877.5,101,19.73,0
41877.5,100,19.53,0
41877.5,99,19.34,0
41877.5,98,19.14,0
41877.5,97,18.95,0
41877.5,96,18.75,0
41902.0,97,18.95,1
41907.0,98,19.14,1
41912.0,99,19.34,1
41915.0,98,19.14,0
41915.0,97,18.95,0
41915.0,96,18.75,0
41915.0,95,18.55,0
41915.0,94,18.36,0
41915.0,93,18.16,0
41915.0,92,17.97,0
41915.0,91,17.77,0
41917.0,92,17.97,1
41927.0,93,18.16,1
41932.0,94,18.36,1
41937.0,95,18.55,1
41942.0,96,18.75,1
41947.0,97,18.95,1
41947.0,96,18.75,0
41947.0,95,18.55,0
41947.0,94,18.36,0
41947.0,93,18.16,0
41947.0,92,17.97,0
41947.0,91,17.77,0
41947.0,90,17.58,0
41947.0,89,17.38,0
41952.0,90,17.58,1
41957.0,91,17.77,1
41962.0,92,17.97,1
41966.0,93,18.16,1
41971.0,94,18.36,1
41972.0,95,18.55,1
41976.0,96,18.75,1
41977.0,97,18.95,1
41981.0,98,19.14,1
41982.0,99,19.34,1
41986.0,100,19.53,1
41987.0,101,19.73,1
41991.0,102,19.92,1
41996.0,103,20.12,1
42001.0,104,20.31,1
42011.0,103,20.12,0
42011.0,102,19.92,0
42011.0,101,19.73,0
42011.0,100,19.53,0
42011.0,99,19.34,0
42011.0,98,19.14,0
42011.0,97,18.95,0
42011.0,96,18.75,0
42030.0,97,18.95,1
42035.0,98,19.14,1
42040.0,99,19.34,1
42045.0,100,19.53,1
42050.0,101,19.73,1
42055.0,102,19.92,1
42060.0,103,20.12,1
42065.0,104,20.31,1
42094.0,105,20.51,1
42099.0,106,20.70,1
42104.0,107,20.90,1
42109.0,108,21.09,1
42114.0,109,21.29,1
42119.0,110,21.48,1
42124.0,111,21.68,1
42126.0,112,21.88,1
42129.0,113,22.07,1
42131.0,114,22.27,1
42136.0,115,22.46,1
42141.0,116,22.66,1
42146.0,117,22.85,1
42151.0,118,23.05,1
42156.0,119,23.24,1
42158.0,120,23.44,1
42161.0,121,23.63,1
42163.0,122,23.83,1
42168.0,123,24.02,1
42173.0,124,24.22,1
42178.0,123,24.02,0
42178.0,122,23.83,0
42178.0,121,23.63,0
42178.0,120,23.44,0
42178.0,119,23.24,0
42178.0,118,23.05,0
42178.0,117,22.85,0
42178.0,116,22.66,0
42183.0,117,22.85,1
42188.0,118,23.05,1
42193.0,119,23.24,1
42198.0,120,23.44,1
42203.0,119,23.24,0
42203.0,118,23.05,0
42203.0,117,22.85,0
42203.0,116,22.66,0
42203.0,115,22.46,0
42203.0,114,22.27,0
42203.0,113,22.07,0
42203.0,112,21.88,0
42267.0,111,21.68,0
42267.0,110,21.48,0
42267.0,109,21.29,0
42267.0,108,21.09,0
42267.0,107,20.90,0
42267.0,106,20.70,0
42267.0,105,20.51,0
42267.0,104,20.31,0
42286.0,105,20.51,1
42291.0,106,20.70,1
42296.0,107,20.90,1
42299.0,106,20.70,0
42299.0,105,20.51,0
42299.0,104,20.31,0
42299.0,103,20.12,0
42299.0,102,19.92,0
42299.0,101,19.73,0
42299.0,100,19.53,0
42299.0,99,19.34,0
42301.0,100,19.53,1
42311.0,101,19.73,1
42316.0,102,19.92,1
42321.0,103,20.12,1
42326.0,104,20.31,1
42339.0,103,20.12,0
42339.0,102,19.92,0
42339.0,101,19.73,0
42339.0,100,19.53,0
42339.0,99,19.34,0
42339.0,98,19.14,0
42339.0,97,18.95,0
42339.0,96,18.75,0
42350.0,97,18.95,1
42355.0,98,19.14,1
42360.0,99,19.34,1
42365.0,100,19.53,1
42370.0,101,19.73,1
42375.0,102,19.92,1
42380.0,103,20.12,1
42385.0,104,20.31,1
42395.0,103,20.12,0
42395.0,102,19.92,0
42395.0,101,19.73,0
42395.0,100,19.53,0
42395.0,99,19.34,0
42395.0,98,19.14,0
42395.0,97,18.95,0
42395.0,96,18.75,0
42415.0,97,18.95,1
42420.0,98,19.14,1
42425.0,99,19.34,1
42430.0,100,19.53,1
42435.0,99,19.34,0
42435.0,98,19.14,0
42435.0,97,18.95,0
42435.0,96,18.75,0
42435.0,95,18.55,0
42435.0,94,18.36,0
42435.0,93,18.16,0
42435.0,92,17.97,0
42440.0,93,18.16,1
42445.0,94,18.36,1
42446.0,95,18.55,1
42450.0,96,18.75,1
42451.0,97,18.95,1
42455.0,98,19.14,1
42456.0,99,19.34,1
42461.0,100,19.53,1
42466.0,101,19.73,1
42471.0,102,19.92,1
42476.0,103,20.12,1
42478.0,104,20.31,1
42481.0,105,20.51,1
42483.0,106,20.70,1
42488.0,107,20.90,1
42493.0,108,21.09,1
42498.0,109,21.29,1
42503.0,110,21.48,1
42508.0,111,21.68,1
42513.0,112,21.88,1
42523.0,111,21.68,0
42523.0,110,21.48,0
42523.0,109,21.29,0
42523.0,108,21.09,0
42523.0,107,20.90,0
42523.0,106,20.70,0
42523.0,105,20.51,0
42523.0,104,20.31,0
42542.0,105,20.51,1
42547.0,106,20.70,1
42552.0,107,20.90,1
42557.0,108,21.09,1
42562.0,109,21.29,1
42567.0,110,21.48,1
42572.0,111,21.68,1
42577.0,112,21.88,1
42582.0,113,22.07,1
42587.0,114,22.27,1
42592.0,115,22.46,1
42597.0,116,22.66,1
42602.0,117,22.85,1
42607.0,118,23.05,1
42612.0,119,23.24,1
42617.0,120,23.44,1
42688.5,119,23.24,0
42688.5,118,23.05,0
42688.5,117,22.85,0
42688.5,116,22.66,0
42688.5,115,22.46,0
42688.5,114,22.27,0
42688.5,113,22.07,0
42688.5,112,21.88,0
42747.0,111,21.68,0
42747.0,110,21.48,0
42747.0,109,21.29,0
42747.0,108,21.09,0
42747.0,107,20.90,0
42747.0,106,20.70,0
42747.0,105,20.51,0
42747.0,104,20.31,0
42766.0,105,20.51,1
42771.0,106,20.70,1
42776.0,107,20.90,1
42781.0,108,21.09,1
42786.0,109,21.29,1
42791.0,110,21.48,1
42795.0,109,21.29,0
42795.0,108,21.09,0
42795.0,107,20.90,0
42795.0,106,20.70,0
42795.0,105,20.51,0
42795.0,104,20.31,0
42795.0,103,20.12,0
42795.0,102,19.92,0
42796.0,103,20.12,1
42800.0,104,20.31,1
42801.0,105,20.51,1
42806.0,106,20.70,1
42811.0,107,20.90,1
42811.0,106,20.70,0
42811.0,105,20.51,0
42811.0,104,20.31,0
42811.0,103,20.12,0
42811.0,102,19.92,0
42811.0,101,19.73,0
42811.0,100,19.53,0
42811.0,99,19.34,0
42816.0,100,19.53,1
42826.0,101,19.73,1
42830.0,102,19.92,1
42831.0,103,20.12,1
42835.0,104,20.31,1
42836.0,105,20.51,1
42840.0,106,20.70,1
42841.0,107,20.90,1
42845.0,108,21.09,1
42850.0,109,21.29,1
42855.0,110,21.48,1
42860.0,111,21.68,1
42865.0,112,21.88,1
42875.0,111,21.68,0
42875.0,110,21.48,0
42875.0,109,21.29,0
42875.0,108,21.09,0
42875.0,107,20.90,0
42875.0,106,20.70,0
42875.0,105,20.51,0
42875.0,104,20.31,0
42926.0,105,20.51,1
42931.0,106,20.70,1
42936.0,107,20.90,1
42941.0,108,21.09,1
42946.0,107,20.90,0
42946.0,106,20.70,0
42946.0,105,20.51,0
42946.0,104,20.31,0
42946.0,103,20.12,0
42946.0,102,19.92,0
42946.0,101,19.73,0
42946.0,100,19.53,0
42951.0,101,19.73,1
42956.0,102,19.92,1
42958.0,103,20.12,1
42961.0,104,20.31,1
42963.0,105,20.51,1
42966.0,106,20.70,1
42968.0,107,20.90,1
42971.0,106,20.70,0
42971.0,105,20.51,0
42971.0,104,20.31,0
42971.0,103,20.12,0
42971.0,102,19.92,0
42971.0,101,19.73,0
42971.0,100,19.53,0
42971.0,99,19.34,0
42973.0,100,19.53,1
42983.0,101,19.73,1
42988.0,102,19.92,1
42993.0,103,20.12,1
42998.0,104,20.31,1
43003.0,103,20.12,0
43003.0,102,19.92,0
43003.0,101,19.73,0
43003.0,100,19.53,0
43003.0,99,19.34,0
43003.0,98,19.14,0
43003.0,97,18.95,0
43003.0,96,18.75,0
43118.0,97,18.95,1
43123.0,98,19.14,1
43128.0,99,19.34,1
43133.0,100,19.53,1
43138.0,99,19.34,0
43138.0,98,19.14,0
43138.0,97,18.95,0
43138.0,96,18.75,0
43138.0,95,18.55,0
43138.0,94,18.36,0
43138.0,93,18.16,0
43138.0,92,17.97,0
43143.0,93,18.16,1
43148.0,94,18.36,1
43150.0,95,18.55,1
43153.0,96,18.75,1
43155.0,97,18.95,1
43158.0,98,19.14,1
43160.0,99,19.34,1
43165.0,100,19.53,1
43170.0,101,19.73,1
43175.0,102,19.92,1
43180.0,103,20.12,1
43185.0,104,20.31,1
43195.0,103,20.12,0
43195.0,102,19.92,0
43195.0,101,19.73,0
43195.0,100,19.53,0
43195.0,99,19.34,0
43195.0,98,19.14,0
43195.0,97,18.95,0
43195.0,96,18.75,0
43214.0,97,18.95,1
43219.0,98,19.14,1
43224.0,99,19.34,1
43229.0,100,19.53,1
43234.0,101,19.73,1
43239.0,102,19.92,1
43244.0,103,20.12,1
43246.0,104,20.31,1
43249.0,105,20.51,1
43251.0,106,20.70,1
43256.0,107,20.90,1
43260.0,106,20.70,0
43260.0,105,20.51,0
43260.0,104,20.31,0
43260.0,103,20.12,0
43260.0,102,19.92,0
43260.0,101,19.73,0
43260.0,100,19.53,0
43260.0,99,19.34,0
43261.0,100,19.53,1
43271.0,101,19.73,1
43276.0,102,19.92,1
43281.0,103,20.12,1
43286.0,104,20.31,1
43291.0,103,20.12,0
43291.0,102,19.92,0
43291.0,101,19.73,0
43291.0,100,19.53,0
43291.0,99,19.34,0
43291.0,98,19.14,0
43291.0,97,18.95,0
43291.0,96,18.75,0
43311.0,97,18.95,1
43316.0,98,19.14,1
43321.0,99,19.34,1
43323.0,98,19.14,0
43323.0,97,18.95,0
43323.0,96,18.75,0
43323.0,95,18.55,0
43323.0,94,18.36,0
43323.0,93,18.16,0
43323.0,92,17.97,0
43323.0,91,17.77,0
43326.0,92,17.97,1
43336.0,93,18.16,1
43341.0,94,18.36,1
43346.0,95,18.55,1
43351.0,96,18.75,1
43374.0,97,18.95,1
43379.0,98,19.14,1
43384.0,99,19.34,1
43387.0,98,19.14,0
43387.0,97,18.95,0
43387.0,96,18.75,0
43387.0,95,18.55,0
43387.0,94,18.36,0
43387.0,93,18.16,0
43387.0,92,17.97,0
43387.0,91,17.77,0
43389.0,92,17.97,1
43399.0,93,18.16,1
43404.0,94,18.36,1
43409.0,95,18.55,1
43414.0,96,18.75,1
43427.0,95,18.55,0
43427.0,94,18.36,0
43427.0,93,18.16,0
43427.0,92,17.97,0
43427.0,91,17.77,0
43427.0,90,17.58,0
43427.0,89,17.38,0
43427.0,88,17.19,0
43438.0,89,17.38,1
43443.0,90,17.58,1
43448.0,91,17.77,1
43453.0,92,17.97,1
43458.0,93,18.16,1
43463.0,94,18.36,1
43468.0,95,18.55,1
43470.0,96,18.75,1
43473.0,97,18.95,1
43475.0,98,19.14,1
43480.0,99,19.34,1
43485.0,100,19.53,1
43490.0,101,19.73,1
43495.0,102,19.92,1
43500.0,103,20.12,1
43505.0,104,20.31,1
43534.0,105,20.51,1
43539.0,106,20.70,1
43544.0,107,20.90,1
43549.0,108,21.09,1
43554.0,109,21.29,1
43559.0,110,21.48,1
43564.0,111,21.68,1
43569.0,112,21.88,1
43574.0,113,22.07,1
43579.0,114,22.27,1
43584.0,115,22.46,1
43589.0,116,22.66,1
43594.0,117,22.85,1
43599.0,118,23.05,1
43604.0,119,23.24,1
43609.0,120,23.44,1
43611.0,119,23.24,0
43611.0,118,23.05,0
43611.0,117,22.85,0
43611.0,116,22.66,0
43611.0,115,22.46,0
43611.0,114,22.27,0
43611.0,113,22.07,0
43611.0,112,21.88,0
43630.0,113,22.07,1
43635.0,114,22.27,1
43640.0,115,22.46,1
43645.0,116,22.66,1
43645.5,115,22.46,0
43645.5,114,22.27,0
43645.5,113,22.07,0
43645.5,112,21.88,0
43645.5,111,21.68,0
43645.5,110,21.48,0
43645.5,109,21.29,0
43645.5,108,21.09,0
43655.0,109,21.29,1
43660.0,110,21.48,1
43662.5,111,21.68,1
43665.0,112,21.88,1
43667.5,113,22.07,1
43670.0,114,22.27,1
43672.5,115,22.46,1
43677.5,116,22.66,1
43680.0,115,22.46,0
43680.0,114,22.27,0
43680.0,113,22.07,0
43680.0,112,21.88,0
43680.0,111,21.68,0
43680.0,110,21.48,0
43680.0,109,21.29,0
43680.0,108,21.09,0
43687.5,109,21.29,1
43692.5,110,21.48,1
43697.5,111,21.68,1
43702.5,112,21.88,1
43726.0,113,22.07,1
43731.0,114,22.27,1
43736.0,115,22.46,1
43741.0,116,22.66,1
43746.0,117,22.85,1
43751.0,118,23.05,1
43756.0,119,23.24,1
43758.0,120,23.44,1
43761.0,121,23.63,1
43763.0,122,23.83,1
43768.0,123,24.02,1
43773.0,124,24.22,1
43778.0,123,24.02,0
43778.0,122,23.83,0
43778.0,121,23.63,0
43778.0,120,23.44,0
43778.0,119,23.24,0
43778.0,118,23.05,0
43778.0,117,22.85,0
43778.0,116,22.66,0
43783.0,117,22.85,1
43788.0,118,23.05,1
43793.0,119,23.24,1
43798.0,120,23.44,1
43803.0,119,23.24,0
43803.0,118,23.05,0
43803.0,117,22.85,0
43803.0,116,22.66,0
43803.0,115,22.46,0
43803.0,114,22.27,0
43803.0,113,22.07,0
43803.0,112,21.88,0
43823.0,113,22.07,1
43828.0,114,22.27,1
43833.0,115,22.46,1
43838.0,116,22.66,1
43843.0,117,22.85,1
43848.0,118,23.05,1
43853.0,119,23.24,1
43858.0,120,23.44,1
43886.0,121,23.63,1
43891.0,122,23.83,1
43896.0,123,24.02,1
43901.0,124,24.22,1
43906.0,125,24.41,1
43911.0,126,24.61,1
43916.0,127,24.80,1
43921.0,128,25.00,1
43950.0,129,25.20,1
43955.0,130,25.39,1
43960.0,131,25.59,1
43963.0,130,25.39,0
43963.0,129,25.20,0
43963.0,128,25.00,0
43963.0,127,24.80,0
43963.0,126,24.61,0
43963.0,125,24.41,0
43963.0,124,24.22,0
43963.0,123,24.02,0
43965.0,124,24.22,1
43975.0,125,24.41,1
43980.0,126,24.61,1
43982.0,127,24.80,1
43985.0,128,25.00,1
43987.0,129,25.20,1
43990.0,130,25.39,1
43992.0,131,25.59,1
43995.0,130,25.39,0
43995.0,129,25.20,0
43995.0,128,25.00,0
43995.0,127,24.80,0
43995.0,126,24.61,0
43995.0,125,24.41,0
43995.0,124,24.22,0
43995.0,123,24.02,0
43997.0,124,24.22,1
44007.0,125,24.41,1
44012.0,126,24.61,1
44014.0,127,24.80,1
44017.0,128,25.00,1
44019.0,129,25.20,1
44022.0,130,25.39,1
44024.0,131,25.59,1
44029.0,132,25.78,1
44034.0,133,25.98,1
44039.0,134,26.17,1
44044.0,135,26.37,1
44046.0,136,26.56,1
44049.0,137,26.76,1
44051.0,138,26.95,1
44056.0,139,27.15,1
44059.0,138,26.95,0
44059.0,137,26.76,0
44059.0,136,26.56,0
44059.0,135,26.37,0
44059.0,134,26.17,0
44059.0,133,25.98,0
44059.0,132,25.78,0
44059.0,131,25.59,0
44061.0,132,25.78,1
44071.0,133,25.98,1
44076.0,134,26.17,1
44081.0,135,26.37,1
44086.0,136,26.56,1
44091.0,135,26.37,0
44091.0,134,26.17,0
44091.0,133,25.98,0
44091.0,132,25.78,0
44091.0,131,25.59,0
44091.0,130,25.39,0
44091.0,129,25.20,0
44091.0,128,25.00,0
44156.0,127,24.80,0
44156.0,126,24.61,0
44156.0,125,24.41,0
44156.0,124,24.22,0
44156.0,123,24.02,0
44156.0,122,23.83,0
44156.0,121,23.63,0
44156.0,120,23.44,0
44206.0,121,23.63,1
44211.0,122,23.83,1
44216.0,123,24.02,1
44221.0,124,24.22,1
44226.0,125,24.41,1
44231.0,124,24.22,0
44231.0,123,24.02,0
44231.0,122,23.83,0
44231.0,121,23.63,0
44231.0,120,23.44,0
44231.0,119,23.24,0
44231.0,118,23.05,0
44231.0,117,22.85,0
44236.0,118,23.05,1
44241.0,119,23.24,1
44246.0,120,23.44,1
44283.0,119,23.24,0
44283.0,118,23.05,0
44283.0,117,22.85,0
44283.0,116,22.66,0
44283.0,115,22.46,0
44283.0,114,22.27,0
44283.0,113,22.07,0
44283.0,112,21.88,0
44302.0,113,22.07,1
44307.0,114,22.27,1
44312.0,115,22.46,1
44315.0,114,22.27,0
44315.0,113,22.07,0
44315.0,112,21.88,0
44315.0,111,21.68,0
44315.0,110,21.48,0
44315.0,109,21.29,0
44315.0,108,21.09,0
44315.0,107,20.90,0
44317.0,108,21.09,1
44327.0,109,21.29,1
44332.0,110,21.48,1
44334.0,111,21.68,1
44337.0,112,21.88,1
44339.0,113,22.07,1
44342.0,114,22.27,1
44344.0,115,22.46,1
44349.0,116,22.66,1
44354.0,117,22.85,1
44359.0,118,23.05,1
44364.0,119,23.24,1
44366.0,120,23.44,1
44369.0,121,23.63,1
44371.0,122,23.83,1
44376.0,123,24.02,1
44381.0,124,24.22,1
44386.0,123,24.02,0
44386.0,122,23.83,0
44386.0,121,23.63,0
44386.0,120,23.44,0
44386.0,119,23.24,0
44386.0,118,23.05,0
44386.0,117,22.85,0
44386.0,116,22.66,0
44391.0,117,22.85,1
44396.0,118,23.05,1
44401.0,119,23.24,1
44406.0,120,23.44,1
44411.0,121,23.63,1
44416.0,122,23.83,1
44421.0,123,24.02,1
44426.0,124,24.22,1
44431.0,125,24.41,1
44436.0,126,24.61,1
44441.0,125,24.41,0
44441.0,124,24.22,0
44441.0,123,24.02,0
44441.0,122,23.83,0
44441.0,121,23.63,0
44441.0,120,23.44,0
44441.0,119,23.24,0
44441.0,118,23.05,0
44446.0,119,23.24,1
44451.0,120,23.44,1
44475.0,119,23.24,0
44475.0,118,23.05,0
44475.0,117,22.85,0
44475.0,116,22.66,0
44475.0,115,22.46,0
44475.0,114,22.27,0
44475.0,113,22.07,0
44475.0,112,21.88,0
44496.0,113,22.07,1
44501.0,114,22.27,1
44506.0,115,22.46,1
44511.0,116,22.66,1
44516.0,115,22.46,0
44516.0,114,22.27,0
44516.0,113,22.07,0
44516.0,112,21.88,0
44516.0,111,21.68,0
44516.0,110,21.48,0
44516.0,109,21.29,0
44516.0,108,21.09,0
44521.0,109,21.29,1
44526.0,110,21.48,1
44531.0,111,21.68,1
44536.0,112,21.88,1
44571.0,111,21.68,0
44571.0,110,21.48,0
44571.0,109,21.29,0
44571.0,108,21.09,0
44571.0,107,20.90,0
44571.0,106,20.70,0
44571.0,105,20.51,0
44571.0,104,20.31,0
44591.0,105,20.51,1
44596.0,106,20.70,1
44601.0,107,20.90,1
44603.0,106,20.70,0
44603.0,105,20.51,0
44603.0,104,20.31,0
44603.0,103,20.12,0
44603.0,102,19.92,0
44603.0,101,19.73,0
44603.0,100,19.53,0
44603.0,99,19.34,0
44606.0,100,19.53,1
44616.0,101,19.73,1
44621.0,102,19.92,1
44626.0,103,20.12,1
44631.0,104,20.31,1
44636.0,105,20.51,1
44641.0,106,20.70,1
44646.0,107,20.90,1
44651.0,108,21.09,1
44656.0,109,21.29,1
44661.0,110,21.48,1
44666.0,111,21.68,1
44668.0,110,21.48,0
44668.0,109,21.29,0
44668.0,108,21.09,0
44668.0,107,20.90,0
44668.0,106,20.70,0
44668.0,105,20.51,0
44668.0,104,20.31,0
44668.0,103,20.12,0
44671.0,104,20.31,1
44731.0,103,20.12,0
44731.0,102,19.92,0
44731.0,101,19.73,0
44731.0,100,19.53,0
44731.0,99,19.34,0
44731.0,98,19.14,0
44731.0,97,18.95,0
44731.0,96,18.75,0
44795.0,95,18.55,0
44795.0,94,18.36,0
44795.0,93,18.16,0
44795.0,92,17.97,0
44795.0,91,17.77,0
44795.0,90,17.58,0
44795.0,89,17.38,0
44795.0,88,17.19,0
44814.0,89,17.38,1
44819.0,90,17.58,1
44824.0,91,17.77,1
44829.0,92,17.97,1
44834.0,91,17.77,0
44834.0,90,17.58,0
44834.0,89,17.38,0
44834.0,88,17.19,0
44834.0,87,16.99,0
44834.0,86,16.80,0
44834.0,85,16.60,0
44834.0,84,16.41,0
44839.0,85,16.60,1
44844.0,86,16.80,1
44849.0,87,16.99,1
44854.0,88,17.19,1
44859.0,87,16.99,0
44859.0,86,16.80,0
44859.0,85,16.60,0
44859.0,84,16.41,0
44859.0,83,16.21,0
44859.0,82,16.02,0
44859.0,81,15.82,0
44859.0,80,15.62,0
44891.0,79,15.43,0
44891.0,78,15.23,0
44891.0,77,15.04,0
44891.0,76,14.84,0
44891.0,75,14.65,0
44891.0,74,14.45,0
44891.0,73,14.26,0
44891.0,72,14.06,0
44942.0,73,14.26,1
44947.0,74,14.45,1
44952.0,75,14.65,1
44957.0,76,14.84,1
44962.0,77,15.04,1
44967.0,78,15.23,1
44972.0,79,15.43,1
44974.0,80,15.62,1
44977.0,81,15.82,1
44979.0,82,16.02,1
44984.0,83,16.21,1
44989.0,84,16.41,1
44994.0,85,16.60,1
44999.0,86,16.80,1
45004.0,87,16.99,1
45009.0,88,17.19,1
45051.0,87,16.99,0
45051.0,86,16.80,0
45051.0,85,16.60,0
45051.0,84,16.41,0
45051.0,83,16.21,0
45051.0,82,16.02,0
45051.0,81,15.82,0
45051.0,80,15.62,0
45070.0,81,15.82,1
45075.0,82,16.02,1
45080.0,83,16.21,1
45085.0,84,16.41,1
45090.0,85,16.60,1
45095.0,86,16.80,1
45100.0,87,16.99,1
45105.0,88,17.19,1
45134.0,89,17.38,1
45139.0,90,17.58,1
45144.0,91,17.77,1
45147.0,90,17.58,0
45147.0,89,17.38,0
45147.0,88,17.19,0
45147.0,87,16.99,0
45147.0,86,16.80,0
45147.0,85,16.60,0
45147.0,84,16.41,0
45147.0,83,16.21,0
45149.0,84,16.41,1
45159.0,85,16.60,1
45164.0,86,16.80,1
45169.0,87,16.99,1
45174.0,88,17.19,1
45179.0,87,16.99,0
45179.0,86,16.80,0
45179.0,85,16.60,0
45179.0,84,16.41,0
45179.0,83,16.21,0
45179.0,82,16.02,0
45179.0,81,15.82,0
45179.0,80,15.62,0
45198.0,81,15.82,1
45203.0,82,16.02,1
45208.0,83,16.21,1
45211.0,82,16.02,0
45211.0,81,15.82,0
45211.0,80,15.62,0
45211.0,79,15.43,0
45211.0,78,15.23,0
45211.0,77,15.04,0
45211.0,76,14.84,0
45211.0,75,14.65,0
45213.0,76,14.84,1
45223.0,77,15.04,1
45228.0,78,15.23,1
45233.0,79,15.43,1
45238.0,80,15.62,1
45258.5,79,15.43,0
45258.5,78,15.23,0
45258.5,77,15.04,0
45258.5,76,14.84,0
45258.5,75,14.65,0
45258.5,74,14.45,0
45258.5,73,14.26,0
45258.5,72,14.06,0
45263.5,73,14.26,1
45270.0,74,14.45,1
45275.0,75,14.65,1
45280.0,76,14.84,1
45285.0,77,15.04,1
45290.0,78,15.23,1
45294.0,79,15.43,1
45295.0,80,15.62,1
45299.0,81,15.82,1
45300.0,82,16.02,1
45304.0,83,16.21,1
45309.0,84,16.41,1
45314.0,83,16.21,0
45314.0,82,16.02,0
45314.0,81,15.82,0
45314.0,80,15.62,0
45314.0,79,15.43,0
45314.0,78,15.23,0
45314.0,77,15.04,0
45314.0,76,14.84,0
45319.0,77,15.04,1
45324.0,78,15.23,1
45326.0,79,15.43,1
45329.0,80,15.62,1
45331.0,81,15.82,1
45334.0,82,16.02,1
45336.0,83,16.21,1
45341.0,84,16.41,1
45346.0,83,16.21,0
45346.0,82,16.02,0
45346.0,81,15.82,0
45346.0,80,15.62,0
45346.0,79,15.43,0
45346.0,78,15.23,0
45346.0,77,15.04,0
45346.0,76,14.84,0
45351.0,77,15.04,1
45356.0,78,15.23,1
45361.0,79,15.43,1
45366.0,80,15.62,1
45371.0,81,15.82,1
45376.0,82,16.02,1
45381.0,83,16.21,1
45386.0,84,16.41,1
45391.0,85,16.60,1
45396.0,86,16.80,1
45401.0,87,16.99,1
45406.0,88,17.19,1
45422.0,89,17.38,1
45427.0,90,17.58,1
45432.0,91,17.77,1
45436.0,90,17.58,0
45436.0,89,17.38,0
45436.0,88,17.19,0
45436.0,87,16.99,0
45436.0,86,16.80,0
45436.0,85,16.60,0
45436.0,84,16.41,0
45436.0,83,16.21,0
45437.0,84,16.41,1
45447.0,85,16.60,1
45452.0,86,16.80,1
45454.0,87,16.99,1
45457.0,88,17.19,1
45459.0,89,17.38,1
45462.0,90,17.58,1
45464.0,91,17.77,1
45469.0,92,17.97,1
45474.0,93,18.16,1
45479.0,94,18.36,1
45481.5,93,18.16,0
45481.5,92,17.97,0
45481.5,91,17.77,0
45481.5,90,17.58,0
45481.5,89,17.38,0
45481.5,88,17.19,0
45481.5,87,16.99,0
45481.5,86,16.80,0
45484.0,87,16.99,1
45489.0,88,17.19,1
45550.0,89,17.38,1
45555.0,90,17.58,1
45560.0,91,17.77,1
45565.0,92,17.97,1
45570.0,93,18.16,1
45575.0,94,18.36,1
45580.0,95,18.55,1
45582.0,96,18.75,1
45585.0,97,18.95,1
45587.0,98,19.14,1
45592.0,99,19.34,1
45597.0,100,19.53,1
45602.0,101,19.73,1
45607.0,102,19.92,1
45612.0,103,20.12,1
45614.0,104,20.31,1
45617.0,105,20.51,1
45619.0,106,20.70,1
45624.0,107,20.90,1
45629.0,108,21.09,1
45634.0,109,21.29,1
45639.0,110,21.48,1
45644.0,111,21.68,1
45649.0,112,21.88,1
45659.0,111,21.68,0
45659.0,110,21.48,0
45659.0,109,21.29,0
45659.0,108,21.09,0
45659.0,107,20.90,0
45659.0,106,20.70,0
45659.0,105,20.51,0
45659.0,104,20.31,0
45787.0,103,20.12,0
45787.0,102,19.92,0
45787.0,101,19.73,0
45787.0,100,19.53,0
45787.0,99,19.34,0
45787.0,98,19.14,0
45787.0,97,18.95,0
45787.0,96,18.75,0
45819.0,95,18.55,0
45819.0,94,18.36,0
45819.0,93,18.16,0
45819.0,92,17.97,0
45819.0,91,17.77,0
45819.0,90,17.58,0
45819.0,89,17.38,0
45819.0,88,17.19,0
45902.0,89,17.38,1
45907.0,90,17.58,1
45912.0,91,17.77,1
45917.0,92,17.97,1
45922.0,93,18.16,1
45927.0,94,18.36,1
45932.0,95,18.55,1
45937.0,96,18.75,1
45966.0,97,18.95,1
45971.0,98,19.14,1
45976.0,99,19.34,1
45979.0,98,19.14,0
45979.0,97,18.95,0
45979.0,96,18.75,0
45979.0,95,18.55,0
45979.0,94,18.36,0
45979.0,93,18.16,0
45979.0,92,17.97,0
45979.0,91,17.77,0
45981.0,92,17.97,1
45991.0,93,18.16,1
45996.0,94,18.36,1
46001.0,95,18.55,1
46006.0,96,18.75,1
46030.0,97,18.95,1
46035.0,98,19.14,1
46040.0,99,19.34,1
46045.0,100,19.53,1
46050.0,99,19.34,0
46050.0,98,19.14,0
46050.0,97,18.95,0
46050.0,96,18.75,0
46050.0,95,18.55,0
46050.0,94,18.36,0
46050.0,93,18.16,0
46050.0,92,17.97,0
46055.0,93,18.16,1
46060.0,94,18.36,1
46065.0,95,18.55,1
46070.0,96,18.75,1
46094.0,97,18.95,1
46099.0,98,19.14,1
46104.0,99,19.34,1
46109.0,100,19.53,1
46109.0,99,19.34,0
46109.0,98,19.14,0
46109.0,97,18.95,0
46109.0,96,18.75,0
46109.0,95,18.55,0
46109.0,94,18.36,0
46109.0,93,18.16,0
46109.0,92,17.97,0
46119.0,93,18.16,1
46124.0,94,18.36,1
46129.0,95,18.55,1
46134.0,96,18.75,1
46139.0,95,18.55,0
46139.0,94,18.36,0
46139.0,93,18.16,0
46139.0,92,17.97,0
46139.0,91,17.77,0
46139.0,90,17.58,0
46139.0,89,17.38,0
46139.0,88,17.19,0
46158.0,89,17.38,1
46163.0,90,17.58,1
46168.0,91,17.77,1
46171.0,90,17.58,0
46171.0,89,17.38,0
46171.0,88,17.19,0
46171.0,87,16.99,0
46171.0,86,16.80,0
46171.0,85,16.60,0
46171.0,84,16.41,0
46171.0,83,16.21,0
46173.0,84,16.41,1
46183.0,85,16.60,1
46188.0,86,16.80,1
46193.0,87,16.99,1
46198.0,88,17.19,1
46216.0,87,16.99,0
46216.0,86,16.80,0
46216.0,85,16.60,0
46216.0,84,16.41,0
46216.0,83,16.21,0
46216.0,82,16.02,0
46216.0,81,15.82,0
46216.0,80,15.62,0
46254.0,81,15.82,1
46259.0,82,16.02,1
46264.0,83,16.21,1
46267.0,82,16.02,0
46267.0,81,15.82,0
46267.0,80,15.62,0
46267.0,79,15.43,0
46267.0,78,15.23,0
46267.0,77,15.04,0
46267.0,76,14.84,0
46267.0,75,14.65,0
46269.0,76,14.84,1
46279.0,77,15.04,1
46284.0,78,15.23,1
46286.0,79,15.43,1
46289.0,80,15.62,1
46291.0,81,15.82,1
46294.0,82,16.02,1
46296.0,83,16.21,1
46301.0,84,16.41,1
46304.0,83,16.21,0
46304.0,82,16.02,0
46304.0,81,15.82,0
46304.0,80,15.62,0
46304.0,79,15.43,0
46304.0,78,15.23,0
46304.0,77,15.04,0
46304.0,76,14.84,0
46311.0,77,15.04,1
46316.0,78,15.23,1
46321.0,79,15.43,1
46326.0,80,15.62,1
46350.0,81,15.82,1
46355.0,82,16.02,1
46360.0,83,16.21,1
46365.0,84,16.41,1
46370.0,85,16.60,1
46375.0,86,16.80,1
46380.0,87,16.99,1
46385.0,88,17.19,1
46395.0,87,16.99,0
46395.0,86,16.80,0
46395.0,85,16.60,0
46395.0,84,16.41,0
46395.0,83,16.21,0
46395.0,82,16.02,0
46395.0,81,15.82,0
46395.0,80,15.62,0
46427.0,79,15.43,0
46427.0,78,15.23,0
46427.0,77,15.04,0
46427.0,76,14.84,0
46427.0,75,14.65,0
46427.0,74,14.45,0
46427.0,73,14.26,0
46427.0,72,14.06,0
46446.0,73,14.26,1
46451.0,74,14.45,1
46456.0,75,14.65,1
46459.0,74,14.45,0
46459.0,73,14.26,0
46459.0,72,14.06,0
46459.0,71,13.87,0
46459.0,70,13.67,0
46459.0,69,13.48,0
46459.0,68,13.28,0
46459.0,67,13.09,0
46461.0,68,13.28,1
46471.0,69,13.48,1
46476.0,70,13.67,1
46481.0,71,13.87,1
46486.0,72,14.06,1
46510.0,73,14.26,1
46515.0,74,14.45,1
46520.0,75,14.65,1
46525.0,76,14.84,1
46530.0,77,15.04,1
46535.0,78,15.23,1
46540.0,79,15.43,1
46542.0,80,15.62,1
46545.0,81,15.82,1
46547.0,82,16.02,1
46552.0,83,16.21,1
46557.0,84,16.41,1
46562.0,85,16.60,1
46567.0,86,16.80,1
46572.0,87,16.99,1
46577.0,88,17.19,1
46606.0,89,17.38,1
46611.0,90,17.58,1
46616.0,91,17.77,1
46621.0,92,17.97,1
46626.0,93,18.16,1
46631.0,94,18.36,1
46636.0,95,18.55,1
46638.0,96,18.75,1
46641.0,97,18.95,1
46643.0,98,19.14,1
46648.0,99,19.34,1
46653.0,100,19.53,1
46658.0,101,19.73,1
46663.0,102,19.92,1
46668.0,103,20.12,1
46673.0,104,20.31,1
46702.0,105,20.51,1
46707.0,106,20.70,1
46712.0,107,20.90,1
46717.0,108,21.09,1
46722.0,109,21.29,1
46727.0,110,21.48,1
46732.0,111,21.68,1
46737.0,112,21.88,1
46747.0,111,21.68,0
46747.0,110,21.48,0
46747.0,109,21.29,0
46747.0,108,21.09,0
46747.0,107,20.90,0
46747.0,106,20.70,0
46747.0,105,20.51,0
46747.0,104,20.31,0
46767.0,105,20.51,1
46772.0,106,20.70,1
46777.0,107,20.90,1
46782.0,108,21.09,1
46787.0,109,21.29,1
46792.0,110,21.48,1
46797.0,111,21.68,1
46798.0,112,21.88,1
46802.0,113,22.07,1
46803.0,114,22.27,1
46808.0,115,22.46,1
46811.0,114,22.27,0
46811.0,113,22.07,0
46811.0,112,21.88,0
46811.0,111,21.68,0
46811.0,110,21.48,0
46811.0,109,21.29,0
46811.0,108,21.09,0
46811.0,107,20.90,0
46812.0,106,20.70,0
46812.0,105,20.51,0
46812.0,104,20.31,0
46812.0,103,20.12,0
46812.0,102,19.92,0
46812.0,101,19.73,0
46812.0,100,19.53,0
46812.0,99,19.34,0
46813.0,100,19.53,1
46823.0,101,19.73,1
46828.0,102,19.92,1
46833.0,103,20.12,1
46838.0,104,20.31,1
46843.0,105,20.51,1
46848.0,106,20.70,1
46853.0,107,20.90,1
46858.0,108,21.09,1
46863.0,109,21.29,1
46868.0,110,21.48,1
46873.0,111,21.68,1
46875.0,110,21.48,0
46875.0,109,21.29,0
46875.0,108,21.09,0
46875.0,107,20.90,0
46875.0,106,20.70,0
46875.0,105,20.51,0
46875.0,104,20.31,0
46875.0,103,20.12,0
46878.0,104,20.31,1
46895.0,105,20.51,1
46900.0,106,20.70,1
46905.0,107,20.90,1
46910.0,108,21.09,1
46915.0,109,21.29,1
46920.0,110,21.48,1
46925.0,111,21.68,1
46930.0,112,21.88,1
46935.0,113,22.07,1
46940.0,114,22.27,1
46942.0,113,22.07,0
46942.0,112,21.88,0
46942.0,111,21.68,0
46942.0,110,21.48,0
46942.0,109,21.29,0
46942.0,108,21.09,0
46942.0,107,20.90,0
46942.0,106,20.70,0
46945.0,107,20.90,1
46950.0,108,21.09,1
46958.0,109,21.29,1
46960.0,110,21.48,1
46963.0,111,21.68,1
46965.0,112,21.88,1
46968.0,113,22.07,1
46970.0,114,22.27,1
46973.0,115,22.46,1
46975.0,116,22.66,1
46978.0,117,22.85,1
46983.0,118,23.05,1
46988.0,119,23.24,1
46993.0,120,23.44,1
47003.0,119,23.24,0
47003.0,118,23.05,0
47003.0,117,22.85,0
47003.0,116,22.66,0
47003.0,115,22.46,0
47003.0,114,22.27,0
47003.0,113,22.07,0
47003.0,112,21.88,0
47054.0,113,22.07,1
47059.0,114,22.27,1
47064.0,115,22.46,1
47069.0,116,22.66,1
47074.0,117,22.85,1
47079.0,118,23.05,1
47084.0,119,23.24,1
47089.0,120,23.44,1
47099.0,119,23.24,0
47099.0,118,23.05,0
47099.0,117,22.85,0
47099.0,116,22.66,0
47099.0,115,22.46,0
47099.0,114,22.27,0
47099.0,113,22.07,0
47099.0,112,21.88,0
47131.0,111,21.68,0
47131.0,110,21.48,0
47131.0,109,21.29,0
47131.0,108,21.09,0
47131.0,107,20.90,0
47131.0,106,20.70,0
47131.0,105,20.51,0
47131.0,104,20.31,0
47150.0,105,20.51,1
47155.0,106,20.70,1
47160.0,107,20.90,1
47165.0,108,21.09,1
47170.0,109,21.29,1
47175.0,110,21.48,1
47180.0,111,21.68,1
47185.0,112,21.88,1
47195.0,111,21.68,0
47195.0,110,21.48,0
47195.0,109,21.29,0
47195.0,108,21.09,0
47195.0,107,20.90,0
47195.0,106,20.70,0
47195.0,105,20.51,0
47195.0,104,20.31,0
47291.0,103,20.12,0
47291.0,102,19.92,0
47291.0,101,19.73,0
47291.0,100,19.53,0
47291.0,99,19.34,0
47291.0,98,19.14,0
47291.0,97,18.95,0
47291.0,96,18.75,0
47355.0,95,18.55,0
47355.0,94,18.36,0
47355.0,93,18.16,0
47355.0,92,17.97,0
47355.0,91,17.77,0
47355.0,90,17.58,0
47355.0,89,17.38,0
47355.0,88,17.19,0
47387.0,87,16.99,0
47387.0,86,16.80,0
47387.0,85,16.60,0
47387.0,84,16.41,0
47387.0,83,16.21,0
47387.0,82,16.02,0
47387.0,81,15.82,0
47387.0,80,15.62,0
47406.0,81,15.82,1
47411.0,82,16.02,1
47416.0,83,16.21,1
47421.0,84,16.41,1
47426.0,85,16.60,1
47431.0,86,16.80,1
47436.0,87,16.99,1
47438.0,88,17.19,1
47441.0,89,17.38,1
47443.0,90,17.58,1
47448.0,91,17.77,1
47451.0,90,17.58,0
47451.0,89,17.38,0
47451.0,88,17.19,0
47451.0,87,16.99,0
47451.0,86,16.80,0
47451.0,85,16.60,0
47451.0,84,16.41,0
47451.0,83,16.21,0
47453.0,84,16.41,1
47463.0,85,16.60,1
47468.0,86,16.80,1
47473.0,87,16.99,1
47478.0,88,17.19,1
47483.0,87,16.99,0
47483.0,86,16.80,0
47483.0,85,16.60,0
47483.0,84,16.41,0
47483.0,83,16.21,0
47483.0,82,16.02,0
47483.0,81,15.82,0
47483.0,80,15.62,0
47502.0,81,15.82,1
47507.0,82,16.02,1
47512.0,83,16.21,1
47517.0,84,16.41,1
47522.0,85,16.60,1
47527.0,86,16.80,1
47532.0,87,16.99,1
47537.0,88,17.19,1
47598.0,89,17.38,1
47603.0,90,17.58,1
47608.0,91,17.77,1
47612.0,90,17.58,0
47612.0,89,17.38,0
47612.0,88,17.19,0
47612.0,87,16.99,0
47612.0,86,16.80,0
47612.0,85,16.60,0
47612.0,84,16.41,0
47612.0,83,16.21,0
47613.0,84,16.41,1
47623.0,85,16.60,1
47628.0,86,16.80,1
47633.0,87,16.99,1
47638.0,88,17.19,1
47643.0,87,16.99,0
47643.0,86,16.80,0
47643.0,85,16.60,0
47643.0,84,16.41,0
47643.0,83,16.21,0
47643.0,82,16.02,0
47643.0,81,15.82,0
47643.0,80,15.62,0
47662.0,81,15.82,1
47667.0,82,16.02,1
47672.0,83,16.21,1
47677.0,84,16.41,1
47682.0,85,16.60,1
47687.0,86,16.80,1
47688.0,85,16.60,0
47688.0,84,16.41,0
47688.0,83,16.21,0
47688.0,82,16.02,0
47688.0,81,15.82,0
47688.0,80,15.62,0
47688.0,79,15.43,0
47688.0,78,15.23,0
47692.0,79,15.43,1
47696.0,80,15.62,1
47702.0,81,15.82,1
47702.0,82,16.02,1
47707.0,83,16.21,1
47712.0,84,16.41,1
47717.0,85,16.60,1
47722.0,86,16.80,1
47727.0,87,16.99,1
47732.0,88,17.19,1
47740.0,87,16.99,0
47740.0,86,16.80,0
47740.0,85,16.60,0
47740.0,84,16.41,0
47740.0,83,16.21,0
47740.0,82,16.02,0
47740.0,81,15.82,0
47740.0,80,15.62,0
47780.0,79,15.43,0
47780.0,78,15.23,0
47780.0,77,15.04,0
47780.0,76,14.84,0
47780.0,75,14.65,0
47780.0,74,14.45,0
47780.0,73,14.26,0
47780.0,72,14.06,0
47803.0,71,13.87,0
47803.0,70,13.67,0
47803.0,69,13.48,0
47803.0,68,13.28,0
47803.0,67,13.09,0
47803.0,66,12.89,0
47803.0,65,12.70,0
47803.0,64,12.50,0
47886.0,65,12.70,1
47891.0,66,12.89,1
47896.0,67,13.09,1
47899.0,66,12.89,0
47899.0,65,12.70,0
47899.0,64,12.50,0
47899.0,63,12.30,0
47899.0,62,12.11,0
47899.0,61,11.91,0
47899.0,60,11.72,0
47899.0,59,11.52,0
47901.0,60,11.72,1
47911.0,61,11.91,1
47916.0,62,12.11,1
47921.0,63,12.30,1
47926.0,64,12.50,1
47950.0,65,12.70,1
47955.0,66,12.89,1
47960.0,67,13.09,1
47965.0,68,13.28,1
47970.0,69,13.48,1
47975.0,70,13.67,1
47980.0,71,13.87,1
47985.0,72,14.06,1
47990.0,73,14.26,1
47995.0,74,14.45,1
48000.0,75,14.65,1
48005.0,76,14.84,1
48010.0,75,14.65,0
48010.0,74,14.45,0
48010.0,73,14.26,0
48010.0,72,14.06,0
48010.0,71,13.87,0
48010.0,70,13.67,0
48010.0,69,13.48,0
48010.0,68,13.28,0
48015.0,69,13.48,1
48020.0,70,13.67,1
48025.0,71,13.87,1
48030.0,72,14.06,1
48078.0,73,14.26,1
48083.0,74,14.45,1
48088.0,75,14.65,1
48093.0,76,14.84,1
48098.0,77,15.04,1
48103.0,78,15.23,1
48108.0,79,15.43,1
48113.0,80,15.62,1
48142.0,81,15.82,1
48147.0,82,16.02,1
48152.0,83,16.21,1
48157.0,84,16.41,1
48162.0,85,16.60,1
48167.0,86,16.80,1
48172.0,87,16.99,1
48177.0,88,17.19,1
48251.0,87,16.99,0
48251.0,86,16.80,0
48251.0,85,16.60,0
48251.0,84,16.41,0
48251.0,83,16.21,0
48251.0,82,16.02,0
48251.0,81,15.82,0
48251.0,80,15.62,0
48270.0,81,15.82,1
48275.0,82,16.02,1
48280.0,83,16.21,1
48285.0,84,16.41,1
48290.0,83,16.21,0
48290.0,82,16.02,0
48290.0,81,15.82,0
48290.0,80,15.62,0
48290.0,79,15.43,0
48290.0,78,15.23,0
48290.0,77,15.04,0
48290.0,76,14.84,0
48295.0,77,15.04,1
48300.0,78,15.23,1
48305.0,79,15.43,1
48310.0,80,15.62,1
48347.5,79,15.43,0
48347.5,78,15.23,0
48347.5,77,15.04,0
48347.5,76,14.84,0
48347.5,75,14.65,0
48347.5,74,14.45,0
48347.5,73,14.26,0
48347.5,72,14.06,0
48398.0,73,14.26,1
48403.0,74,14.45,1
48408.0,75,14.65,1
48413.0,76,14.84,1
48418.0,77,15.04,1
48423.0,78,15.23,1
48428.0,79,15.43,1
48430.0,80,15.62,1
48433.0,81,15.82,1
48435.0,82,16.02,1
48440.0,83,16.21,1
48445.0,84,16.41,1
48450.0,83,16.21,0
48450.0,82,16.02,0
48450.0,81,15.82,0
48450.0,80,15.62,0
48450.0,79,15.43,0
48450.0,78,15.23,0
48450.0,77,15.04,0
48450.0,76,14.84,0
48455.0,77,15.04,1
48460.0,78,15.23,1
48465.0,79,15.43,1
48470.0,80,15.62,1
48507.0,79,15.43,0
48507.0,78,15.23,0
48507.0,77,15.04,0
48507.0,76,14.84,0
48507.0,75,14.65,0
48507.0,74,14.45,0
48507.0,73,14.26,0
48507.0,72,14.06,0
48526.0,73,14.26,1
48531.0,74,14.45,1
48536.0,75,14.65,1
48541.0,76,14.84,1
48541.5,75,14.65,0
48541.5,74,14.45,0
48541.5,73,14.26,0
48541.5,72,14.06,0
48541.5,71,13.87,0
48541.5,70,13.67,0
48541.5,69,13.48,0
48541.5,68,13.28,0
48551.0,69,13.48,1
48556.0,70,13.67,1
48561.0,71,13.87,1
48566.0,72,14.06,1
48622.0,73,14.26,1
48627.0,74,14.45,1
48632.0,75,14.65,1
48637.0,76,14.84,1
48642.0,77,15.04,1
48647.0,78,15.23,1
48652.0,79,15.43,1
48657.0,80,15.62,1
48718.0,81,15.82,1
48723.0,82,16.02,1
48728.0,83,16.21,1
48731.0,82,16.02,0
48731.0,81,15.82,0
48731.0,80,15.62,0
48731.0,79,15.43,0
48731.0,78,15.23,0
48731.0,77,15.04,0
48731.0,76,14.84,0
48731.0,75,14.65,0
48733.0,76,14.84,1
48743.0,77,15.04,1
48748.0,78,15.23,1
48753.0,79,15.43,1
48758.0,80,15.62,1
48782.0,81,15.82,1
48787.0,82,16.02,1
48792.0,83,16.21,1
48795.0,82,16.02,0
48795.0,81,15.82,0
48795.0,80,15.62,0
48795.0,79,15.43,0
48795.0,78,15.23,0
48795.0,77,15.04,0
48795.0,76,14.84,0
48795.0,75,14.65,0
48797.0,76,14.84,1
48807.0,77,15.04,1
48812.0,78,15.23,1
48814.0,79,15.43,1
48817.0,80,15.62,1
48819.0,81,15.82,1
48822.0,82,16.02,1
48824.0,83,16.21,1
48829.0,84,16.41,1
48834.0,85,16.60,1
48839.0,86,16.80,1
48844.0,85,16.60,0
48844.0,84,16.41,0
48844.0,83,16.21,0
48844.0,82,16.02,0
48844.0,81,15.82,0
48844.0,80,15.62,0
48844.0,79,15.43,0
48844.0,78,15.23,0
48847.0,79,15.43,1
48849.0,80,15.62,1
48852.0,81,15.82,1
48854.0,82,16.02,1
48857.0,83,16.21,1
48862.0,84,16.41,1
48867.0,85,16.60,1
48872.0,86,16.80,1
48877.0,87,16.99,1
48878.0,88,17.19,1
48882.0,89,17.38,1
48883.0,90,17.58,1
48888.0,91,17.77,1
48893.0,92,17.97,1
48898.0,93,18.16,1
48903.0,94,18.36,1
48908.0,95,18.55,1
48913.0,96,18.75,1
48923.0,95,18.55,0
48923.0,94,18.36,0
48923.0,93,18.16,0
48923.0,92,17.97,0
48923.0,91,17.77,0
48923.0,90,17.58,0
48923.0,89,17.38,0
48923.0,88,17.19,0
48943.0,89,17.38,1
48948.0,90,17.58,1
48953.0,91,17.77,1
48958.0,92,17.97,1
48963.0,93,18.16,1
48968.0,94,18.36,1
48973.0,95,18.55,1
48974.0,96,18.75,1
48978.0,97,18.95,1
48979.0,98,19.14,1
48984.0,99,19.34,1
48988.0,98,19.14,0
48988.0,97,18.95,0
48988.0,96,18.75,0
48988.0,95,18.55,0
48988.0,94,18.36,0
48988.0,93,18.16,0
48988.0,92,17.97,0
48988.0,91,17.77,0
48989.0,92,17.97,1
48999.0,93,18.16,1
49004.0,94,18.36,1
49006.0,95,18.55,1
49009.0,96,18.75,1
49011.0,97,18.95,1
49014.0,98,19.14,1
49016.0,99,19.34,1
49021.0,100,19.53,1
49026.0,101,19.73,1
49031.0,102,19.92,1
49036.0,103,20.12,1
49038.0,104,20.31,1
49041.0,105,20.51,1
49043.0,106,20.70,1
49048.0,107,20.90,1
49053.0,108,21.09,1
49058.0,109,21.29,1
49063.0,110,21.48,1
49068.0,111,21.68,1
49073.0,112,21.88,1
49078.0,113,22.07,1
49083.0,114,22.27,1
49088.0,115,22.46,1
49093.0,116,22.66,1
49098.0,117,22.85,1
49103.0,118,23.05,1
49108.0,119,23.24,1
49113.0,120,23.44,1
49115.0,119,23.24,0
49115.0,118,23.05,0
49115.0,117,22.85,0
49115.0,116,22.66,0
49115.0,115,22.46,0
49115.0,114,22.27,0
49115.0,113,22.07,0
49115.0,112,21.88,0
49166.0,113,22.07,1
49171.0,114,22.27,1
49176.0,115,22.46,1
49181.0,116,22.66,1
49186.0,117,22.85,1
49191.0,118,23.05,1
49196.0,119,23.24,1
49198.0,120,23.44,1
49201.0,121,23.63,1
49203.0,122,23.83,1
49208.0,123,24.02,1
49213.0,124,24.22,1
49218.0,125,24.41,1
49223.0,126,24.61,1
49228.0,127,24.80,1
49233.0,128,25.00,1
49243.0,127,24.80,0
49243.0,126,24.61,0
49243.0,125,24.41,0
49243.0,124,24.22,0
49243.0,123,24.02,0
49243.0,122,23.83,0
49243.0,121,23.63,0
49243.0,120,23.44,0
49262.0,121,23.63,1
49267.0,122,23.83,1
49272.0,123,24.02,1
49277.0,124,24.22,1
49282.0,123,24.02,0
49282.0,122,23.83,0
49282.0,121,23.63,0
49282.0,120,23.44,0
49282.0,119,23.24,0
49282.0,118,23.05,0
49282.0,117,22.85,0
49282.0,116,22.66,0
49287.0,117,22.85,1
49292.0,118,23.05,1
49294.0,119,23.24,1
49297.0,120,23.44,1
49299.0,121,23.63,1
49302.0,122,23.83,1
49304.0,123,24.02,1
49309.0,124,24.22,1
49314.0,125,24.41,1
49319.0,126,24.61,1
49324.0,127,24.80,1
49326.0,128,25.00,1
49329.0,129,25.20,1
49331.0,130,25.39,1
49336.0,131,25.59,1
49341.0,132,25.78,1
49346.0,133,25.98,1
49351.0,134,26.17,1
49356.0,135,26.37,1
49361.0,136,26.56,1
49366.0,137,26.76,1
49371.0,138,26.95,1
49376.0,139,27.15,1
49381.0,140,27.34,1
49386.0,139,27.15,0
49386.0,138,26.95,0
49386.0,137,26.76,0
49386.0,136,26.56,0
49386.0,135,26.37,0
49386.0,134,26.17,0
49386.0,133,25.98,0
49386.0,132,25.78,0
49391.0,133,25.98,1
49396.0,134,26.17,1
49401.0,135,26.37,1
49406.0,136,26.56,1
49422.0,137,26.76,1
49427.0,138,26.95,1
49432.0,139,27.15,1
49437.0,140,27.34,1
49442.0,141,27.54,1
49447.0,142,27.73,1
49452.0,143,27.93,1
49457.0,144,28.12,1
49462.0,145,28.32,1
49467.0,146,28.52,1
49468.0,145,28.32,0
49468.0,144,28.12,0
49468.0,143,27.93,0
49468.0,142,27.73,0
49468.0,141,27.54,0
49468.0,140,27.34,0
49468.0,139,27.15,0
49468.0,138,26.95,0
49472.0,139,27.15,1
49477.0,140,27.34,1
49486.0,141,27.54,1
49487.0,142,27.73,1
49491.0,143,27.93,1
49492.0,144,28.12,1
49496.0,145,28.32,1
49497.0,146,28.52,1
49501.0,147,28.71,1
49502.0,148,28.91,1
49506.0,149,29.10,1
49511.0,150,29.30,1
49516.0,151,29.49,1
49518.0,152,29.69,1
49521.0,153,29.88,1
49523.0,154,30.08,1
49528.0,155,30.27,1
49533.0,156,30.47,1
49538.0,157,30.66,1
49543.0,158,30.86,1
49548.0,159,31.05,1
49553.0,160,31.25,1
49563.0,159,31.05,0
49563.0,158,30.86,0
49563.0,157,30.66,0
49563.0,156,30.47,0
49563.0,155,30.27,0
49563.0,154,30.08,0
49563.0,153,29.88,0
49563.0,152,29.69,0
49614.0,153,29.88,1
49619.0,154,30.08,1
49624.0,155,30.27,1
49627.0,154,30.08,0
49627.0,153,29.88,0
49627.0,152,29.69,0
49627.0,151,29.49,0
49627.0,150,29.30,0
49627.0,149,29.10,0
49627.0,148,28.91,0
49627.0,147,28.71,0
49629.0,148,28.91,1
49639.0,149,29.10,1
49644.0,150,29.30,1
49649.0,151,29.49,1
49654.0,152,29.69,1
49659.0,151,29.49,0
49659.0,150,29.30,0
49659.0,149,29.10,0
49659.0,148,28.91,0
49659.0,147,28.71,0
49659.0,146,28.52,0
49659.0,145,28.32,0
49659.0,144,28.12,0
49678.0,145,28.32,1
49683.0,146,28.52,1
49688.0,147,28.71,1
49692.0,146,28.52,0
49692.0,145,28.32,0
49692.0,144,28.12,0
49692.0,143,27.93,0
49692.0,142,27.73,0
49692.0,141,27.54,0
49692.0,140,27.34,0
49692.0,139,27.15,0
49693.0,140,27.34,1
49703.0,141,27.54,1
49708.0,142,27.73,1
49713.0,143,27.93,1
49718.0,144,28.12,1
49723.0,145,28.32,1
49728.0,146,28.52,1
49729.0,145,28.32,0
49729.0,144,28.12,0
49729.0,143,27.93,0
49729.0,142,27.73,0
49729.0,141,27.54,0
49729.0,140,27.34,0
49729.0,139,27.15,0
49729.0,138,26.95,0
49733.0,139,27.15,1
49738.0,140,27.34,1
49743.0,141,27.54,1
49753.0,142,27.73,1
49758.0,143,27.93,1
49763.0,144,28.12,1
49788.0,143,27.93,0
49788.0,142,27.73,0
49788.0,141,27.54,0
49788.0,140,27.34,0
49788.0,139,27.15,0
49788.0,138,26.95,0
49788.0,137,26.76,0
49788.0,136,26.56,0
49819.0,135,26.37,0
49819.0,134,26.17,0
49819.0,133,25.98,0
49819.0,132,25.78,0
49819.0,131,25.59,0
49819.0,130,25.39,0
49819.0,129,25.20,0
49819.0,128,25.00,0
49851.0,127,24.80,0
49851.0,126,24.61,0
49851.0,125,24.41,0
49851.0,124,24.22,0
49851.0,123,24.02,0
49851.0,122,23.83,0
49851.0,121,23.63,0
49851.0,120,23.44,0
49882.0,119,23.24,0
49882.0,118,23.05,0
49882.0,117,22.85,0
49882.0,116,22.66,0
49882.0,115,22.46,0
49882.0,114,22.27,0
49882.0,113,22.07,0
49882.0,112,21.88,0
49902.0,113,22.07,1
49907.0,114,22.27,1
49912.0,115,22.46,1
49917.0,116,22.66,1
49922.0,117,22.85,1
49923.0,116,22.66,0
49923.0,115,22.46,0
49923.0,114,22.27,0
49923.0,113,22.07,0
49923.0,112,21.88,0
49923.0,111,21.68,0
49923.0,110,21.48,0
49923.0,109,21.29,0
49927.0,110,21.48,1
49935.0,111,21.68,1
49937.0,112,21.88,1
49940.0,113,22.07,1
49942.0,114,22.27,1
49945.0,115,22.46,1
49950.0,116,22.66,1
49955.0,117,22.85,1
49960.0,118,23.05,1
49965.0,119,23.24,1
49970.0,120,23.44,1
49998.0,121,23.63,1
50003.0,122,23.83,1
50008.0,123,24.02,1
50012.5,122,23.83,0
50012.5,121,23.63,0
50012.5,120,23.44,0
50012.5,119,23.24,0
50012.5,118,23.05,0
50012.5,117,22.85,0
50012.5,116,22.66,0
50012.5,115,22.46,0
50013.0,116,22.66,1
50023.0,117,22.85,1
50028.0,118,23.05,1
50033.0,119,23.24,1
50038.0,120,23.44,1
50043.0,119,23.24,0
50043.0,118,23.05,0
50043.0,117,22.85,0
50043.0,116,22.66,0
50043.0,115,22.46,0
50043.0,114,22.27,0
50043.0,113,22.07,0
50043.0,112,21.88,0
50094.0,113,22.07,1
50099.0,114,22.27,1
50104.0,115,22.46,1
50108.5,114,22.27,0
50108.5,113,22.07,0
50108.5,112,21.88,0
50108.5,111,21.68,0
50108.5,110,21.48,0
50108.5,109,21.29,0
50108.5,108,21.09,0
50108.5,107,20.90,0
50109.0,108,21.09,1
50119.0,109,21.29,1
50124.0,110,21.48,1
50126.0,111,21.68,1
50129.0,112,21.88,1
50131.0,113,22.07,1
50134.0,114,22.27,1
50136.0,115,22.46,1
50141.0,116,22.66,1
50146.0,115,22.46,0
50146.0,114,22.27,0
50146.0,113,22.07,0
50146.0,112,21.88,0
50146.0,111,21.68,0
50146.0,110,21.48,0
50146.0,109,21.29,0
50146.0,108,21.09,0
50151.0,109,21.29,1
50156.0,110,21.48,1
50158.0,111,21.68,1
50161.0,112,21.88,1
50163.0,113,22.07,1
50166.0,114,22.27,1
50168.0,115,22.46,1
50173.0,116,22.66,1
50178.0,115,22.46,0
50178.0,114,22.27,0
50178.0,113,22.07,0
50178.0,112,21.88,0
50178.0,111,21.68,0
50178.0,110,21.48,0
50178.0,109,21.29,0
50178.0,108,21.09,0
50183.0,109,21.29,1
50188.0,110,21.48,1
50193.0,111,21.68,1
50198.0,112,21.88,1
50211.0,111,21.68,0
50211.0,110,21.48,0
50211.0,109,21.29,0
50211.0,108,21.09,0
50211.0,107,20.90,0
50211.0,106,20.70,0
50211.0,105,20.51,0
50211.0,104,20.31,0
50267.0,103,20.12,0
50267.0,102,19.92,0
50267.0,101,19.73,0
50267.0,100,19.53,0
50267.0,99,19.34,0
50267.0,98,19.14,0
50267.0,97,18.95,0
50267.0,96,18.75,0
50287.0,97,18.95,1
50292.0,98,19.14,1
50297.0,99,19.34,1
50302.0,100,19.53,1
50307.0,101,19.73,1
50307.0,100,19.53,0
50307.0,99,19.34,0
50307.0,98,19.14,0
50307.0,97,18.95,0
50307.0,96,18.75,0
50307.0,95,18.55,0
50307.0,94,18.36,0
50307.0,93,18.16,0
50312.0,94,18.36,1
50322.0,95,18.55,1
50327.0,96,18.75,1
50331.5,95,18.55,0
50331.5,94,18.36,0
50331.5,93,18.16,0
50331.5,92,17.97,0
50331.5,91,17.77,0
50331.5,90,17.58,0
50331.5,89,17.38,0
50331.5,88,17.19,0
50363.0,87,16.99,0
50363.0,86,16.80,0
50363.0,85,16.60,0
50363.0,84,16.41,0
50363.0,83,16.21,0
50363.0,82,16.02,0
50363.0,81,15.82,0
50363.0,80,15.62,0
50383.0,81,15.82,1
50388.0,82,16.02,1
50393.0,83,16.21,1
50398.0,84,16.41,1
50403.0,85,16.60,1
50408.0,86,16.80,1
50413.0,87,16.99,1
50414.0,88,17.19,1
50418.0,89,17.38,1
50419.0,90,17.58,1
50424.0,91,17.77,1
50429.0,92,17.97,1
50434.0,93,18.16,1
50439.0,94,18.36,1
50444.0,95,18.55,1
50449.0,96,18.75,1
50458.5,95,18.55,0
50458.5,94,18.36,0
50458.5,93,18.16,0
50458.5,92,17.97,0
50458.5,91,17.77,0
50458.5,90,17.58,0
50458.5,89,17.38,0
50458.5,88,17.19,0
50478.0,89,17.38,1
50483.0,90,17.58,1
50488.0,91,17.77,1
50493.0,92,17.97,1
50498.0,93,18.16,1
50503.0,94,18.36,1
50508.0,95,18.55,1
50513.0,96,18.75,1
50523.0,95,18.55,0
50523.0,94,18.36,0
50523.0,93,18.16,0
50523.0,92,17.97,0
50523.0,91,17.77,0
50523.0,90,17.58,0
50523.0,89,17.38,0
50523.0,88,17.19,0
50542.0,89,17.38,1
50547.0,90,17.58,1
50552.0,91,17.77,1
50557.0,92,17.97,1
50562.0,93,18.16,1
50567.0,94,18.36,1
50571.0,93,18.16,0
50571.0,92,17.97,0
50571.0,91,17.77,0
50571.0,90,17.58,0
50571.0,89,17.38,0
50571.0,88,17.19,0
50571.0,87,16.99,0
50571.0,86,16.80,0
50572.0,87,16.99,1
50577.0,88,17.19,1
50587.0,89,17.38,1
50592.0,90,17.58,1
50597.0,91,17.77,1
50602.0,92,17.97,1
50606.0,93,18.16,1
50607.0,94,18.36,1
50611.0,95,18.55,1
50612.0,96,18.75,1
50616.0,97,18.95,1
50617.0,98,19.14,1
50621.0,99,19.34,1
50622.0,100,19.53,1
50626.0,101,19.73,1
50631.0,102,19.92,1
50636.0,103,20.12,1
50641.0,104,20.31,1
50670.0,105,20.51,1
50675.0,106,20.70,1
50680.0,107,20.90,1
50685.0,108,21.09,1
50690.0,109,21.29,1
50695.0,110,21.48,1
50700.0,111,21.68,1
50702.0,112,21.88,1
50705.0,113,22.07,1
50707.0,114,22.27,1
50712.0,115,22.46,1
50717.0,116,22.66,1
50722.0,117,22.85,1
50727.0,118,23.05,1
50732.0,119,23.24,1
50737.0,120,23.44,1
50747.0,119,23.24,0
50747.0,118,23.05,0
50747.0,117,22.85,0
50747.0,116,22.66,0
50747.0,115,22.46,0
50747.0,114,22.27,0
50747.0,113,22.07,0
50747.0,112,21.88,0
50780.0,111,21.68,0
50780.0,110,21.48,0
50780.0,109,21.29,0
50780.0,108,21.09,0
50780.0,107,20.90,0
50780.0,106,20.70,0
50780.0,105,20.51,0
50780.0,104,20.31,0
50843.0,103,20.12,0
50843.0,102,19.92,0
50843.0,101,19.73,0
50843.0,100,19.53,0
50843.0,99,19.34,0
50843.0,98,19.14,0
50843.0,97,18.95,0
50843.0,96,18.75,0
50894.0,97,18.95,1
50899.0,98,19.14,1
50904.0,99,19.34,1
50909.0,100,19.53,1
50914.0,101,19.73,1
50919.0,102,19.92,1
50924.0,103,20.12,1
50926.0,104,20.31,1
50929.0,105,20.51,1
50931.0,106,20.70,1
50936.0,107,20.90,1
50939.0,106,20.70,0
50939.0,105,20.51,0
50939.0,104,20.31,0
50939.0,103,20.12,0
50939.0,102,19.92,0
50939.0,101,19.73,0
50939.0,100,19.53,0
50939.0,99,19.34,0
50941.0,100,19.53,1
50951.0,101,19.73,1
50956.0,102,19.92,1
50961.0,103,20.12,1
50966.0,104,20.31,1
50971.0,103,20.12,0
50971.0,102,19.92,0
50971.0,101,19.73,0
50971.0,100,19.53,0
50971.0,99,19.34,0
50971.0,98,19.14,0
50971.0,97,18.95,0
50971.0,96,18.75,0
50990.0,97,18.95,1
50995.0,98,19.14,1
51000.0,99,19.34,1
51005.0,100,19.53,1
51010.0,99,19.34,0
51010.0,98,19.14,0
51010.0,97,18.95,0
51010.0,96,18.75,0
51010.0,95,18.55,0
51010.0,94,18.36,0
51010.0,93,18.16,0
51010.0,92,17.97,0
51015.0,93,18.16,1
51020.0,94,18.36,1
51025.0,95,18.55,1
51030.0,96,18.75,1
51054.0,97,18.95,1
51059.0,98,19.14,1
51064.0,99,19.34,1
51069.0,100,19.53,1
51074.0,101,19.73,1
51079.0,102,19.92,1
51084.0,103,20.12,1
51089.0,104,20.31,1
51135.5,103,20.12,0
51135.5,102,19.92,0
51135.5,101,19.73,0
51135.5,100,19.53,0
51135.5,99,19.34,0
51135.5,98,19.14,0
51135.5,97,18.95,0
51135.5,96,18.75,0
51150.0,97,18.95,1
51155.0,98,19.14,1
51160.0,99,19.34,1
51165.0,100,19.53,1
51170.0,101,19.73,1
51175.0,102,19.92,1
51180.0,103,20.12,1
51185.0,104,20.31,1
51228.0,103,20.12,0
51228.0,102,19.92,0
51228.0,101,19.73,0
51228.0,100,19.53,0
51228.0,99,19.34,0
51228.0,98,19.14,0
51228.0,97,18.95,0
51228.0,96,18.75,0
51259.0,95,18.55,0
51259.0,94,18.36,0
51259.0,93,18.16,0
51259.0,92,17.97,0
51259.0,91,17.77,0
51259.0,90,17.58,0
51259.0,89,17.38,0
51259.0,88,17.19,0
51310.0,89,17.38,1
51315.0,90,17.58,1
51320.0,91,17.77,1
51323.0,90,17.58,0
51323.0,89,17.38,0
51323.0,88,17.19,0
51323.0,87,16.99,0
51323.0,86,16.80,0
51323.0,85,16.60,0
51323.0,84,16.41,0
51323.0,83,16.21,0
51325.0,84,16.41,1
51335.0,85,16.60,1
51340.0,86,16.80,1
51345.0,87,16.99,1
51350.0,88,17.19,1
51374.0,89,17.38,1
51379.0,90,17.58,1
51384.0,91,17.77,1
51387.5,90,17.58,0
51387.5,89,17.38,0
51387.5,88,17.19,0
51387.5,87,16.99,0
51387.5,86,16.80,0
51387.5,85,16.60,0
51387.5,84,16.41,0
51387.5,83,16.21,0
51389.0,84,16.41,1
51399.0,85,16.60,1
51404.0,86,16.80,1
51409.0,87,16.99,1
51414.0,88,17.19,1
51419.0,89,17.38,1
51424.0,90,17.58,1
51429.0,91,17.77,1
51434.0,92,17.97,1
51435.0,91,17.77,0
51435.0,90,17.58,0
51435.0,89,17.38,0
51435.0,88,17.19,0
51435.0,87,16.99,0
51435.0,86,16.80,0
51435.0,85,16.60,0
51435.0,84,16.41,0
51439.0,85,16.60,1
51444.0,86,16.80,1
51449.0,87,16.99,1
51454.0,88,17.19,1
51464.0,87,16.99,0
51464.0,86,16.80,0
51464.0,85,16.60,0
51464.0,84,16.41,0
51464.0,83,16.21,0
51464.0,82,16.02,0
51464.0,81,15.82,0
51464.0,80,15.62,0
51502.0,81,15.82,1
51507.0,82,16.02,1
51512.0,83,16.21,1
51515.0,82,16.02,0
51515.0,81,15.82,0
51515.0,80,15.62,0
51515.0,79,15.43,0
51515.0,78,15.23,0
51515.0,77,15.04,0
51515.0,76,14.84,0
51515.0,75,14.65,0
51517.0,76,14.84,1
51527.0,77,15.04,1
51532.0,78,15.23,1
51537.0,79,15.43,1
51542.0,80,15.62,1
51547.0,79,15.43,0
51547.0,78,15.23,0
51547.0,77,15.04,0
51547.0,76,14.84,0
51547.0,75,14.65,0
51547.0,74,14.45,0
51547.0,73,14.26,0
51547.0,72,14.06,0
51662.0,73,14.26,1
51667.0,74,14.45,1
51672.0,75,14.65,1
51677.0,76,14.84,1
51682.0,77,15.04,1
51687.0,78,15.23,1
51692.0,79,15.43,1
51694.0,80,15.62,1
51697.0,81,15.82,1
51699.0,82,16.02,1
51704.0,83,16.21,1
51709.0,84,16.41,1
51714.0,85,16.60,1
51719.0,86,16.80,1
51724.0,87,16.99,1
51729.0,88,17.19,1
51739.0,87,16.99,0
51739.0,86,16.80,0
51739.0,85,16.60,0
51739.0,84,16.41,0
51739.0,83,16.21,0
51739.0,82,16.02,0
51739.0,81,15.82,0
51739.0,80,15.62,0
51771.0,79,15.43,0
51771.0,78,15.23,0
51771.0,77,15.04,0
51771.0,76,14.84,0
51771.0,75,14.65,0
51771.0,74,14.45,0
51771.0,73,14.26,0
51771.0,72,14.06,0
51835.5,71,13.87,0
51835.5,70,13.67,0
51835.5,69,13.48,0
51835.5,68,13.28,0
51835.5,67,13.09,0
51835.5,66,12.89,0
51835.5,65,12.70,0
51835.5,64,12.50,0
51899.0,63,12.30,0
51899.0,62,12.11,0
51899.0,61,11.91,0
51899.0,60,11.72,0
51899.0,59,11.52,0
51899.0,58,11.33,0
51899.0,57,11.13,0
51899.0,56,10.94,0
51995.0,55,10.74,0
51995.0,54,10.55,0
51995.0,53,10.35,0
51995.0,52,10.16,0
51995.0,51,9.96,0
51995.0,50,9.77,0
51995.0,49,9.57,0
51995.0,48,9.38,0
52155.0,47,9.18,0
52155.0,46,8.98,0
52155.0,45,8.79,0
52155.0,44,8.59,0
52155.0,43,8.40,0
52155.0,42,8.20,0
52155.0,41,8.01,0
52155.0,40,7.81,0
52219.0,39,7.62,0
52219.0,38,7.42,0
52219.0,37,7.23,0
52219.0,36,7.03,0
52219.0,35,6.84,0
52219.0,34,6.64,0
52219.0,33,6.45,0
52219.0,32,6.25,0
52264.0,31,6.05,0
52264.0,30,5.86,0
52264.0,29,5.66,0
52264.0,28,5.47,0
52264.0,27,5.27,0
52264.0,26,5.08,0
52264.0,25,4.88,0
52264.0,24,4.69,0
52347.0,23,4.49,0
52347.0,22,4.30,0
52347.0,21,4.10,0
52347.0,20,3.91,0
52347.0,19,3.71,0
52347.0,18,3.52,0
52347.0,17,3.32,0
52347.0,16,3.12,0
52507.0,15,2.93,0
52507.0,14,2.73,0
52507.0,13,2.54,0
52507.0,12,2.34,0
52507.0,11,2.15,0
52507.0,10,1.95,0
52507.0,9,1.76,0
52507.0,8,1.56,0
52539.0,7,1.37,0
52539.0,6,1.17,0
52539.0,5,0.98,0
52539.0,4,0.78,0
52539.0,3,0.59,0
52539.0,2,0.39,0
52539.0,1,0.20,0
52539.0,0,0.00,0
